#
# A fatal error has been detected by the Java Runtime Environment:
#
#  SIGBUS (0xa) at pc=0x00000001175a14e4, pid=19490, tid=45071
#
# JRE version: OpenJDK Runtime Environment Temurin-17.0.8+7 (17.0.8+7) (build 17.0.8+7)
# Java VM: OpenJDK 64-Bit Server VM Temurin-17.0.8+7 (17.0.8+7, mixed mode, tiered, compressed oops, compressed class ptrs, g1 gc, bsd-aarch64)
# Problematic frame:
# v  ~StubRoutines::SafeFetch32
#
# No core dump will be written. Core dumps have been disabled. To enable core dumping, try "ulimit -c unlimited" before starting Java again
#
# If you would like to submit a bug report, please visit:
#   https://github.com/adoptium/adoptium-support/issues
#

---------------  S U M M A R Y ------------

Command Line: -Xss1M -Djava.library.path=/Users/bowieconnors/Documents/GitHub/Install/natives/forge-47.4.15 -Djna.tmpdir=/Users/bowieconnors/Documents/GitHub/Install/natives/forge-47.4.15 -Dorg.lwjgl.system.SharedLibraryExtractPath=/Users/bowieconnors/Documents/GitHub/Install/natives/forge-47.4.15 -Dio.netty.native.workdir=/Users/bowieconnors/Documents/GitHub/Install/natives/forge-47.4.15 -Dminecraft.launcher.brand=CurseForge -Dminecraft.launcher.version=1.310.1.35445 -Djava.net.preferIPv6Addresses=system -DignoreList=bootstraplauncher,securejarhandler,asm-commons,asm-util,asm-analysis,asm-tree,asm,JarJarFileSystems,client-extra,fmlcore,javafmllanguage,lowcodelanguage,mclanguage,forge-,forge-47.4.15.jar,forge-47.4.15 -DmergeModules=jna-5.10.0.jar,jna-platform-5.10.0.jar -DlibraryDirectory=/Users/bowieconnors/Documents/GitHub/Install/libraries --module-path=/Users/bowieconnors/Documents/GitHub/Install/libraries/cpw/mods/bootstraplauncher/1.1.2/bootstraplauncher-1.1.2.jar:/Users/bowieconnors/Documents/GitHub/Install/libraries/cpw/mods/securejarhandler/2.1.10/securejarhandler-2.1.10.jar:/Users/bowieconnors/Documents/GitHub/Install/libraries/org/ow2/asm/asm-commons/9.8/asm-commons-9.8.jar:/Users/bowieconnors/Documents/GitHub/Install/libraries/org/ow2/asm/asm-util/9.8/asm-util-9.8.jar:/Users/bowieconnors/Documents/GitHub/Install/libraries/org/ow2/asm/asm-analysis/9.8/asm-analysis-9.8.jar:/Users/bowieconnors/Documents/GitHub/Install/libraries/org/ow2/asm/asm-tree/9.8/asm-tree-9.8.jar:/Users/bowieconnors/Documents/GitHub/Install/libraries/org/ow2/asm/asm/9.8/asm-9.8.jar:/Users/bowieconnors/Documents/GitHub/Install/libraries/net/minecraftforge/JarJarFileSystems/0.3.19/JarJarFileSystems-0.3.19.jar --add-modules=ALL-MODULE-PATH --add-opens=java.base/java.util.jar=cpw.mods.securejarhandler --add-opens=java.base/java.lang.invoke=cpw.mods.securejarhandler --add-exports=java.base/sun.security.util=cpw.mods.securejarhandler --add-exports=jdk.naming.dns/com.sun.jndi.dns=java.naming -Xmx10016m -Xms256m -Dfml.ignorePatchDiscrepancies=true -Dfml.ignoreInvalidMinecraftCertificates=true -DlibraryDirectory=/Users/bowieconnors/Documents/GitHub/Install/libraries -Duser.language=en -DCFInstanceId=c5e93fd9-9045-4aff-be40-92f8a3e24ad6 -Dlog4j.configurationFile=/Users/bowieconnors/Documents/GitHub/Install/assets/log_configs/client-1.12.xml cpw.mods.bootstraplauncher.BootstrapLauncher --username _Apotheotic_ --version forge-47.4.15 --gameDir /Users/bowieconnors/Documents/GitHub/Instances/The-Forest---Development/ --assetsDir /Users/bowieconnors/Documents/GitHub/Install/assets --assetIndex 5 --uuid aa88add0bc484e1dbc7ddeac2d196c19 --accessToken eyJraWQiOiIwNDkxODEiLCJhbGciOiJSUzI1NiJ9.eyJ4dWlkIjoiMjUzNTQzNjg5MzY3ODk4OSIsImFnZyI6IkFkdWx0Iiwic3ViIjoiYmY4YzkyNWQtYjQxMy00ODQ1LThhMDEtNzI1YzBiZWZlMmIyIiwiYXV0aCI6IlhCT1giLCJwZmlkIjoiNURFN0M0MzUwM0Y1MEEwRiIsIm5zIjoiZGVmYXVsdCIsInJvbGVzIjpbXSwiaXNzIjoiYXV0aGVudGljYXRpb24iLCJmbGFncyI6WyJtdWx0aXBsYXllciJdLCJwcm9maWxlcyI6eyJtYyI6ImFhODhhZGQwLWJjNDgtNGUxZC1iYzdkLWRlYWMyZDE5NmMxOSJ9LCJtaWQiOiI1REU3QzQzNTAzRjUwQTBGIiwicG1pZCI6ImQ3NTk2MTA3LWI1MDctNWI3Ny1hZGY5LTkyZGQ4NDYyNzc3NiIsInBsYXRmb3JtIjoiUENfTEFVTkNIRVIiLCJ0aWQiOiJFOTlCMCIsInBmZCI6W3sidHlwZSI6Im1jIiwiaWQiOiJhYTg4YWRkMC1iYzQ4LTRlMWQtYmM3ZC1kZWFjMmQxOTZjMTkiLCJuYW1lIjoiX0Fwb3RoZW90aWNfIn1dLCJ4aWQiOiIyNTM1NDM2ODkzNjc4OTg5IiwibmJmIjoxNzgzNDE4MzE5LCJleHAiOjE3ODM1MDQ3MTksImlhdCI6MTc4MzQxODMxOSwiYWlkIjoiZDViMmUwNzktMmMyYy00YWRlLTlkYWItMWMxZWIyMDQxNjJhIn0.hZsuZLCLvaEwwXSMbdLpI9Ux3wP9ZKkomw2CjiuaqLvrEYe_i3iM19QOa-gGMuALXsAA2oRR2_r4DNhk3UbAvXQ3n39comgIBK24L9XNpcyewXpIdsX9RfFUQ4gEUglBCgcLdpk_TIlAi7TQiZQuOtc-ubFi0JoRYWfrnmzSg-dFUV3mVjwEzHiz8LDOeqj1ed7XFj5vBL1cMyTpmnx6Wh7h5McLHVxmWPDirxFmFqtj9d12qKWpCDEpa9tXWVh_8njI93KmwmtgDhc6wmZDN9A3tXsZeUIKQLyQ1OWRulGXGubJ_XY4jc9ffGtto7PvKcP3S9H6vFfNFARdVnNGCw --clientId 253e44-50abf3-e39cc3-82f0e7-6ebef1 --xuid 2535436893678989 --userType msa --versionType release --width 1024 --height 768 --quickPlayPath /Users/bowieconnors/Documents/GitHub/Quickplay/c5e93fd9-9045-4aff-be40-92f8a3e24ad6.json    --launchTarget forgeclient --fml.forgeVersion 47.4.15 --fml.mcVersion 1.20.1 --fml.forgeGroup net.minecraftforge --fml.mcpVersion 20230612.114412

Host: "MacBookAir10,1" arm64, 8 cores, 16G, Darwin 25.5.0, macOS 26.5.1 (25F80)
Time: Tue Jul  7 20:00:55 2026 AEST elapsed time: 132.237562 seconds (0d 0h 2m 12s)

---------------  T H R E A D  ---------------

Current thread (0x00000001366cfa00):  JavaThread "Server thread" [_thread_in_Java, id=45071, stack(0x000000033c3ec000,0x000000033c4ef000)]

Stack: [0x000000033c3ec000,0x000000033c4ef000],  sp=0x000000033c4ebda0,  free space=1023k
Native frames: (J=compiled Java code, j=interpreted, Vv=VM code, C=native code)
v  ~StubRoutines::SafeFetch32
V  [libjvm.dylib+0x7c605c]  os::is_readable_range(void const*, void const*)+0x2c
V  [libjvm.dylib+0x77346c]  Method::is_valid_method(Method const*)+0x38
V  [libjvm.dylib+0x35db4c]  forte_fill_call_trace_given_top(JavaThread*, ASGCT_CallTrace*, int, frame)+0x460
V  [libjvm.dylib+0x35d6c4]  AsyncGetCallTrace+0x1e0
C  [spark-18dbdd7bbf4b-libasyncProfiler.so.tmp+0x20dc0]  Profiler::getJavaTraceAsync(void*, ASGCT_CallFrame*, int, StackContext*)+0x15c
C  [spark-18dbdd7bbf4b-libasyncProfiler.so.tmp+0x21cf8]  Profiler::recordSample(void*, unsigned long long, int, Event*)+0x1c4
C  [spark-18dbdd7bbf4b-libasyncProfiler.so.tmp+0x2df9c]  WallClock::signalHandler(int, __siginfo*, void*)+0xb0
C  [libsystem_platform.dylib+0x3744]  _sigtramp+0x38


siginfo: si_signo: 10 (SIGBUS), si_code: 1 (BUS_ADRALN), si_addr: 0x00000001175a14e4

Register to memory mapping:

 x0=0x0000000160360000 is pointing into metadata
 x1=3405691582 is a compressed pointer to object: [B 
{0x0000000657f5d5f0} - klass: {type array byte}
 - length: 4
 x2=0x000000010a42d84c: _ZNK8CodeHeap16find_blob_unsafeEPv+0 in /Users/bowieconnors/Documents/GitHub/Install/java/java-runtime-gamma/Contents/Home/lib/server/libjvm.dylib at 0x000000010a010000
 x3=0x000000033c4ec9a0 is pointing into the stack for thread: 0x00000001366cfa00
 x4=0x000000033c4ecc00 is pointing into the stack for thread: 0x00000001366cfa00
 x5=0x000000033c4ecc00 is pointing into the stack for thread: 0x00000001366cfa00
 x6=0x000000000000005f is an unknown value
 x7=0x00000006f8d02288 is an oop: java.lang.invoke.MethodType 
{0x00000006f8d02288} - klass: 'java/lang/invoke/MethodType'
 - ---- fields (total size 5 words):
 - private final synchronized 'rtype' 'Ljava/lang/Class;' @12  a 'java/lang/Class'{0x000000058e128800} = 'java/lang/Integer' (b1c25100)
 - private final synchronized 'ptypes' '[Ljava/lang/Class;' @16  a 'java/lang/Class'[1] {0x00000006f8d02270} (df1a044e)
 - private synchronized 'form' 'Ljava/lang/invoke/MethodTypeForm;' @20  a 'java/lang/invoke/MethodTypeForm'{0x000000058e1197e0} (b1c232fc)
 - private synchronized 'wrapAlt' 'Ljava/lang/Object;' @24  NULL (0)
 - private synchronized 'invokers' 'Ljava/lang/invoke/Invokers;' @28  NULL (0)
 - private synchronized 'methodDescriptor' 'Ljava/lang/String;' @32  NULL (0)
 - signature: (Lnet/minecraftforge/fluids/FluidStack;)Ljava/lang/Integer;
 x8=0x00000001175a14e0 is at begin+0 in a stub
StubRoutines::SafeFetch32 [0x00000001175a14e0, 0x00000001175a14ec] (12 bytes)
 x9=0x0000000000000003 is an unknown value
x10=0x0000000104e90000 points into unknown readable memory: 0x0100050403020100 | 00 01 02 03 04 05 00 01
x11=0x000000000002d779 is an unknown value
x12=0x000000000002d779 is an unknown value
x13=0x0 is NULL
x14=0x000000000000005f is an unknown value
x15=0x0 is NULL
x16=0x0000000187854c8c: pthread_getspecific+0 in /usr/lib/system/libsystem_pthread.dylib at 0x0000000187853000
x17=0x0000000354cec010 points into unknown readable memory: 0xfffffffffffffffe | fe ff ff ff ff ff ff ff
x18=0x0 is NULL
x19=0x0000000160360000 is pointing into metadata
x20=0x00000001366cfa00 is a thread
x21=0x0000000000000001 is an unknown value
x22={method} {0x00000001603608d8} '<init>' '(Ljava/lang/invoke/MethodHandles$Lookup;Ljava/lang/invoke/MethodType;Ljava/lang/String;Ljava/lang/invoke/MethodType;Ljava/lang/invoke/MethodHandle;Ljava/lang/invoke/MethodType;Z[Ljava/lang/Class;[Ljava/lang/invoke/MethodType;)V' in 'java/lang/invoke/AbstractValidatingLambdaMetafactory'
x23=0x000000010ac7b9c0: _ZN12StubRoutines18_safefetch32_entryE+0 in /Users/bowieconnors/Documents/GitHub/Install/java/java-runtime-gamma/Contents/Home/lib/server/libjvm.dylib at 0x000000010a010000
x24=3405691582 is a compressed pointer to object: [B 
{0x0000000657f5d5f0} - klass: {type array byte}
 - length: 4
x25=0x00000001191f3088 is at entry_point+12104 in (nmethod*)0x00000001191efc90
x26=0x000000033c4ec980 is pointing into the stack for thread: 0x00000001366cfa00
x27=0x0000000000000002 is an unknown value
x28=0x00000001191f0140 is at entry_point+0 in (nmethod*)0x00000001191efc90


Registers:
 x0=0x0000000160360000  x1=0x00000000cafebabe  x2=0x000000010a42d84c  x3=0x000000033c4ec9a0
 x4=0x000000033c4ecc00  x5=0x000000033c4ecc00  x6=0x000000000000005f  x7=0x00000006f8d02288
 x8=0x00000001175a14e0  x9=0x0000000000000003 x10=0x0000000104e90000 x11=0x000000000002d779
x12=0x000000000002d779 x13=0x0000000000000000 x14=0x000000000000005f x15=0x0000000000000000
x16=0x0000000187854c8c x17=0x0000000354cec010 x18=0x0000000000000000 x19=0x0000000160360000
x20=0x00000001366cfa00 x21=0x0000000000000001 x22=0x00000001603608d8 x23=0x000000010ac7b9c0
x24=0x00000000cafebabe x25=0x00000001191f3088 x26=0x000000033c4ec980 x27=0x0000000000000002
x28=0x00000001191f0140  fp=0x000000033c4ebdd0  lr=0x000000010a7d5a5c  sp=0x000000033c4ebda0
pc=0x00000001175a14e4 cpsr=0x0000000060001000
Top of Stack: (sp=0x000000033c4ebda0)
0x000000033c4ebda0:   00000001191f0a61 00000001191efc90
0x000000033c4ebdb0:   00000001603608d8 00000001366cfa00
0x000000033c4ebdc0:   0000000160360000 0000000160360930
0x000000033c4ebdd0:   000000033c4ebdf0 000000010a7d605c
0x000000033c4ebde0:   0000000000000800 00000001603608d8
0x000000033c4ebdf0:   000000033c4ebe10 000000010a78346c
0x000000033c4ebe00:   0000000000000800 000000033c4ecb60
0x000000033c4ebe10:   000000033c4eca80 000000010a36db4c
0x000000033c4ebe20:   0000000000000000 0000000000000000
0x000000033c4ebe30:   0000000000000000 0000000000000000
0x000000033c4ebe40:   0000000000000000 0000000000000000
0x000000033c4ebe50:   0000000000000000 0000000000000000
0x000000033c4ebe60:   0000000000000000 0000000000000000
0x000000033c4ebe70:   0000000000000000 0000000000000000
0x000000033c4ebe80:   0000000000000000 0000000000000000
0x000000033c4ebe90:   0000000000000000 0000000000000000
0x000000033c4ebea0:   0000000000000000 0000000000000000
0x000000033c4ebeb0:   0000000000000000 0000000000000000
0x000000033c4ebec0:   0000000000000000 0000000000000000
0x000000033c4ebed0:   0000000000000000 0000000000000000
0x000000033c4ebee0:   0000000000000000 0000000000000000
0x000000033c4ebef0:   0000000000000000 0000000000000000
0x000000033c4ebf00:   0000000000000000 0000000000000000
0x000000033c4ebf10:   0000000000000000 0000000000000000
0x000000033c4ebf20:   0000000000000000 0000000000000000
0x000000033c4ebf30:   0000000000000000 0000000000000000
0x000000033c4ebf40:   0000000000000000 0000000000000000
0x000000033c4ebf50:   0000000000000000 0000000000000000
0x000000033c4ebf60:   0000000000000000 0000000000000000
0x000000033c4ebf70:   0000000000000000 0000000000000000
0x000000033c4ebf80:   0000000000000000 0000000000000000
0x000000033c4ebf90:   0000000000000000 0000000000000000 

Instructions: (pc=0x00000001175a14e4)
0x00000001175a13e4:   1e614000 1400003a d2822809 f2a158a9
0x00000001175a13f4:   f2c00029 6d425935 1e640886 0c402d31
0x00000001175a1404:   1e6408c7 1f5654d0 1e6c1017 1f5050d0
0x00000001175a1414:   1f504cd0 1f5048d0 1e650af6 1f50d8f6
0x00000001175a1424:   1f5694d6 1f5158f6 1e762880 36000501
0x00000001175a1434:   1e614000 14000026 2e251ca5 d2823009
0x00000001175a1444:   f2a158a9 f2c00029 6d425d36 1e600806
0x00000001175a1454:   0c402d32 1f5758c7 1e6c101a 1f4754c7
0x00000001175a1464:   1e650805 1f4750c7 d2866668 f2a7fa68
0x00000001175a1474:   1f474cc7 1e6608c0 1f4748c7 1e6e1019
0x00000001175a1484:   eb08007f 540000ac 1f479400 1f460340
0x00000001175a1494:   1e603b20 1400000e d2a7fd29 eb09007f
0x00000001175a14a4:   540000ac 51480069 d3607d29 9e670121
0x00000001175a14b4:   14000002 1e6a5001 1f679417 1f668742
0x00000001175a14c4:   1e613b23 1e773857 1e773860 a8c17ff3
0x00000001175a14d4:   910003bf a8c17bfd d65f03c0 b9400001
0x00000001175a14e4:   aa0103e0 d65f03c0 f9400001 aa0103e0
0x00000001175a14f4:   d65f03c0 00000000 00000000 00000000
0x00000001175a1504:   00000000 00000000 00000000 00000000
0x00000001175a1514:   00000000 00000000 00000000 00000000
0x00000001175a1524:   00000000 00000000 00000000 00000000
0x00000001175a1534:   00000000 00000000 00000000 00000000
0x00000001175a1544:   00000000 00000000 00000000 00000000
0x00000001175a1554:   00000000 00000000 00000000 00000000
0x00000001175a1564:   00000000 00000000 00000000 00000000
0x00000001175a1574:   00000000 00000000 00000000 00000000
0x00000001175a1584:   00000000 00000000 00000000 00000000
0x00000001175a1594:   00000000 00000000 00000000 00000000
0x00000001175a15a4:   00000000 00000000 00000000 00000000
0x00000001175a15b4:   00000000 00000000 00000000 00000000
0x00000001175a15c4:   00000000 00000000 00000000 00000000
0x00000001175a15d4:   00000000 00000000 00000000 00000000 


Stack slot to memory mapping:
stack at sp + 0 slots: 0x00000001191f0a61 is at entry_point+2337 in (nmethod*)0x00000001191efc90
stack at sp + 1 slots: 0x00000001191efc90 is at entry_point+-1200 in (nmethod*)0x00000001191efc90
stack at sp + 2 slots: {method} {0x00000001603608d8} '<init>' '(Ljava/lang/invoke/MethodHandles$Lookup;Ljava/lang/invoke/MethodType;Ljava/lang/String;Ljava/lang/invoke/MethodType;Ljava/lang/invoke/MethodHandle;Ljava/lang/invoke/MethodType;Z[Ljava/lang/Class;[Ljava/lang/invoke/MethodType;)V' in 'java/lang/invoke/AbstractValidatingLambdaMetafactory'
stack at sp + 3 slots: 0x00000001366cfa00 is a thread
stack at sp + 4 slots: 0x0000000160360000 is pointing into metadata
stack at sp + 5 slots: 0x0000000160360930 is pointing into metadata
stack at sp + 6 slots: 0x000000033c4ebdf0 is pointing into the stack for thread: 0x00000001366cfa00
stack at sp + 7 slots: 0x000000010a7d605c: _ZN2os17is_readable_rangeEPKvS1_+0x2c in /Users/bowieconnors/Documents/GitHub/Install/java/java-runtime-gamma/Contents/Home/lib/server/libjvm.dylib at 0x000000010a010000

StubRoutines::SafeFetch32 [0x00000001175a14e0, 0x00000001175a14ec] (12 bytes)
[MachCode]
  0x00000001175a14e0: 0100 40b9 | e003 01aa | c003 5fd6 
[/MachCode]

---------------  P R O C E S S  ---------------

Threads class SMR info:
_java_thread_list=0x00000003ac218f10, length=150, elements={
0x000000013480be00, 0x00000001330a0800, 0x00000001330a3000, 0x00000001330a0e00,
0x00000001330a1400, 0x00000001330a1a00, 0x0000000133814400, 0x00000001330a2000,
0x00000001330a2600, 0x00000001330a3c00, 0x000000013482aa00, 0x00000001334ec200,
0x00000001337b5000, 0x000000012701b000, 0x0000000134e37800, 0x000000013583a800,
0x0000000131f0ae00, 0x0000000134cafc00, 0x0000000133224000, 0x00000001358afc00,
0x0000000135bba200, 0x000000013500e600, 0x00000001098eae00, 0x0000000134e4a600,
0x0000000134f56400, 0x00000001335bbc00, 0x0000000133c3ee00, 0x0000000127ae1a00,
0x0000000134ed6600, 0x0000000134faae00, 0x00000001335c9200, 0x0000000134f05600,
0x0000000127008200, 0x0000000135bddc00, 0x0000000133c50e00, 0x0000000135be3e00,
0x00000001272f0600, 0x0000000135be4c00, 0x00000001317ad800, 0x00000001317ade00,
0x0000000133c94800, 0x00000001316cfc00, 0x00000001358db400, 0x0000000134cc5e00,
0x0000000133ea7200, 0x00000001273a0e00, 0x0000000133ea9200, 0x0000000109af1000,
0x00000001361aa200, 0x0000000131eaf800, 0x000000013489c400, 0x00000001361b1e00,
0x0000000127ae7000, 0x0000000135850400, 0x0000000109818c00, 0x0000000131c23200,
0x00000001378df400, 0x00000001378d8600, 0x000000013489ae00, 0x0000000127361000,
0x0000000127361600, 0x0000000130011c00, 0x00000001273ef400, 0x0000000130012200,
0x00000001273efa00, 0x00000001301e3a00, 0x0000000127c39c00, 0x0000000127aedc00,
0x00000001273fbe00, 0x0000000127aee200, 0x00000001273fc400, 0x0000000127aee800,
0x00000001273fca00, 0x0000000136351c00, 0x00000001378d3400, 0x000000013175ac00,
0x0000000134ed0600, 0x000000013278d200, 0x000000013157e800, 0x0000000131575600,
0x0000000135bb1c00, 0x0000000127b1b800, 0x0000000135bb2200, 0x00000001327d5000,
0x0000000131e08400, 0x0000000133eb0c00, 0x0000000133c9b600, 0x000000013165cc00,
0x0000000132794000, 0x0000000135b16200, 0x0000000136227a00, 0x00000001358ac200,
0x0000000137840a00, 0x0000000133e7c600, 0x0000000131685800, 0x000000013370e400,
0x0000000137840400, 0x00000001272ed600, 0x0000000131677400, 0x000000013213c200,
0x0000000136334c00, 0x0000000137959600, 0x000000013795f000, 0x0000000135b4c400,
0x0000000137943800, 0x000000013521e400, 0x0000000109a7d200, 0x00000001327fea00,
0x0000000135888800, 0x0000000133c1bc00, 0x0000000127aeba00, 0x0000000135c3ac00,
0x00000001335e4600, 0x0000000133adda00, 0x0000000133ae4600, 0x0000000131eca600,
0x00000001335e3e00, 0x00000001359d9a00, 0x00000001321c2800, 0x0000000127362400,
0x0000000131657600, 0x0000000136244a00, 0x0000000109a8f400, 0x000000013785ca00,
0x00000001317bca00, 0x0000000135b5a000, 0x00000001336f6200, 0x0000000136238800,
0x0000000135f49400, 0x0000000133b89c00, 0x0000000135f01e00, 0x0000000131762400,
0x0000000133612400, 0x0000000130984400, 0x00000001358d0400, 0x000000013664e000,
0x0000000134be2800, 0x0000000134bdf000, 0x0000000134be2000, 0x000000013053fc00,
0x0000000134be6a00, 0x0000000109a9f400, 0x00000001098efa00, 0x0000000130dbec00,
0x00000001366cfa00, 0x0000000109a8d400, 0x000000013635fe00, 0x0000000134bc1e00,
0x0000000134bc0e00, 0x0000000130e5e400
}

Java Threads: ( => current thread )
  0x000000013480be00 JavaThread "Render thread" [_thread_blocked, id=259, stack(0x000000016aa58000,0x000000016b254000)]
  0x00000001330a0800 JavaThread "Reference Handler" daemon [_thread_blocked, id=19459, stack(0x000000016bf2c000,0x000000016c02f000)]
  0x00000001330a3000 JavaThread "Finalizer" daemon [_thread_blocked, id=18179, stack(0x000000016c038000,0x000000016c13b000)]
  0x00000001330a0e00 JavaThread "Signal Dispatcher" daemon [_thread_blocked, id=31491, stack(0x000000016c25c000,0x000000016c35f000)]
  0x00000001330a1400 JavaThread "Service Thread" daemon [_thread_blocked, id=31235, stack(0x000000016c368000,0x000000016c46b000)]
  0x00000001330a1a00 JavaThread "Monitor Deflation Thread" daemon [_thread_blocked, id=23299, stack(0x000000016c474000,0x000000016c577000)]
  0x0000000133814400 JavaThread "C2 CompilerThread0" daemon [_thread_blocked, id=30979, stack(0x000000016c580000,0x000000016c783000)]
  0x00000001330a2000 JavaThread "C1 CompilerThread0" daemon [_thread_blocked, id=23811, stack(0x000000016c78c000,0x000000016c98f000)]
  0x00000001330a2600 JavaThread "Sweeper thread" daemon [_thread_blocked, id=24067, stack(0x000000016c998000,0x000000016ca9b000)]
  0x00000001330a3c00 JavaThread "Common-Cleaner" daemon [_thread_blocked, id=24579, stack(0x000000016caa4000,0x000000016cba7000)]
  0x000000013482aa00 JavaThread "Notification Thread" daemon [_thread_blocked, id=24835, stack(0x000000016cbb0000,0x000000016ccb3000)]
  0x00000001334ec200 JavaThread "LauncherLogger-Worker" daemon [_thread_blocked, id=33027, stack(0x000000016e034000,0x000000016e137000)]
  0x00000001337b5000 JavaThread "JNA Cleaner" daemon [_thread_blocked, id=43011, stack(0x000000016e140000,0x000000016e243000)]
  0x000000012701b000 JavaThread "ForkJoinPool.commonPool-worker-1" daemon [_thread_blocked, id=39427, stack(0x000000016f304000,0x000000016f407000)]
  0x0000000134e37800 JavaThread "ForkJoinPool.commonPool-worker-2" daemon [_thread_blocked, id=36867, stack(0x000000016f410000,0x000000016f513000)]
  0x000000013583a800 JavaThread "Thread-4" daemon [_thread_blocked, id=41483, stack(0x000000016df28000,0x000000016e02b000)]
  0x0000000131f0ae00 JavaThread "FileSystemWatcher" daemon [_thread_blocked, id=37635, stack(0x000000016f728000,0x000000016f82b000)]
  0x0000000134cafc00 JavaThread "Timer hack thread" daemon [_thread_blocked, id=26147, stack(0x000000016f51c000,0x000000016f61f000)]
  0x0000000133224000 JavaThread "Yggdrasil Key Fetcher" daemon [_thread_blocked, id=43779, stack(0x000000016fc4c000,0x000000016fd4f000)]
  0x00000001358afc00 JavaThread "Essential Thread 1" daemon [_thread_blocked, id=38667, stack(0x000000016fa40000,0x000000016fb43000)]
  0x0000000135bba200 JavaThread "DefaultDispatcher-worker-1" daemon [_thread_blocked, id=64771, stack(0x000000016fe64000,0x000000016ff67000)]
  0x000000013500e600 JavaThread "Essential Thread 2" daemon [_thread_blocked, id=63747, stack(0x000000031c21c000,0x000000031c31f000)]
  0x00000001098eae00 JavaThread "FileSystemWatcher" daemon [_thread_blocked, id=63235, stack(0x000000031c328000,0x000000031c42b000)]
  0x0000000134e4a600 JavaThread "Timer-1" daemon [_thread_blocked, id=62979, stack(0x000000031c434000,0x000000031c537000)]
  0x0000000134f56400 JavaThread "Essential Thread 3" daemon [_thread_blocked, id=62467, stack(0x000000031c540000,0x000000031c643000)]
  0x00000001335bbc00 JavaThread "OkHttp TaskRunner" daemon [_thread_blocked, id=61699, stack(0x000000031c864000,0x000000031c967000)]
  0x0000000133c3ee00 JavaThread "OkHttp ConnectionPool connection closer" daemon [_thread_blocked, id=38435, stack(0x000000016f834000,0x000000016f937000)]
  0x0000000127ae1a00 JavaThread "OkHttp api.minecraftservices.com" daemon [_thread_in_native, id=46083, stack(0x000000031ca7c000,0x000000031cb7f000)]
  0x0000000134ed6600 JavaThread "Essential Thread 4" daemon [_thread_blocked, id=46595, stack(0x000000031cc94000,0x000000031cd97000)]
  0x0000000134faae00 JavaThread "Essential Thread 5" daemon [_thread_blocked, id=46851, stack(0x000000031cda0000,0x000000031cea3000)]
  0x00000001335c9200 JavaThread "Essential Thread 6" daemon [_thread_blocked, id=47107, stack(0x000000031ceac000,0x000000031cfaf000)]
  0x0000000134f05600 JavaThread "Essential Thread 7" daemon [_thread_blocked, id=59907, stack(0x000000031cfb8000,0x000000031d0bb000)]
  0x0000000127008200 JavaThread "Essential Thread 8" daemon [_thread_blocked, id=59651, stack(0x000000031d0c4000,0x000000031d1c7000)]
  0x0000000135bddc00 JavaThread "WebSocketConnectReadThread-64" daemon [_thread_in_native, id=47875, stack(0x000000031d1d0000,0x000000031d2d3000)]
  0x0000000133c50e00 JavaThread "WebSocketWriteThread-65" daemon [_thread_blocked, id=56323, stack(0x000000031d2dc000,0x000000031d3df000)]
  0x0000000135be3e00 JavaThread "Cleaner-0" daemon [_thread_blocked, id=50179, stack(0x000000031d3e8000,0x000000031d4eb000)]
  0x00000001272f0600 JavaThread "ForkJoinPool.commonPool-worker-3" daemon [_thread_blocked, id=55555, stack(0x000000031d4f4000,0x000000031d5f7000)]
  0x0000000135be4c00 JavaThread "ForkJoinPool.commonPool-worker-4" daemon [_thread_blocked, id=55299, stack(0x000000031d600000,0x000000031d703000)]
  0x00000001317ad800 JavaThread "ForkJoinPool.commonPool-worker-5" daemon [_thread_blocked, id=54787, stack(0x000000031d70c000,0x000000031d80f000)]
  0x00000001317ade00 JavaThread "ForkJoinPool.commonPool-worker-6" daemon [_thread_blocked, id=54531, stack(0x000000031d818000,0x000000031d91b000)]
  0x0000000133c94800 JavaThread "ForkJoinPool.commonPool-worker-7" daemon [_thread_blocked, id=50947, stack(0x000000031d924000,0x000000031da27000)]
  0x00000001316cfc00 JavaThread "Essential Thread 9" daemon [_thread_blocked, id=39955, stack(0x000000016f1f8000,0x000000016f2fb000)]
  0x00000001358db400 JavaThread "Essential Thread 10" daemon [_thread_blocked, id=89395, stack(0x000000032ce88000,0x000000032cf8b000)]
  0x0000000134cc5e00 JavaThread "modloading-worker-0" daemon [_thread_blocked, id=92431, stack(0x000000032d104000,0x000000032d207000)]
  0x0000000133ea7200 JavaThread "modloading-worker-0" daemon [_thread_blocked, id=124167, stack(0x000000032d210000,0x000000032d313000)]
  0x00000001273a0e00 JavaThread "modloading-worker-0" daemon [_thread_blocked, id=93711, stack(0x000000032d31c000,0x000000032d41f000)]
  0x0000000133ea9200 JavaThread "modloading-worker-0" daemon [_thread_blocked, id=93955, stack(0x000000032d428000,0x000000032d52b000)]
  0x0000000109af1000 JavaThread "modloading-worker-0" daemon [_thread_blocked, id=120835, stack(0x000000032d534000,0x000000032d637000)]
  0x00000001361aa200 JavaThread "modloading-worker-0" daemon [_thread_blocked, id=120579, stack(0x000000032d640000,0x000000032d743000)]
  0x0000000131eaf800 JavaThread "modloading-worker-0" daemon [_thread_blocked, id=120067, stack(0x000000032d74c000,0x000000032d84f000)]
  0x000000013489c400 JavaThread "HttpClient-3-SelectorManager" daemon [_thread_in_native, id=117763, stack(0x000000032e204000,0x000000032e307000)]
  0x00000001361b1e00 JavaThread "JEI Config File Watcher" daemon [_thread_blocked, id=94983, stack(0x000000032dd10000,0x000000032de13000)]
  0x0000000127ae7000 JavaThread "FileSystemWatcher" daemon [_thread_blocked, id=98099, stack(0x000000032ee04000,0x000000032ef07000)]
  0x0000000135850400 JavaThread "FileSystemWatcher" daemon [_thread_blocked, id=98319, stack(0x000000032f304000,0x000000032f407000)]
  0x0000000109818c00 JavaThread "UnionLib Toml Reader 0" daemon [_thread_blocked, id=115715, stack(0x000000032f410000,0x000000032f513000)]
  0x0000000131c23200 JavaThread "FileSystemWatcher" daemon [_thread_blocked, id=115459, stack(0x000000032fa04000,0x000000032fb07000)]
  0x00000001378df400 JavaThread "KubeJS Background Thread" daemon [_thread_blocked, id=100871, stack(0x0000000334604000,0x0000000334707000)]
  0x00000001378d8600 JavaThread "pool-7-thread-1" [_thread_blocked, id=101123, stack(0x0000000334c04000,0x0000000334d07000)]
  0x000000013489ae00 JavaThread "Thread-23" daemon [_thread_blocked, id=114451, stack(0x0000000334e1c000,0x0000000334f1f000)]
  0x0000000127361000 JavaThread "Thread-24" daemon [_thread_blocked, id=102403, stack(0x0000000334f28000,0x000000033502b000)]
  0x0000000127361600 JavaThread "Thread-25" daemon [_thread_blocked, id=114179, stack(0x0000000335034000,0x0000000335137000)]
  0x0000000130011c00 JavaThread "Thread-26" daemon [_thread_blocked, id=113667, stack(0x0000000335140000,0x0000000335243000)]
  0x00000001273ef400 JavaThread "Thread-27" daemon [_thread_blocked, id=113411, stack(0x000000033524c000,0x000000033534f000)]
  0x0000000130012200 JavaThread "Thread-28" daemon [_thread_blocked, id=112899, stack(0x0000000335358000,0x000000033545b000)]
  0x00000001273efa00 JavaThread "Thread-29" daemon [_thread_blocked, id=112643, stack(0x0000000335464000,0x0000000335567000)]
  0x00000001301e3a00 JavaThread "Thread-30" daemon [_thread_blocked, id=103427, stack(0x0000000335570000,0x0000000335673000)]
  0x0000000127c39c00 JavaThread "Thread-31" daemon [_thread_blocked, id=103939, stack(0x000000033567c000,0x000000033577f000)]
  0x0000000127aedc00 JavaThread "Thread-32" daemon [_thread_blocked, id=112131, stack(0x0000000335788000,0x000000033588b000)]
  0x00000001273fbe00 JavaThread "Thread-33" daemon [_thread_blocked, id=111875, stack(0x0000000335894000,0x0000000335997000)]
  0x0000000127aee200 JavaThread "Thread-34" daemon [_thread_blocked, id=111363, stack(0x00000003359a0000,0x0000000335aa3000)]
  0x00000001273fc400 JavaThread "Thread-35" daemon [_thread_blocked, id=104707, stack(0x0000000335aac000,0x0000000335baf000)]
  0x0000000127aee800 JavaThread "Thread-36" daemon [_thread_blocked, id=104963, stack(0x0000000335bb8000,0x0000000335cbb000)]
  0x00000001273fca00 JavaThread "Thread-37" daemon [_thread_blocked, id=110595, stack(0x0000000335cc4000,0x0000000335dc7000)]
  0x0000000136351c00 JavaThread "Thread-38" daemon [_thread_blocked, id=101651, stack(0x0000000334d10000,0x0000000334e13000)]
  0x00000001378d3400 JavaThread "FileSystemWatcher" daemon [_thread_blocked, id=110083, stack(0x0000000335dd0000,0x0000000335ed3000)]
  0x000000013175ac00 JavaThread "pool-9-thread-1" [_thread_blocked, id=116487, stack(0x000000032e710000,0x000000032e813000)]
  0x0000000134ed0600 JavaThread "DFU cleaning thread" daemon [_thread_blocked, id=122643, stack(0x000000032e81c000,0x000000032e91f000)]
  0x000000013278d200 JavaThread "FileSystemWatcher" daemon [_thread_blocked, id=122127, stack(0x000000033a204000,0x000000033a307000)]
  0x000000013157e800 JavaThread "Essential Thread 11" daemon [_thread_blocked, id=125963, stack(0x000000033a310000,0x000000033a413000)]
  0x0000000131575600 JavaThread "Essential Thread 12" daemon [_thread_blocked, id=97287, stack(0x000000033a41c000,0x000000033a51f000)]
  0x0000000135bb1c00 JavaThread "Essential Thread 13" daemon [_thread_blocked, id=118543, stack(0x000000033b75c000,0x000000033b85f000)]
  0x0000000127b1b800 JavaThread "DefaultDispatcher-worker-6" daemon [_thread_in_native, id=95251, stack(0x000000033b868000,0x000000033b96b000)]
  0x0000000135bb2200 JavaThread "DefaultDispatcher-worker-7" daemon [_thread_blocked, id=118287, stack(0x000000033b974000,0x000000033ba77000)]
  0x00000001327d5000 JavaThread "DefaultDispatcher-worker-8" daemon [_thread_blocked, id=105475, stack(0x000000033ba80000,0x000000033bb83000)]
  0x0000000131e08400 JavaThread "DefaultDispatcher-worker-5" daemon [_thread_blocked, id=109059, stack(0x000000033beb0000,0x000000033bfb3000)]
  0x0000000133eb0c00 JavaThread "DefaultDispatcher-worker-2" daemon [_thread_blocked, id=107523, stack(0x000000033c2e0000,0x000000033c3e3000)]
  0x0000000133c9b600 JavaThread "DefaultDispatcher-worker-3" daemon [_thread_blocked, id=131331, stack(0x000000033c4f8000,0x000000033c5fb000)]
  0x000000013165cc00 JavaThread "DefaultDispatcher-worker-4" daemon [_thread_blocked, id=131587, stack(0x000000033c604000,0x000000033c707000)]
  0x0000000132794000 JavaThread "Java2D Disposer" daemon [_thread_blocked, id=132867, stack(0x0000000341830000,0x0000000341933000)]
  0x0000000135b16200 JavaThread "Worker-Main-1" daemon [_thread_blocked, id=133155, stack(0x000000034b804000,0x000000034b907000)]
  0x0000000136227a00 JavaThread "Worker-Main-2" daemon [_thread_blocked, id=133379, stack(0x000000034b910000,0x000000034ba13000)]
  0x00000001358ac200 JavaThread "FancyMenu-JsonPlaceholder-Cleanup" daemon [_thread_blocked, id=153363, stack(0x000000034bcd8000,0x000000034bddb000)]
  0x0000000137840a00 JavaThread "Worker-ResourceReload-0" daemon [_thread_blocked, id=153091, stack(0x000000034c730000,0x000000034c833000)]
  0x0000000133e7c600 JavaThread "Thread-57" [_thread_blocked, id=152323, stack(0x000000034c848000,0x000000034c94b000)]
  0x0000000131685800 JavaThread "Essential Discord IPC Polling" daemon [_thread_blocked, id=174595, stack(0x000000034c954000,0x000000034ca57000)]
  0x000000013370e400 JavaThread "IO-Worker-3" [_thread_blocked, id=261379, stack(0x000000034ce78000,0x000000034cf7b000)]
  0x0000000137840400 JavaThread "Worker-ResourceReload-1" daemon [_thread_blocked, id=260611, stack(0x000000034d128000,0x000000034d22b000)]
  0x00000001272ed600 JavaThread "Worker-Main-4" daemon [_thread_blocked, id=175107, stack(0x000000034d234000,0x000000034d337000)]
  0x0000000131677400 JavaThread "Worker-Main-5" daemon [_thread_blocked, id=259843, stack(0x000000034d340000,0x000000034d443000)]
  0x000000013213c200 JavaThread "Worker-Main-6" daemon [_thread_blocked, id=175363, stack(0x000000034d44c000,0x000000034d54f000)]
  0x0000000136334c00 JavaThread "Worker-ResourceReload-2" daemon [_thread_blocked, id=247059, stack(0x00000003272f0000,0x00000003273f3000)]
  0x0000000137959600 JavaThread "Worker-ResourceReload-3" daemon [_thread_blocked, id=249107, stack(0x00000003273fc000,0x00000003274ff000)]
  0x000000013795f000 JavaThread "Worker-ResourceReload-4" daemon [_thread_blocked, id=179211, stack(0x0000000327508000,0x000000032760b000)]
  0x0000000135b4c400 JavaThread "Worker-ResourceReload-5" daemon [_thread_blocked, id=246787, stack(0x0000000327614000,0x0000000327717000)]
  0x0000000137943800 JavaThread "Worker-ResourceReload-6" daemon [_thread_blocked, id=183043, stack(0x0000000327720000,0x0000000327823000)]
  0x000000013521e400 JavaThread "FileSystemWatcher" daemon [_thread_blocked, id=183559, stack(0x000000032931c000,0x000000032941f000)]
  0x0000000109a7d200 JavaThread "FileSystemWatcher" daemon [_thread_blocked, id=183835, stack(0x0000000329cb8000,0x0000000329dbb000)]
  0x00000001327fea00 JavaThread "FileSystemWatcher" daemon [_thread_blocked, id=246287, stack(0x000000032cc50000,0x000000032cd53000)]
  0x0000000135888800 JavaThread "FileSystemWatcher" daemon [_thread_blocked, id=245767, stack(0x000000032cd5c000,0x000000032ce5f000)]
  0x0000000133c1bc00 JavaThread "FileSystemWatcher" daemon [_thread_blocked, id=184347, stack(0x0000000361634000,0x0000000361737000)]
  0x0000000127aeba00 JavaThread "HttpClient-4-SelectorManager" daemon [_thread_in_native, id=131955, stack(0x000000034b464000,0x000000034b567000)]
  0x0000000135c3ac00 JavaThread "HttpClient-4-Worker-0" daemon [_thread_blocked, id=245219, stack(0x000000035a404000,0x000000035a507000)]
  0x00000001335e4600 JavaThread "ConfigSaver" daemon [_thread_blocked, id=243459, stack(0x000000035a61c000,0x000000035a71f000)]
  0x0000000133adda00 JavaThread "ConfigSaver" daemon [_thread_blocked, id=185603, stack(0x000000035e52c000,0x000000035e62f000)]
  0x0000000133ae4600 JavaThread "Essential Thread 14" daemon [_thread_blocked, id=242699, stack(0x0000000365804000,0x0000000365907000)]
  0x0000000131eca600 JavaThread "TooltipOverhaul-Config" daemon [_thread_blocked, id=185907, stack(0x0000000370290000,0x0000000370393000)]
  0x00000001335e3e00 JavaThread "FileSystemWatcher" daemon [_thread_blocked, id=242179, stack(0x000000037039c000,0x000000037049f000)]
  0x00000001359d9a00 JavaThread "Cleaner-1" daemon [_thread_blocked, id=241667, stack(0x00000003705b4000,0x00000003706b7000)]
  0x00000001321c2800 JavaThread "Cleaner-2" daemon [_thread_blocked, id=186883, stack(0x0000000370790000,0x0000000370893000)]
  0x0000000127362400 JavaThread "Cleaner-3" daemon [_thread_blocked, id=240387, stack(0x00000003709a8000,0x0000000370aab000)]
  0x0000000131657600 JavaThread "Cleaner-4" daemon [_thread_blocked, id=186639, stack(0x0000000370ab4000,0x0000000370bb7000)]
  0x0000000136244a00 JavaThread "spark-monitoring-thread" daemon [_thread_blocked, id=187651, stack(0x0000000372274000,0x0000000372377000)]
  0x0000000109a8f400 JavaThread "spark-worker-pool-1-thread-1" daemon [_thread_blocked, id=239619, stack(0x0000000372380000,0x0000000372483000)]
  0x000000013785ca00 JavaThread "Thread-65" daemon [_thread_blocked, id=188163, stack(0x00000003738f0000,0x00000003739f3000)]
  0x00000001317bca00 JavaThread "Essential Thread 15" daemon [_thread_blocked, id=244255, stack(0x000000034b358000,0x000000034b45b000)]
  0x0000000135b5a000 JavaThread "HttpClient-5-SelectorManager" daemon [_thread_in_native, id=181771, stack(0x0000000374f10000,0x0000000375013000)]
  0x00000001336f6200 JavaThread "Fzzy Config File Watcher" [_thread_blocked, id=98839, stack(0x0000000356260000,0x0000000356363000)]
  0x0000000136238800 JavaThread "Essential Thread 16" daemon [_thread_blocked, id=99627, stack(0x0000000356604000,0x0000000356707000)]
  0x0000000135f49400 JavaThread "CullThread" daemon [_thread_blocked, id=95763, stack(0x0000000350104000,0x0000000350207000)]
  0x0000000133b89c00 JavaThread "pool-12-thread-1" [_thread_blocked, id=195091, stack(0x0000000350c04000,0x0000000350d07000)]
  0x0000000135f01e00 JavaThread "Essential Thread 17" daemon [_thread_blocked, id=193587, stack(0x0000000358004000,0x0000000358107000)]
  0x0000000131762400 JavaThread "Essential Thread 18" daemon [_thread_blocked, id=119243, stack(0x0000000359920000,0x0000000359a23000)]
  0x0000000133612400 JavaThread "Essential Thread 19" daemon [_thread_blocked, id=117315, stack(0x000000032e928000,0x000000032ea2b000)]
  0x0000000130984400 JavaThread "Essential Thread 20" daemon [_thread_blocked, id=109395, stack(0x000000016e28c000,0x000000016e38f000)]
  0x00000001358d0400 JavaThread "pool-8-thread-1" [_thread_blocked, id=94727, stack(0x000000031c110000,0x000000031c213000)]
  0x000000013664e000 JavaThread "KubeJS Recipe Event Worker 0" daemon [_thread_blocked, id=238383, stack(0x000000031c970000,0x000000031ca73000)]
  0x0000000134be2800 JavaThread "KubeJS Recipe Event Worker 0" daemon [_thread_blocked, id=244007, stack(0x000000031cb88000,0x000000031cc8b000)]
  0x0000000134bdf000 JavaThread "KubeJS Recipe Event Worker 0" daemon [_thread_blocked, id=238635, stack(0x000000032d858000,0x000000032d95b000)]
  0x0000000134be2000 JavaThread "KubeJS Recipe Event Worker 0" daemon [_thread_blocked, id=74091, stack(0x0000000334110000,0x0000000334213000)]
  0x000000013053fc00 JavaThread "KubeJS Recipe Event Worker 0" daemon [_thread_blocked, id=106515, stack(0x000000033bb8c000,0x000000033bc8f000)]
  0x0000000134be6a00 JavaThread "KubeJS Recipe Event Worker 0" daemon [_thread_blocked, id=260899, stack(0x000000033bc98000,0x000000033bd9b000)]
  0x0000000109a9f400 JavaThread "KubeJS Recipe Event Worker 0" daemon [_thread_blocked, id=44555, stack(0x000000033bda4000,0x000000033bea7000)]
  0x00000001098efa00 JavaThread "Sound engine" daemon [_thread_blocked, id=243727, stack(0x000000033c104000,0x000000033c207000)]
  0x0000000130dbec00 JavaThread "fastasyncworldsave" daemon [_thread_blocked, id=96795, stack(0x000000033a650000,0x000000033a753000)]
=>0x00000001366cfa00 JavaThread "Server thread" [_thread_in_Java, id=45071, stack(0x000000033c3ec000,0x000000033c4ef000)]
  0x0000000109a8d400 JavaThread "FileSystemWatcher" daemon [_thread_blocked, id=45319, stack(0x000000033c81c000,0x000000033c91f000)]
  0x000000013635fe00 JavaThread "spark-worker-pool-2-thread-1" daemon [_thread_blocked, id=174091, stack(0x000000034d01c000,0x000000034d11f000)]
  0x0000000134bc1e00 JavaThread "Async-profiler Timer" daemon [_thread_in_native, id=100147, stack(0x0000000359b70000,0x0000000359c73000)]
  0x0000000134bc0e00 JavaThread "spark-async-sampler-worker-thread" [_thread_blocked, id=115251, stack(0x000000035a510000,0x000000035a613000)]
  0x0000000130e5e400 JavaThread "SecurityCraft Passcode Hashing" daemon [_thread_blocked, id=19407, stack(0x00000003ac304000,0x00000003ac407000)]

Other Threads:
  0x0000000134110d30 VMThread "VM Thread" [stack: 0x000000016bd20000,0x000000016bf23000] [id=17667]
  0x0000000134072ac0 WatcherThread [stack: 0x000000016ccbc000,0x000000016cebf000] [id=29955]
  0x0000000134014070 GCTaskThread "GC Thread#0" [stack: 0x000000016b2e4000,0x000000016b4e7000] [id=14083]
  0x00000001340847c0 GCTaskThread "GC Thread#1" [stack: 0x000000016cec8000,0x000000016d0cb000] [id=29443]
  0x00000001340850c0 GCTaskThread "GC Thread#2" [stack: 0x000000016d0d4000,0x000000016d2d7000] [id=28931]
  0x0000000132e8ef80 GCTaskThread "GC Thread#3" [stack: 0x000000016d2e0000,0x000000016d4e3000] [id=25347]
  0x0000000132e8f7f0 GCTaskThread "GC Thread#4" [stack: 0x000000016d4ec000,0x000000016d6ef000] [id=28163]
  0x0000000132e90130 GCTaskThread "GC Thread#5" [stack: 0x000000016d6f8000,0x000000016d8fb000] [id=27651]
  0x0000000109657810 GCTaskThread "GC Thread#6" [stack: 0x000000016d904000,0x000000016db07000] [id=27147]
  0x0000000109657d90 GCTaskThread "GC Thread#7" [stack: 0x000000016db10000,0x000000016dd13000] [id=26627]
  0x0000000134107180 ConcurrentGCThread "G1 Main Marker" [stack: 0x000000016b4f0000,0x000000016b6f3000] [id=13571]
  0x0000000132e151c0 ConcurrentGCThread "G1 Conc#0" [stack: 0x000000016b6fc000,0x000000016b8ff000] [id=13059]
  0x0000000109670a90 ConcurrentGCThread "G1 Conc#1" [stack: 0x000000016dd1c000,0x000000016df1f000] [id=25859]
  0x0000000132e1d660 ConcurrentGCThread "G1 Refine#0" [stack: 0x000000016b908000,0x000000016bb0b000] [id=12803]
  0x00000001091116e0 ConcurrentGCThread "G1 Refine#1" [stack: 0x000000016e5b0000,0x000000016e7b3000] [id=33551]
  0x000000010940c3a0 ConcurrentGCThread "G1 Refine#2" [stack: 0x000000016e398000,0x000000016e59b000] [id=41755]
  0x0000000126f2b5a0 ConcurrentGCThread "G1 Refine#3" [stack: 0x000000016e7bc000,0x000000016e9bf000] [id=40963]
  0x0000000109115ed0 ConcurrentGCThread "G1 Refine#4" [stack: 0x000000016e9c8000,0x000000016ebcb000] [id=34563]
  0x0000000126d706c0 ConcurrentGCThread "G1 Refine#5" [stack: 0x000000016ebd4000,0x000000016edd7000] [id=34819]
  0x0000000126ea6030 ConcurrentGCThread "G1 Refine#6" [stack: 0x000000016ede0000,0x000000016efe3000] [id=35587]
  0x000000010913c0d0 ConcurrentGCThread "G1 Refine#7" [stack: 0x000000016efec000,0x000000016f1ef000] [id=36355]
  0x0000000132e1e380 ConcurrentGCThread "G1 Service" [stack: 0x000000016bb14000,0x000000016bd17000] [id=21507]

Threads with active compile tasks:

VM state: not at safepoint (normal execution)

VM Mutex/Monitor currently owned by a thread: None

Heap address: 0x000000058e000000, size: 10016 MB, Compressed Oops mode: Zero based, Oop shift amount: 3

CDS archive(s) not mapped
Compressed class space mapped at: 0x0000000800000000-0x0000000840000000, reserved size: 1073741824
Narrow klass base: 0x0000000800000000, Narrow klass shift: 0, Narrow klass range: 0x40000000

GC Precious Log:
 CPUs: 8 total, 8 available
 Memory: 16384M
 Large Page Support: Disabled
 NUMA Support: Disabled
 Compressed Oops: Enabled (Zero based)
 Heap Region Size: 8M
 Heap Min Capacity: 256M
 Heap Initial Capacity: 256M
 Heap Max Capacity: 10016M
 Pre-touch: Disabled
 Parallel Workers: 8
 Concurrent Workers: 2
 Concurrent Refinement Workers: 8
 Periodic GC: Disabled

Heap:
 garbage-first heap   total 7389184K, used 3381395K [0x000000058e000000, 0x0000000800000000)
  region size 8192K, 186 young (1523712K), 9 survivors (73728K)
 Metaspace       used 354912K, committed 358912K, reserved 1376256K
  class space    used 63332K, committed 65024K, reserved 1048576K

Heap Regions: E=young(eden), S=young(survivor), O=old, HS=humongous(starts), HC=humongous(continues), CS=collection set, F=free, OA=open archive, CA=closed archive, TAMS=top-at-mark-start (previous, next)
|   0|0x000000058e000000, 0x000000058e800000, 0x000000058e800000|100%| O|  |TAMS 0x000000058e800000, 0x000000058e000000| Untracked 
|   1|0x000000058e800000, 0x000000058f000000, 0x000000058f000000|100%| O|  |TAMS 0x000000058f000000, 0x000000058e800000| Untracked 
|   2|0x000000058f000000, 0x000000058f800000, 0x000000058f800000|100%| O|  |TAMS 0x000000058f800000, 0x000000058f000000| Untracked 
|   3|0x000000058f800000, 0x0000000590000000, 0x0000000590000000|100%| O|  |TAMS 0x0000000590000000, 0x000000058f800000| Untracked 
|   4|0x0000000590000000, 0x0000000590800000, 0x0000000590800000|100%| O|  |TAMS 0x0000000590800000, 0x0000000590000000| Untracked 
|   5|0x0000000590800000, 0x0000000591000000, 0x0000000591000000|100%| O|  |TAMS 0x0000000591000000, 0x0000000590800000| Untracked 
|   6|0x0000000591000000, 0x0000000591800000, 0x0000000591800000|100%| O|  |TAMS 0x0000000591800000, 0x0000000591000000| Untracked 
|   7|0x0000000591800000, 0x0000000592000000, 0x0000000592000000|100%| O|  |TAMS 0x0000000592000000, 0x0000000591800000| Untracked 
|   8|0x0000000592000000, 0x0000000592800000, 0x0000000592800000|100%| O|  |TAMS 0x0000000592800000, 0x0000000592000000| Untracked 
|   9|0x0000000592800000, 0x0000000593000000, 0x0000000593000000|100%| O|  |TAMS 0x0000000593000000, 0x0000000592800000| Untracked 
|  10|0x0000000593000000, 0x0000000593800000, 0x0000000593800000|100%|HS|  |TAMS 0x0000000593800000, 0x0000000593000000| Complete 
|  11|0x0000000593800000, 0x0000000594000000, 0x0000000594000000|100%| O|  |TAMS 0x0000000594000000, 0x0000000593800000| Untracked 
|  12|0x0000000594000000, 0x0000000594800000, 0x0000000594800000|100%| O|  |TAMS 0x0000000594800000, 0x0000000594000000| Untracked 
|  13|0x0000000594800000, 0x0000000595000000, 0x0000000595000000|100%| O|  |TAMS 0x0000000595000000, 0x0000000594800000| Untracked 
|  14|0x0000000595000000, 0x0000000595800000, 0x0000000595800000|100%| O|  |TAMS 0x0000000595800000, 0x0000000595000000| Untracked 
|  15|0x0000000595800000, 0x0000000596000000, 0x0000000596000000|100%| O|  |TAMS 0x0000000596000000, 0x0000000595800000| Untracked 
|  16|0x0000000596000000, 0x0000000596800000, 0x0000000596800000|100%| O|  |TAMS 0x0000000596800000, 0x0000000596000000| Untracked 
|  17|0x0000000596800000, 0x0000000597000000, 0x0000000597000000|100%|HS|  |TAMS 0x0000000597000000, 0x0000000596800000| Complete 
|  18|0x0000000597000000, 0x0000000597800000, 0x0000000597800000|100%|HC|  |TAMS 0x0000000597800000, 0x0000000597000000| Complete 
|  19|0x0000000597800000, 0x0000000598000000, 0x0000000598000000|100%|HS|  |TAMS 0x0000000598000000, 0x0000000597800000| Complete 
|  20|0x0000000598000000, 0x0000000598800000, 0x0000000598800000|100%|HC|  |TAMS 0x0000000598800000, 0x0000000598000000| Complete 
|  21|0x0000000598800000, 0x0000000599000000, 0x0000000599000000|100%| O|  |TAMS 0x0000000599000000, 0x0000000598800000| Untracked 
|  22|0x0000000599000000, 0x0000000599800000, 0x0000000599800000|100%| O|  |TAMS 0x0000000599800000, 0x0000000599000000| Untracked 
|  23|0x0000000599800000, 0x000000059a000000, 0x000000059a000000|100%| O|  |TAMS 0x000000059a000000, 0x0000000599800000| Untracked 
|  24|0x000000059a000000, 0x000000059a800000, 0x000000059a800000|100%| O|  |TAMS 0x000000059a000000, 0x000000059a000000| Untracked 
|  25|0x000000059a800000, 0x000000059b000000, 0x000000059b000000|100%| O|  |TAMS 0x000000059b000000, 0x000000059a800000| Untracked 
|  26|0x000000059b000000, 0x000000059b800000, 0x000000059b800000|100%| O|  |TAMS 0x000000059b800000, 0x000000059b000000| Untracked 
|  27|0x000000059b800000, 0x000000059c000000, 0x000000059c000000|100%| O|  |TAMS 0x000000059c000000, 0x000000059b800000| Untracked 
|  28|0x000000059c000000, 0x000000059c800000, 0x000000059c800000|100%| O|  |TAMS 0x000000059c800000, 0x000000059c000000| Untracked 
|  29|0x000000059c800000, 0x000000059d000000, 0x000000059d000000|100%| O|  |TAMS 0x000000059d000000, 0x000000059c800000| Untracked 
|  30|0x000000059d000000, 0x000000059d800000, 0x000000059d800000|100%| O|  |TAMS 0x000000059d800000, 0x000000059d000000| Untracked 
|  31|0x000000059d800000, 0x000000059e000000, 0x000000059e000000|100%| O|  |TAMS 0x000000059e000000, 0x000000059d800000| Untracked 
|  32|0x000000059e000000, 0x000000059e800000, 0x000000059e800000|100%| O|  |TAMS 0x000000059e800000, 0x000000059e000000| Untracked 
|  33|0x000000059e800000, 0x000000059f000000, 0x000000059f000000|100%| O|  |TAMS 0x000000059f000000, 0x000000059e800000| Untracked 
|  34|0x000000059f000000, 0x000000059f800000, 0x000000059f800000|100%| O|  |TAMS 0x000000059f800000, 0x000000059f000000| Untracked 
|  35|0x000000059f800000, 0x00000005a0000000, 0x00000005a0000000|100%|HS|  |TAMS 0x00000005a0000000, 0x000000059f800000| Complete 
|  36|0x00000005a0000000, 0x00000005a0800000, 0x00000005a0800000|100%|HS|  |TAMS 0x00000005a0800000, 0x00000005a0000000| Complete 
|  37|0x00000005a0800000, 0x00000005a1000000, 0x00000005a1000000|100%| O|  |TAMS 0x00000005a1000000, 0x00000005a0800000| Untracked 
|  38|0x00000005a1000000, 0x00000005a1800000, 0x00000005a1800000|100%| O|  |TAMS 0x00000005a1800000, 0x00000005a1000000| Untracked 
|  39|0x00000005a1800000, 0x00000005a2000000, 0x00000005a2000000|100%| O|  |TAMS 0x00000005a2000000, 0x00000005a1800000| Untracked 
|  40|0x00000005a2000000, 0x00000005a2800000, 0x00000005a2800000|100%| O|  |TAMS 0x00000005a2800000, 0x00000005a2000000| Untracked 
|  41|0x00000005a2800000, 0x00000005a3000000, 0x00000005a3000000|100%| O|  |TAMS 0x00000005a3000000, 0x00000005a2800000| Untracked 
|  42|0x00000005a3000000, 0x00000005a3800000, 0x00000005a3800000|100%|HS|  |TAMS 0x00000005a3800000, 0x00000005a3000000| Complete 
|  43|0x00000005a3800000, 0x00000005a4000000, 0x00000005a4000000|100%| O|  |TAMS 0x00000005a4000000, 0x00000005a3800000| Untracked 
|  44|0x00000005a4000000, 0x00000005a4800000, 0x00000005a4800000|100%| O|  |TAMS 0x00000005a4800000, 0x00000005a4000000| Untracked 
|  45|0x00000005a4800000, 0x00000005a5000000, 0x00000005a5000000|100%| O|  |TAMS 0x00000005a5000000, 0x00000005a4800000| Untracked 
|  46|0x00000005a5000000, 0x00000005a5800000, 0x00000005a5800000|100%| O|  |TAMS 0x00000005a5800000, 0x00000005a5000000| Untracked 
|  47|0x00000005a5800000, 0x00000005a6000000, 0x00000005a6000000|100%| O|  |TAMS 0x00000005a6000000, 0x00000005a5800000| Untracked 
|  48|0x00000005a6000000, 0x00000005a6800000, 0x00000005a6800000|100%|HS|  |TAMS 0x00000005a6800000, 0x00000005a6000000| Complete 
|  49|0x00000005a6800000, 0x00000005a7000000, 0x00000005a7000000|100%|HC|  |TAMS 0x00000005a7000000, 0x00000005a6800000| Complete 
|  50|0x00000005a7000000, 0x00000005a7800000, 0x00000005a7800000|100%| O|  |TAMS 0x00000005a7800000, 0x00000005a7000000| Untracked 
|  51|0x00000005a7800000, 0x00000005a8000000, 0x00000005a8000000|100%| O|  |TAMS 0x00000005a8000000, 0x00000005a7800000| Untracked 
|  52|0x00000005a8000000, 0x00000005a8800000, 0x00000005a8800000|100%| O|  |TAMS 0x00000005a8800000, 0x00000005a8000000| Untracked 
|  53|0x00000005a8800000, 0x00000005a9000000, 0x00000005a9000000|100%| O|  |TAMS 0x00000005a9000000, 0x00000005a8800000| Untracked 
|  54|0x00000005a9000000, 0x00000005a9800000, 0x00000005a9800000|100%| O|  |TAMS 0x00000005a9800000, 0x00000005a9000000| Untracked 
|  55|0x00000005a9800000, 0x00000005aa000000, 0x00000005aa000000|100%| O|  |TAMS 0x00000005aa000000, 0x00000005a9800000| Untracked 
|  56|0x00000005aa000000, 0x00000005aa800000, 0x00000005aa800000|100%| O|  |TAMS 0x00000005aa800000, 0x00000005aa000000| Untracked 
|  57|0x00000005aa800000, 0x00000005ab000000, 0x00000005ab000000|100%| O|  |TAMS 0x00000005ab000000, 0x00000005aa800000| Untracked 
|  58|0x00000005ab000000, 0x00000005ab800000, 0x00000005ab800000|100%| O|  |TAMS 0x00000005ab000000, 0x00000005ab000000| Untracked 
|  59|0x00000005ab800000, 0x00000005ac000000, 0x00000005ac000000|100%| O|  |TAMS 0x00000005ab800000, 0x00000005ab800000| Untracked 
|  60|0x00000005ac000000, 0x00000005ac800000, 0x00000005ac800000|100%| O|  |TAMS 0x00000005ac800000, 0x00000005ac000000| Untracked 
|  61|0x00000005ac800000, 0x00000005ad000000, 0x00000005ad000000|100%| O|  |TAMS 0x00000005ad000000, 0x00000005ac800000| Untracked 
|  62|0x00000005ad000000, 0x00000005ad800000, 0x00000005ad800000|100%| O|  |TAMS 0x00000005ad800000, 0x00000005ad000000| Untracked 
|  63|0x00000005ad800000, 0x00000005ae000000, 0x00000005ae000000|100%| O|  |TAMS 0x00000005ae000000, 0x00000005ad800000| Untracked 
|  64|0x00000005ae000000, 0x00000005ae800000, 0x00000005ae800000|100%| O|  |TAMS 0x00000005ae800000, 0x00000005ae000000| Untracked 
|  65|0x00000005ae800000, 0x00000005af000000, 0x00000005af000000|100%| O|  |TAMS 0x00000005af000000, 0x00000005ae800000| Untracked 
|  66|0x00000005af000000, 0x00000005af800000, 0x00000005af800000|100%| O|  |TAMS 0x00000005af000000, 0x00000005af000000| Untracked 
|  67|0x00000005af800000, 0x00000005b0000000, 0x00000005b0000000|100%| O|  |TAMS 0x00000005af800000, 0x00000005af800000| Untracked 
|  68|0x00000005b0000000, 0x00000005b0800000, 0x00000005b0800000|100%| O|  |TAMS 0x00000005b0800000, 0x00000005b0000000| Untracked 
|  69|0x00000005b0800000, 0x00000005b1000000, 0x00000005b1000000|100%| O|  |TAMS 0x00000005b0800000, 0x00000005b0800000| Untracked 
|  70|0x00000005b1000000, 0x00000005b1800000, 0x00000005b1800000|100%| O|  |TAMS 0x00000005b1800000, 0x00000005b1000000| Untracked 
|  71|0x00000005b1800000, 0x00000005b2000000, 0x00000005b2000000|100%| O|  |TAMS 0x00000005b2000000, 0x00000005b1800000| Untracked 
|  72|0x00000005b2000000, 0x00000005b2800000, 0x00000005b2800000|100%| O|  |TAMS 0x00000005b2800000, 0x00000005b2000000| Untracked 
|  73|0x00000005b2800000, 0x00000005b3000000, 0x00000005b3000000|100%| O|  |TAMS 0x00000005b2800000, 0x00000005b2800000| Untracked 
|  74|0x00000005b3000000, 0x00000005b3800000, 0x00000005b3800000|100%| O|  |TAMS 0x00000005b3000000, 0x00000005b3000000| Untracked 
|  75|0x00000005b3800000, 0x00000005b4000000, 0x00000005b4000000|100%| O|  |TAMS 0x00000005b3800000, 0x00000005b3800000| Untracked 
|  76|0x00000005b4000000, 0x00000005b4800000, 0x00000005b4800000|100%| O|  |TAMS 0x00000005b4000000, 0x00000005b4000000| Untracked 
|  77|0x00000005b4800000, 0x00000005b5000000, 0x00000005b5000000|100%| O|  |TAMS 0x00000005b4800000, 0x00000005b4800000| Untracked 
|  78|0x00000005b5000000, 0x00000005b5800000, 0x00000005b5800000|100%| O|  |TAMS 0x00000005b5000000, 0x00000005b5000000| Untracked 
|  79|0x00000005b5800000, 0x00000005b6000000, 0x00000005b6000000|100%| O|  |TAMS 0x00000005b6000000, 0x00000005b5800000| Untracked 
|  80|0x00000005b6000000, 0x00000005b6800000, 0x00000005b6800000|100%| O|  |TAMS 0x00000005b6800000, 0x00000005b6000000| Untracked 
|  81|0x00000005b6800000, 0x00000005b7000000, 0x00000005b7000000|100%| O|  |TAMS 0x00000005b7000000, 0x00000005b6800000| Untracked 
|  82|0x00000005b7000000, 0x00000005b7800000, 0x00000005b7800000|100%| O|  |TAMS 0x00000005b7800000, 0x00000005b7000000| Untracked 
|  83|0x00000005b7800000, 0x00000005b8000000, 0x00000005b8000000|100%| O|  |TAMS 0x00000005b8000000, 0x00000005b7800000| Untracked 
|  84|0x00000005b8000000, 0x00000005b8800000, 0x00000005b8800000|100%| O|  |TAMS 0x00000005b8800000, 0x00000005b8000000| Untracked 
|  85|0x00000005b8800000, 0x00000005b9000000, 0x00000005b9000000|100%| O|  |TAMS 0x00000005b8800000, 0x00000005b8800000| Untracked 
|  86|0x00000005b9000000, 0x00000005b9800000, 0x00000005b9800000|100%| O|  |TAMS 0x00000005b9800000, 0x00000005b9000000| Untracked 
|  87|0x00000005b9800000, 0x00000005ba000000, 0x00000005ba000000|100%| O|  |TAMS 0x00000005ba000000, 0x00000005b9800000| Untracked 
|  88|0x00000005ba000000, 0x00000005ba800000, 0x00000005ba800000|100%| O|  |TAMS 0x00000005ba800000, 0x00000005ba000000| Untracked 
|  89|0x00000005ba800000, 0x00000005bb000000, 0x00000005bb000000|100%| O|  |TAMS 0x00000005bb000000, 0x00000005ba800000| Untracked 
|  90|0x00000005bb000000, 0x00000005bb800000, 0x00000005bb800000|100%| O|  |TAMS 0x00000005bb800000, 0x00000005bb000000| Untracked 
|  91|0x00000005bb800000, 0x00000005bc000000, 0x00000005bc000000|100%| O|  |TAMS 0x00000005bc000000, 0x00000005bb800000| Untracked 
|  92|0x00000005bc000000, 0x00000005bc800000, 0x00000005bc800000|100%| O|  |TAMS 0x00000005bc800000, 0x00000005bc000000| Untracked 
|  93|0x00000005bc800000, 0x00000005bd000000, 0x00000005bd000000|100%| O|  |TAMS 0x00000005bd000000, 0x00000005bc800000| Untracked 
|  94|0x00000005bd000000, 0x00000005bd800000, 0x00000005bd800000|100%| O|  |TAMS 0x00000005bd000000, 0x00000005bd000000| Untracked 
|  95|0x00000005bd800000, 0x00000005be000000, 0x00000005be000000|100%| O|  |TAMS 0x00000005be000000, 0x00000005bd800000| Untracked 
|  96|0x00000005be000000, 0x00000005be800000, 0x00000005be800000|100%| O|  |TAMS 0x00000005be800000, 0x00000005be000000| Untracked 
|  97|0x00000005be800000, 0x00000005bf000000, 0x00000005bf000000|100%| O|  |TAMS 0x00000005bf000000, 0x00000005be800000| Untracked 
|  98|0x00000005bf000000, 0x00000005bf800000, 0x00000005bf800000|100%| O|  |TAMS 0x00000005bf800000, 0x00000005bf000000| Untracked 
|  99|0x00000005bf800000, 0x00000005c0000000, 0x00000005c0000000|100%| O|  |TAMS 0x00000005c0000000, 0x00000005bf800000| Untracked 
| 100|0x00000005c0000000, 0x00000005c0800000, 0x00000005c0800000|100%| O|  |TAMS 0x00000005c0800000, 0x00000005c0000000| Untracked 
| 101|0x00000005c0800000, 0x00000005c1000000, 0x00000005c1000000|100%| O|  |TAMS 0x00000005c1000000, 0x00000005c0800000| Untracked 
| 102|0x00000005c1000000, 0x00000005c1800000, 0x00000005c1800000|100%| O|  |TAMS 0x00000005c1800000, 0x00000005c1000000| Untracked 
| 103|0x00000005c1800000, 0x00000005c2000000, 0x00000005c2000000|100%| O|  |TAMS 0x00000005c2000000, 0x00000005c1800000| Untracked 
| 104|0x00000005c2000000, 0x00000005c2800000, 0x00000005c2800000|100%| O|  |TAMS 0x00000005c2800000, 0x00000005c2000000| Untracked 
| 105|0x00000005c2800000, 0x00000005c3000000, 0x00000005c3000000|100%| O|  |TAMS 0x00000005c3000000, 0x00000005c2800000| Untracked 
| 106|0x00000005c3000000, 0x00000005c3800000, 0x00000005c3800000|100%| O|  |TAMS 0x00000005c3800000, 0x00000005c3000000| Untracked 
| 107|0x00000005c3800000, 0x00000005c4000000, 0x00000005c4000000|100%| O|  |TAMS 0x00000005c4000000, 0x00000005c3800000| Untracked 
| 108|0x00000005c4000000, 0x00000005c4800000, 0x00000005c4800000|100%| O|  |TAMS 0x00000005c4800000, 0x00000005c4000000| Untracked 
| 109|0x00000005c4800000, 0x00000005c4b98e00, 0x00000005c5000000| 44%| O|  |TAMS 0x00000005c4b98e00, 0x00000005c4800000| Untracked 
| 110|0x00000005c5000000, 0x00000005c5800000, 0x00000005c5800000|100%| O|  |TAMS 0x00000005c5800000, 0x00000005c5000000| Untracked 
| 111|0x00000005c5800000, 0x00000005c6000000, 0x00000005c6000000|100%| O|  |TAMS 0x00000005c6000000, 0x00000005c5800000| Untracked 
| 112|0x00000005c6000000, 0x00000005c6800000, 0x00000005c6800000|100%| O|  |TAMS 0x00000005c6800000, 0x00000005c6000000| Untracked 
| 113|0x00000005c6800000, 0x00000005c7000000, 0x00000005c7000000|100%| O|  |TAMS 0x00000005c7000000, 0x00000005c6800000| Untracked 
| 114|0x00000005c7000000, 0x00000005c7800000, 0x00000005c7800000|100%| O|  |TAMS 0x00000005c7800000, 0x00000005c7000000| Untracked 
| 115|0x00000005c7800000, 0x00000005c8000000, 0x00000005c8000000|100%| O|  |TAMS 0x00000005c8000000, 0x00000005c7800000| Untracked 
| 116|0x00000005c8000000, 0x00000005c8800000, 0x00000005c8800000|100%| O|  |TAMS 0x00000005c8800000, 0x00000005c8000000| Untracked 
| 117|0x00000005c8800000, 0x00000005c9000000, 0x00000005c9000000|100%| O|  |TAMS 0x00000005c9000000, 0x00000005c8800000| Untracked 
| 118|0x00000005c9000000, 0x00000005c9800000, 0x00000005c9800000|100%| O|  |TAMS 0x00000005c9800000, 0x00000005c9000000| Untracked 
| 119|0x00000005c9800000, 0x00000005ca000000, 0x00000005ca000000|100%| O|  |TAMS 0x00000005ca000000, 0x00000005c9800000| Untracked 
| 120|0x00000005ca000000, 0x00000005ca800000, 0x00000005ca800000|100%| O|  |TAMS 0x00000005ca800000, 0x00000005ca000000| Untracked 
| 121|0x00000005ca800000, 0x00000005cb000000, 0x00000005cb000000|100%| O|  |TAMS 0x00000005cb000000, 0x00000005ca800000| Untracked 
| 122|0x00000005cb000000, 0x00000005cb800000, 0x00000005cb800000|100%| O|  |TAMS 0x00000005cb800000, 0x00000005cb000000| Untracked 
| 123|0x00000005cb800000, 0x00000005cc000000, 0x00000005cc000000|100%| O|  |TAMS 0x00000005cc000000, 0x00000005cb800000| Untracked 
| 124|0x00000005cc000000, 0x00000005cc800000, 0x00000005cc800000|100%| O|  |TAMS 0x00000005cc800000, 0x00000005cc000000| Untracked 
| 125|0x00000005cc800000, 0x00000005cd000000, 0x00000005cd000000|100%| O|  |TAMS 0x00000005cd000000, 0x00000005cc800000| Untracked 
| 126|0x00000005cd000000, 0x00000005cd800000, 0x00000005cd800000|100%| O|  |TAMS 0x00000005cd800000, 0x00000005cd000000| Untracked 
| 127|0x00000005cd800000, 0x00000005ce000000, 0x00000005ce000000|100%| O|  |TAMS 0x00000005ce000000, 0x00000005cd800000| Untracked 
| 128|0x00000005ce000000, 0x00000005ce800000, 0x00000005ce800000|100%| O|  |TAMS 0x00000005ce000000, 0x00000005ce000000| Untracked 
| 129|0x00000005ce800000, 0x00000005cf000000, 0x00000005cf000000|100%| O|  |TAMS 0x00000005ce800000, 0x00000005ce800000| Untracked 
| 130|0x00000005cf000000, 0x00000005cf800000, 0x00000005cf800000|100%| O|  |TAMS 0x00000005cf000000, 0x00000005cf000000| Untracked 
| 131|0x00000005cf800000, 0x00000005d0000000, 0x00000005d0000000|100%| O|  |TAMS 0x00000005cf800000, 0x00000005cf800000| Untracked 
| 132|0x00000005d0000000, 0x00000005d0800000, 0x00000005d0800000|100%| O|  |TAMS 0x00000005d0000000, 0x00000005d0000000| Untracked 
| 133|0x00000005d0800000, 0x00000005d1000000, 0x00000005d1000000|100%| O|  |TAMS 0x00000005d0800000, 0x00000005d0800000| Untracked 
| 134|0x00000005d1000000, 0x00000005d1800000, 0x00000005d1800000|100%| O|  |TAMS 0x00000005d1000000, 0x00000005d1000000| Untracked 
| 135|0x00000005d1800000, 0x00000005d2000000, 0x00000005d2000000|100%| O|  |TAMS 0x00000005d1800000, 0x00000005d1800000| Untracked 
| 136|0x00000005d2000000, 0x00000005d2800000, 0x00000005d2800000|100%| O|  |TAMS 0x00000005d2000000, 0x00000005d2000000| Untracked 
| 137|0x00000005d2800000, 0x00000005d3000000, 0x00000005d3000000|100%| O|  |TAMS 0x00000005d2800000, 0x00000005d2800000| Untracked 
| 138|0x00000005d3000000, 0x00000005d3800000, 0x00000005d3800000|100%| O|  |TAMS 0x00000005d3000000, 0x00000005d3000000| Untracked 
| 139|0x00000005d3800000, 0x00000005d4000000, 0x00000005d4000000|100%| O|  |TAMS 0x00000005d3800000, 0x00000005d3800000| Untracked 
| 140|0x00000005d4000000, 0x00000005d4800000, 0x00000005d4800000|100%| O|  |TAMS 0x00000005d4000000, 0x00000005d4000000| Untracked 
| 141|0x00000005d4800000, 0x00000005d5000000, 0x00000005d5000000|100%| O|  |TAMS 0x00000005d4800000, 0x00000005d4800000| Untracked 
| 142|0x00000005d5000000, 0x00000005d5800000, 0x00000005d5800000|100%| O|  |TAMS 0x00000005d5000000, 0x00000005d5000000| Untracked 
| 143|0x00000005d5800000, 0x00000005d6000000, 0x00000005d6000000|100%| O|  |TAMS 0x00000005d5800000, 0x00000005d5800000| Untracked 
| 144|0x00000005d6000000, 0x00000005d6800000, 0x00000005d6800000|100%| O|  |TAMS 0x00000005d6000000, 0x00000005d6000000| Untracked 
| 145|0x00000005d6800000, 0x00000005d7000000, 0x00000005d7000000|100%| O|  |TAMS 0x00000005d6800000, 0x00000005d6800000| Untracked 
| 146|0x00000005d7000000, 0x00000005d7800000, 0x00000005d7800000|100%| O|  |TAMS 0x00000005d7000000, 0x00000005d7000000| Untracked 
| 147|0x00000005d7800000, 0x00000005d8000000, 0x00000005d8000000|100%| O|  |TAMS 0x00000005d7800000, 0x00000005d7800000| Untracked 
| 148|0x00000005d8000000, 0x00000005d8800000, 0x00000005d8800000|100%| O|  |TAMS 0x00000005d8000000, 0x00000005d8000000| Untracked 
| 149|0x00000005d8800000, 0x00000005d9000000, 0x00000005d9000000|100%| O|  |TAMS 0x00000005d8800000, 0x00000005d8800000| Untracked 
| 150|0x00000005d9000000, 0x00000005d9800000, 0x00000005d9800000|100%|HS|  |TAMS 0x00000005d9000000, 0x00000005d9000000| Complete 
| 151|0x00000005d9800000, 0x00000005da000000, 0x00000005da000000|100%| O|  |TAMS 0x00000005d9800000, 0x00000005d9800000| Untracked 
| 152|0x00000005da000000, 0x00000005da800000, 0x00000005da800000|100%| O|  |TAMS 0x00000005da000000, 0x00000005da000000| Untracked 
| 153|0x00000005da800000, 0x00000005db000000, 0x00000005db000000|100%| O|  |TAMS 0x00000005da800000, 0x00000005da800000| Untracked 
| 154|0x00000005db000000, 0x00000005db800000, 0x00000005db800000|100%| O|  |TAMS 0x00000005db000000, 0x00000005db000000| Untracked 
| 155|0x00000005db800000, 0x00000005dc000000, 0x00000005dc000000|100%| O|  |TAMS 0x00000005db800000, 0x00000005db800000| Untracked 
| 156|0x00000005dc000000, 0x00000005dc800000, 0x00000005dc800000|100%| O|  |TAMS 0x00000005dc000000, 0x00000005dc000000| Untracked 
| 157|0x00000005dc800000, 0x00000005dd000000, 0x00000005dd000000|100%| O|  |TAMS 0x00000005dc800000, 0x00000005dc800000| Untracked 
| 158|0x00000005dd000000, 0x00000005dd800000, 0x00000005dd800000|100%| O|  |TAMS 0x00000005dd000000, 0x00000005dd000000| Untracked 
| 159|0x00000005dd800000, 0x00000005de000000, 0x00000005de000000|100%| O|  |TAMS 0x00000005dd800000, 0x00000005dd800000| Untracked 
| 160|0x00000005de000000, 0x00000005de800000, 0x00000005de800000|100%| O|  |TAMS 0x00000005de000000, 0x00000005de000000| Untracked 
| 161|0x00000005de800000, 0x00000005df000000, 0x00000005df000000|100%| O|  |TAMS 0x00000005de800000, 0x00000005de800000| Untracked 
| 162|0x00000005df000000, 0x00000005df800000, 0x00000005df800000|100%| O|  |TAMS 0x00000005df000000, 0x00000005df000000| Untracked 
| 163|0x00000005df800000, 0x00000005e0000000, 0x00000005e0000000|100%| O|  |TAMS 0x00000005df800000, 0x00000005df800000| Untracked 
| 164|0x00000005e0000000, 0x00000005e0800000, 0x00000005e0800000|100%| O|  |TAMS 0x00000005e0000000, 0x00000005e0000000| Untracked 
| 165|0x00000005e0800000, 0x00000005e1000000, 0x00000005e1000000|100%| O|  |TAMS 0x00000005e0800000, 0x00000005e0800000| Untracked 
| 166|0x00000005e1000000, 0x00000005e1800000, 0x00000005e1800000|100%| O|  |TAMS 0x00000005e1000000, 0x00000005e1000000| Untracked 
| 167|0x00000005e1800000, 0x00000005e2000000, 0x00000005e2000000|100%| O|  |TAMS 0x00000005e1800000, 0x00000005e1800000| Untracked 
| 168|0x00000005e2000000, 0x00000005e2800000, 0x00000005e2800000|100%| O|  |TAMS 0x00000005e2000000, 0x00000005e2000000| Untracked 
| 169|0x00000005e2800000, 0x00000005e3000000, 0x00000005e3000000|100%| O|  |TAMS 0x00000005e2800000, 0x00000005e2800000| Untracked 
| 170|0x00000005e3000000, 0x00000005e3800000, 0x00000005e3800000|100%| O|  |TAMS 0x00000005e3000000, 0x00000005e3000000| Untracked 
| 171|0x00000005e3800000, 0x00000005e4000000, 0x00000005e4000000|100%| O|  |TAMS 0x00000005e3800000, 0x00000005e3800000| Untracked 
| 172|0x00000005e4000000, 0x00000005e4800000, 0x00000005e4800000|100%| O|  |TAMS 0x00000005e4000000, 0x00000005e4000000| Untracked 
| 173|0x00000005e4800000, 0x00000005e5000000, 0x00000005e5000000|100%| O|  |TAMS 0x00000005e4800000, 0x00000005e4800000| Untracked 
| 174|0x00000005e5000000, 0x00000005e5800000, 0x00000005e5800000|100%| O|  |TAMS 0x00000005e5000000, 0x00000005e5000000| Untracked 
| 175|0x00000005e5800000, 0x00000005e6000000, 0x00000005e6000000|100%| O|  |TAMS 0x00000005e5800000, 0x00000005e5800000| Untracked 
| 176|0x00000005e6000000, 0x00000005e6800000, 0x00000005e6800000|100%| O|  |TAMS 0x00000005e6000000, 0x00000005e6000000| Untracked 
| 177|0x00000005e6800000, 0x00000005e7000000, 0x00000005e7000000|100%| O|  |TAMS 0x00000005e6800000, 0x00000005e6800000| Untracked 
| 178|0x00000005e7000000, 0x00000005e7800000, 0x00000005e7800000|100%| O|  |TAMS 0x00000005e7000000, 0x00000005e7000000| Untracked 
| 179|0x00000005e7800000, 0x00000005e8000000, 0x00000005e8000000|100%| O|  |TAMS 0x00000005e7800000, 0x00000005e7800000| Untracked 
| 180|0x00000005e8000000, 0x00000005e8800000, 0x00000005e8800000|100%| O|  |TAMS 0x00000005e8000000, 0x00000005e8000000| Untracked 
| 181|0x00000005e8800000, 0x00000005e9000000, 0x00000005e9000000|100%| O|  |TAMS 0x00000005e8800000, 0x00000005e8800000| Untracked 
| 182|0x00000005e9000000, 0x00000005e9800000, 0x00000005e9800000|100%| O|  |TAMS 0x00000005e9000000, 0x00000005e9000000| Untracked 
| 183|0x00000005e9800000, 0x00000005ea000000, 0x00000005ea000000|100%| O|  |TAMS 0x00000005e9800000, 0x00000005e9800000| Untracked 
| 184|0x00000005ea000000, 0x00000005ea800000, 0x00000005ea800000|100%| O|  |TAMS 0x00000005ea000000, 0x00000005ea000000| Untracked 
| 185|0x00000005ea800000, 0x00000005eb000000, 0x00000005eb000000|100%| O|  |TAMS 0x00000005ea800000, 0x00000005ea800000| Untracked 
| 186|0x00000005eb000000, 0x00000005eb800000, 0x00000005eb800000|100%| O|  |TAMS 0x00000005eb000000, 0x00000005eb000000| Untracked 
| 187|0x00000005eb800000, 0x00000005ec000000, 0x00000005ec000000|100%| O|  |TAMS 0x00000005eb800000, 0x00000005eb800000| Untracked 
| 188|0x00000005ec000000, 0x00000005ec800000, 0x00000005ec800000|100%| O|  |TAMS 0x00000005ec000000, 0x00000005ec000000| Untracked 
| 189|0x00000005ec800000, 0x00000005ed000000, 0x00000005ed000000|100%| O|  |TAMS 0x00000005ec800000, 0x00000005ec800000| Untracked 
| 190|0x00000005ed000000, 0x00000005ed800000, 0x00000005ed800000|100%| O|  |TAMS 0x00000005ed000000, 0x00000005ed000000| Untracked 
| 191|0x00000005ed800000, 0x00000005ee000000, 0x00000005ee000000|100%| O|  |TAMS 0x00000005ed800000, 0x00000005ed800000| Untracked 
| 192|0x00000005ee000000, 0x00000005ee800000, 0x00000005ee800000|100%| O|  |TAMS 0x00000005ee000000, 0x00000005ee000000| Untracked 
| 193|0x00000005ee800000, 0x00000005ef000000, 0x00000005ef000000|100%| O|  |TAMS 0x00000005ee800000, 0x00000005ee800000| Untracked 
| 194|0x00000005ef000000, 0x00000005ef800000, 0x00000005ef800000|100%| O|  |TAMS 0x00000005ef000000, 0x00000005ef000000| Untracked 
| 195|0x00000005ef800000, 0x00000005f0000000, 0x00000005f0000000|100%| O|  |TAMS 0x00000005ef800000, 0x00000005ef800000| Untracked 
| 196|0x00000005f0000000, 0x00000005f0800000, 0x00000005f0800000|100%| O|  |TAMS 0x00000005f0000000, 0x00000005f0000000| Untracked 
| 197|0x00000005f0800000, 0x00000005f1000000, 0x00000005f1000000|100%| O|  |TAMS 0x00000005f0800000, 0x00000005f0800000| Untracked 
| 198|0x00000005f1000000, 0x00000005f1800000, 0x00000005f1800000|100%| O|  |TAMS 0x00000005f1000000, 0x00000005f1000000| Untracked 
| 199|0x00000005f1800000, 0x00000005f2000000, 0x00000005f2000000|100%| O|  |TAMS 0x00000005f1800000, 0x00000005f1800000| Untracked 
| 200|0x00000005f2000000, 0x00000005f2800000, 0x00000005f2800000|100%| O|  |TAMS 0x00000005f2000000, 0x00000005f2000000| Untracked 
| 201|0x00000005f2800000, 0x00000005f3000000, 0x00000005f3000000|100%| O|  |TAMS 0x00000005f2800000, 0x00000005f2800000| Untracked 
| 202|0x00000005f3000000, 0x00000005f3800000, 0x00000005f3800000|100%| O|  |TAMS 0x00000005f3000000, 0x00000005f3000000| Untracked 
| 203|0x00000005f3800000, 0x00000005f4000000, 0x00000005f4000000|100%| O|  |TAMS 0x00000005f3800000, 0x00000005f3800000| Untracked 
| 204|0x00000005f4000000, 0x00000005f4800000, 0x00000005f4800000|100%| O|  |TAMS 0x00000005f4000000, 0x00000005f4000000| Untracked 
| 205|0x00000005f4800000, 0x00000005f5000000, 0x00000005f5000000|100%| O|  |TAMS 0x00000005f4800000, 0x00000005f4800000| Untracked 
| 206|0x00000005f5000000, 0x00000005f5800000, 0x00000005f5800000|100%| O|  |TAMS 0x00000005f5000000, 0x00000005f5000000| Untracked 
| 207|0x00000005f5800000, 0x00000005f6000000, 0x00000005f6000000|100%| O|  |TAMS 0x00000005f5800000, 0x00000005f5800000| Untracked 
| 208|0x00000005f6000000, 0x00000005f6800000, 0x00000005f6800000|100%| O|  |TAMS 0x00000005f6000000, 0x00000005f6000000| Untracked 
| 209|0x00000005f6800000, 0x00000005f7000000, 0x00000005f7000000|100%| O|  |TAMS 0x00000005f6800000, 0x00000005f6800000| Untracked 
| 210|0x00000005f7000000, 0x00000005f7800000, 0x00000005f7800000|100%| O|  |TAMS 0x00000005f7000000, 0x00000005f7000000| Untracked 
| 211|0x00000005f7800000, 0x00000005f8000000, 0x00000005f8000000|100%| O|  |TAMS 0x00000005f7800000, 0x00000005f7800000| Untracked 
| 212|0x00000005f8000000, 0x00000005f8800000, 0x00000005f8800000|100%| O|  |TAMS 0x00000005f8000000, 0x00000005f8000000| Untracked 
| 213|0x00000005f8800000, 0x00000005f9000000, 0x00000005f9000000|100%| O|  |TAMS 0x00000005f8800000, 0x00000005f8800000| Untracked 
| 214|0x00000005f9000000, 0x00000005f9800000, 0x00000005f9800000|100%| O|  |TAMS 0x00000005f9000000, 0x00000005f9000000| Untracked 
| 215|0x00000005f9800000, 0x00000005fa000000, 0x00000005fa000000|100%| O|  |TAMS 0x00000005f9800000, 0x00000005f9800000| Untracked 
| 216|0x00000005fa000000, 0x00000005fa800000, 0x00000005fa800000|100%| O|  |TAMS 0x00000005fa000000, 0x00000005fa000000| Untracked 
| 217|0x00000005fa800000, 0x00000005fb000000, 0x00000005fb000000|100%| O|  |TAMS 0x00000005fa800000, 0x00000005fa800000| Untracked 
| 218|0x00000005fb000000, 0x00000005fb800000, 0x00000005fb800000|100%| O|  |TAMS 0x00000005fb000000, 0x00000005fb000000| Untracked 
| 219|0x00000005fb800000, 0x00000005fc000000, 0x00000005fc000000|100%| O|  |TAMS 0x00000005fb800000, 0x00000005fb800000| Untracked 
| 220|0x00000005fc000000, 0x00000005fc800000, 0x00000005fc800000|100%| O|  |TAMS 0x00000005fc000000, 0x00000005fc000000| Untracked 
| 221|0x00000005fc800000, 0x00000005fd000000, 0x00000005fd000000|100%| O|  |TAMS 0x00000005fc800000, 0x00000005fc800000| Untracked 
| 222|0x00000005fd000000, 0x00000005fd800000, 0x00000005fd800000|100%| O|  |TAMS 0x00000005fd000000, 0x00000005fd000000| Untracked 
| 223|0x00000005fd800000, 0x00000005fe000000, 0x00000005fe000000|100%| O|  |TAMS 0x00000005fd800000, 0x00000005fd800000| Untracked 
| 224|0x00000005fe000000, 0x00000005fe800000, 0x00000005fe800000|100%| O|  |TAMS 0x00000005fe000000, 0x00000005fe000000| Untracked 
| 225|0x00000005fe800000, 0x00000005ff000000, 0x00000005ff000000|100%| O|  |TAMS 0x00000005fe800000, 0x00000005fe800000| Untracked 
| 226|0x00000005ff000000, 0x00000005ff800000, 0x00000005ff800000|100%| O|  |TAMS 0x00000005ff000000, 0x00000005ff000000| Untracked 
| 227|0x00000005ff800000, 0x0000000600000000, 0x0000000600000000|100%| O|  |TAMS 0x00000005ff800000, 0x00000005ff800000| Untracked 
| 228|0x0000000600000000, 0x0000000600800000, 0x0000000600800000|100%| O|  |TAMS 0x0000000600000000, 0x0000000600000000| Untracked 
| 229|0x0000000600800000, 0x0000000600e14e00, 0x0000000601000000| 76%| O|  |TAMS 0x0000000600800000, 0x0000000600800000| Untracked 
| 230|0x0000000601000000, 0x0000000601000000, 0x0000000601800000|  0%| F|  |TAMS 0x0000000601000000, 0x0000000601000000| Untracked 
| 231|0x0000000601800000, 0x0000000601800000, 0x0000000602000000|  0%| F|  |TAMS 0x0000000601800000, 0x0000000601800000| Untracked 
| 232|0x0000000602000000, 0x0000000602000000, 0x0000000602800000|  0%| F|  |TAMS 0x0000000602000000, 0x0000000602000000| Untracked 
| 233|0x0000000602800000, 0x0000000602800000, 0x0000000603000000|  0%| F|  |TAMS 0x0000000602800000, 0x0000000602800000| Untracked 
| 234|0x0000000603000000, 0x0000000603000000, 0x0000000603800000|  0%| F|  |TAMS 0x0000000603000000, 0x0000000603000000| Untracked 
| 235|0x0000000603800000, 0x0000000603800000, 0x0000000604000000|  0%| F|  |TAMS 0x0000000603800000, 0x0000000603800000| Untracked 
| 236|0x0000000604000000, 0x0000000604000000, 0x0000000604800000|  0%| F|  |TAMS 0x0000000604000000, 0x0000000604000000| Untracked 
| 237|0x0000000604800000, 0x0000000604800000, 0x0000000605000000|  0%| F|  |TAMS 0x0000000604800000, 0x0000000604800000| Untracked 
| 238|0x0000000605000000, 0x0000000605000000, 0x0000000605800000|  0%| F|  |TAMS 0x0000000605000000, 0x0000000605000000| Untracked 
| 239|0x0000000605800000, 0x0000000605800000, 0x0000000606000000|  0%| F|  |TAMS 0x0000000605800000, 0x0000000605800000| Untracked 
| 240|0x0000000606000000, 0x0000000606000000, 0x0000000606800000|  0%| F|  |TAMS 0x0000000606000000, 0x0000000606000000| Untracked 
| 241|0x0000000606800000, 0x0000000606800000, 0x0000000607000000|  0%| F|  |TAMS 0x0000000606800000, 0x0000000606800000| Untracked 
| 242|0x0000000607000000, 0x0000000607000000, 0x0000000607800000|  0%| F|  |TAMS 0x0000000607000000, 0x0000000607000000| Untracked 
| 243|0x0000000607800000, 0x0000000607800000, 0x0000000608000000|  0%| F|  |TAMS 0x0000000607800000, 0x0000000607800000| Untracked 
| 244|0x0000000608000000, 0x0000000608000000, 0x0000000608800000|  0%| F|  |TAMS 0x0000000608000000, 0x0000000608000000| Untracked 
| 245|0x0000000608800000, 0x0000000608800000, 0x0000000609000000|  0%| F|  |TAMS 0x0000000608800000, 0x0000000608800000| Untracked 
| 246|0x0000000609000000, 0x0000000609000000, 0x0000000609800000|  0%| F|  |TAMS 0x0000000609000000, 0x0000000609000000| Untracked 
| 247|0x0000000609800000, 0x0000000609800000, 0x000000060a000000|  0%| F|  |TAMS 0x0000000609800000, 0x0000000609800000| Untracked 
| 248|0x000000060a000000, 0x000000060a000000, 0x000000060a800000|  0%| F|  |TAMS 0x000000060a000000, 0x000000060a000000| Untracked 
| 249|0x000000060a800000, 0x000000060a800000, 0x000000060b000000|  0%| F|  |TAMS 0x000000060a800000, 0x000000060a800000| Untracked 
| 250|0x000000060b000000, 0x000000060b000000, 0x000000060b800000|  0%| F|  |TAMS 0x000000060b000000, 0x000000060b000000| Untracked 
| 251|0x000000060b800000, 0x000000060b800000, 0x000000060c000000|  0%| F|  |TAMS 0x000000060b800000, 0x000000060b800000| Untracked 
| 252|0x000000060c000000, 0x000000060c000000, 0x000000060c800000|  0%| F|  |TAMS 0x000000060c000000, 0x000000060c000000| Untracked 
| 253|0x000000060c800000, 0x000000060c800000, 0x000000060d000000|  0%| F|  |TAMS 0x000000060c800000, 0x000000060c800000| Untracked 
| 254|0x000000060d000000, 0x000000060d000000, 0x000000060d800000|  0%| F|  |TAMS 0x000000060d000000, 0x000000060d000000| Untracked 
| 255|0x000000060d800000, 0x000000060d800000, 0x000000060e000000|  0%| F|  |TAMS 0x000000060d800000, 0x000000060d800000| Untracked 
| 256|0x000000060e000000, 0x000000060e000000, 0x000000060e800000|  0%| F|  |TAMS 0x000000060e000000, 0x000000060e000000| Untracked 
| 257|0x000000060e800000, 0x000000060e800000, 0x000000060f000000|  0%| F|  |TAMS 0x000000060e800000, 0x000000060e800000| Untracked 
| 258|0x000000060f000000, 0x000000060f000000, 0x000000060f800000|  0%| F|  |TAMS 0x000000060f000000, 0x000000060f000000| Untracked 
| 259|0x000000060f800000, 0x000000060f800000, 0x0000000610000000|  0%| F|  |TAMS 0x000000060f800000, 0x000000060f800000| Untracked 
| 260|0x0000000610000000, 0x0000000610000000, 0x0000000610800000|  0%| F|  |TAMS 0x0000000610000000, 0x0000000610000000| Untracked 
| 261|0x0000000610800000, 0x0000000610800000, 0x0000000611000000|  0%| F|  |TAMS 0x0000000610800000, 0x0000000610800000| Untracked 
| 262|0x0000000611000000, 0x0000000611000000, 0x0000000611800000|  0%| F|  |TAMS 0x0000000611000000, 0x0000000611000000| Untracked 
| 263|0x0000000611800000, 0x0000000611800000, 0x0000000612000000|  0%| F|  |TAMS 0x0000000611800000, 0x0000000611800000| Untracked 
| 264|0x0000000612000000, 0x0000000612000000, 0x0000000612800000|  0%| F|  |TAMS 0x0000000612000000, 0x0000000612000000| Untracked 
| 265|0x0000000612800000, 0x0000000612800000, 0x0000000613000000|  0%| F|  |TAMS 0x0000000612800000, 0x0000000612800000| Untracked 
| 266|0x0000000613000000, 0x0000000613000000, 0x0000000613800000|  0%| F|  |TAMS 0x0000000613000000, 0x0000000613000000| Untracked 
| 267|0x0000000613800000, 0x0000000613800000, 0x0000000614000000|  0%| F|  |TAMS 0x0000000613800000, 0x0000000613800000| Untracked 
| 268|0x0000000614000000, 0x0000000614000000, 0x0000000614800000|  0%| F|  |TAMS 0x0000000614000000, 0x0000000614000000| Untracked 
| 269|0x0000000614800000, 0x0000000614800000, 0x0000000615000000|  0%| F|  |TAMS 0x0000000614800000, 0x0000000614800000| Untracked 
| 270|0x0000000615000000, 0x0000000615000000, 0x0000000615800000|  0%| F|  |TAMS 0x0000000615000000, 0x0000000615000000| Untracked 
| 271|0x0000000615800000, 0x0000000615800000, 0x0000000616000000|  0%| F|  |TAMS 0x0000000615800000, 0x0000000615800000| Untracked 
| 272|0x0000000616000000, 0x0000000616000000, 0x0000000616800000|  0%| F|  |TAMS 0x0000000616000000, 0x0000000616000000| Untracked 
| 273|0x0000000616800000, 0x0000000616800000, 0x0000000617000000|  0%| F|  |TAMS 0x0000000616800000, 0x0000000616800000| Untracked 
| 274|0x0000000617000000, 0x0000000617000000, 0x0000000617800000|  0%| F|  |TAMS 0x0000000617000000, 0x0000000617000000| Untracked 
| 275|0x0000000617800000, 0x0000000617800000, 0x0000000618000000|  0%| F|  |TAMS 0x0000000617800000, 0x0000000617800000| Untracked 
| 276|0x0000000618000000, 0x0000000618000000, 0x0000000618800000|  0%| F|  |TAMS 0x0000000618000000, 0x0000000618000000| Untracked 
| 277|0x0000000618800000, 0x0000000618800000, 0x0000000619000000|  0%| F|  |TAMS 0x0000000618800000, 0x0000000618800000| Untracked 
| 278|0x0000000619000000, 0x0000000619000000, 0x0000000619800000|  0%| F|  |TAMS 0x0000000619000000, 0x0000000619000000| Untracked 
| 279|0x0000000619800000, 0x0000000619800000, 0x000000061a000000|  0%| F|  |TAMS 0x0000000619800000, 0x0000000619800000| Untracked 
| 280|0x000000061a000000, 0x000000061a000000, 0x000000061a800000|  0%| F|  |TAMS 0x000000061a000000, 0x000000061a000000| Untracked 
| 281|0x000000061a800000, 0x000000061a800000, 0x000000061b000000|  0%| F|  |TAMS 0x000000061a800000, 0x000000061a800000| Untracked 
| 282|0x000000061b000000, 0x000000061b000000, 0x000000061b800000|  0%| F|  |TAMS 0x000000061b000000, 0x000000061b000000| Untracked 
| 283|0x000000061b800000, 0x000000061b800000, 0x000000061c000000|  0%| F|  |TAMS 0x000000061b800000, 0x000000061b800000| Untracked 
| 284|0x000000061c000000, 0x000000061c000000, 0x000000061c800000|  0%| F|  |TAMS 0x000000061c000000, 0x000000061c000000| Untracked 
| 285|0x000000061c800000, 0x000000061c800000, 0x000000061d000000|  0%| F|  |TAMS 0x000000061c800000, 0x000000061c800000| Untracked 
| 286|0x000000061d000000, 0x000000061d000000, 0x000000061d800000|  0%| F|  |TAMS 0x000000061d000000, 0x000000061d000000| Untracked 
| 287|0x000000061d800000, 0x000000061d800000, 0x000000061e000000|  0%| F|  |TAMS 0x000000061d800000, 0x000000061d800000| Untracked 
| 288|0x000000061e000000, 0x000000061e000000, 0x000000061e800000|  0%| F|  |TAMS 0x000000061e000000, 0x000000061e000000| Untracked 
| 289|0x000000061e800000, 0x000000061e800000, 0x000000061f000000|  0%| F|  |TAMS 0x000000061e800000, 0x000000061e800000| Untracked 
| 290|0x000000061f000000, 0x000000061f000000, 0x000000061f800000|  0%| F|  |TAMS 0x000000061f000000, 0x000000061f000000| Untracked 
| 291|0x000000061f800000, 0x000000061f800000, 0x0000000620000000|  0%| F|  |TAMS 0x000000061f800000, 0x000000061f800000| Untracked 
| 292|0x0000000620000000, 0x0000000620000000, 0x0000000620800000|  0%| F|  |TAMS 0x0000000620000000, 0x0000000620000000| Untracked 
| 293|0x0000000620800000, 0x0000000620800000, 0x0000000621000000|  0%| F|  |TAMS 0x0000000620800000, 0x0000000620800000| Untracked 
| 294|0x0000000621000000, 0x0000000621000000, 0x0000000621800000|  0%| F|  |TAMS 0x0000000621000000, 0x0000000621000000| Untracked 
| 295|0x0000000621800000, 0x0000000621800000, 0x0000000622000000|  0%| F|  |TAMS 0x0000000621800000, 0x0000000621800000| Untracked 
| 296|0x0000000622000000, 0x0000000622000000, 0x0000000622800000|  0%| F|  |TAMS 0x0000000622000000, 0x0000000622000000| Untracked 
| 297|0x0000000622800000, 0x0000000622800000, 0x0000000623000000|  0%| F|  |TAMS 0x0000000622800000, 0x0000000622800000| Untracked 
| 298|0x0000000623000000, 0x0000000623000000, 0x0000000623800000|  0%| F|  |TAMS 0x0000000623000000, 0x0000000623000000| Untracked 
| 299|0x0000000623800000, 0x0000000623800000, 0x0000000624000000|  0%| F|  |TAMS 0x0000000623800000, 0x0000000623800000| Untracked 
| 300|0x0000000624000000, 0x0000000624000000, 0x0000000624800000|  0%| F|  |TAMS 0x0000000624000000, 0x0000000624000000| Untracked 
| 301|0x0000000624800000, 0x0000000624800000, 0x0000000625000000|  0%| F|  |TAMS 0x0000000624800000, 0x0000000624800000| Untracked 
| 302|0x0000000625000000, 0x0000000625000000, 0x0000000625800000|  0%| F|  |TAMS 0x0000000625000000, 0x0000000625000000| Untracked 
| 303|0x0000000625800000, 0x0000000625800000, 0x0000000626000000|  0%| F|  |TAMS 0x0000000625800000, 0x0000000625800000| Untracked 
| 304|0x0000000626000000, 0x0000000626000000, 0x0000000626800000|  0%| F|  |TAMS 0x0000000626000000, 0x0000000626000000| Untracked 
| 305|0x0000000626800000, 0x0000000626800000, 0x0000000627000000|  0%| F|  |TAMS 0x0000000626800000, 0x0000000626800000| Untracked 
| 306|0x0000000627000000, 0x0000000627000000, 0x0000000627800000|  0%| F|  |TAMS 0x0000000627000000, 0x0000000627000000| Untracked 
| 307|0x0000000627800000, 0x0000000627800000, 0x0000000628000000|  0%| F|  |TAMS 0x0000000627800000, 0x0000000627800000| Untracked 
| 308|0x0000000628000000, 0x0000000628000000, 0x0000000628800000|  0%| F|  |TAMS 0x0000000628000000, 0x0000000628000000| Untracked 
| 309|0x0000000628800000, 0x0000000628800000, 0x0000000629000000|  0%| F|  |TAMS 0x0000000628800000, 0x0000000628800000| Untracked 
| 310|0x0000000629000000, 0x0000000629000000, 0x0000000629800000|  0%| F|  |TAMS 0x0000000629000000, 0x0000000629000000| Untracked 
| 311|0x0000000629800000, 0x0000000629800000, 0x000000062a000000|  0%| F|  |TAMS 0x0000000629800000, 0x0000000629800000| Untracked 
| 312|0x000000062a000000, 0x000000062a000000, 0x000000062a800000|  0%| F|  |TAMS 0x000000062a000000, 0x000000062a000000| Untracked 
| 313|0x000000062a800000, 0x000000062a800000, 0x000000062b000000|  0%| F|  |TAMS 0x000000062a800000, 0x000000062a800000| Untracked 
| 314|0x000000062b000000, 0x000000062b000000, 0x000000062b800000|  0%| F|  |TAMS 0x000000062b000000, 0x000000062b000000| Untracked 
| 315|0x000000062b800000, 0x000000062b800000, 0x000000062c000000|  0%| F|  |TAMS 0x000000062b800000, 0x000000062b800000| Untracked 
| 316|0x000000062c000000, 0x000000062c000000, 0x000000062c800000|  0%| F|  |TAMS 0x000000062c000000, 0x000000062c000000| Untracked 
| 317|0x000000062c800000, 0x000000062c800000, 0x000000062d000000|  0%| F|  |TAMS 0x000000062c800000, 0x000000062c800000| Untracked 
| 318|0x000000062d000000, 0x000000062d000000, 0x000000062d800000|  0%| F|  |TAMS 0x000000062d000000, 0x000000062d000000| Untracked 
| 319|0x000000062d800000, 0x000000062d800000, 0x000000062e000000|  0%| F|  |TAMS 0x000000062d800000, 0x000000062d800000| Untracked 
| 320|0x000000062e000000, 0x000000062e000000, 0x000000062e800000|  0%| F|  |TAMS 0x000000062e000000, 0x000000062e000000| Untracked 
| 321|0x000000062e800000, 0x000000062e800000, 0x000000062f000000|  0%| F|  |TAMS 0x000000062e800000, 0x000000062e800000| Untracked 
| 322|0x000000062f000000, 0x000000062f000000, 0x000000062f800000|  0%| F|  |TAMS 0x000000062f000000, 0x000000062f000000| Untracked 
| 323|0x000000062f800000, 0x000000062f800000, 0x0000000630000000|  0%| F|  |TAMS 0x000000062f800000, 0x000000062f800000| Untracked 
| 324|0x0000000630000000, 0x0000000630000000, 0x0000000630800000|  0%| F|  |TAMS 0x0000000630000000, 0x0000000630000000| Untracked 
| 325|0x0000000630800000, 0x0000000630800000, 0x0000000631000000|  0%| F|  |TAMS 0x0000000630800000, 0x0000000630800000| Untracked 
| 326|0x0000000631000000, 0x0000000631000000, 0x0000000631800000|  0%| F|  |TAMS 0x0000000631000000, 0x0000000631000000| Untracked 
| 327|0x0000000631800000, 0x0000000631800000, 0x0000000632000000|  0%| F|  |TAMS 0x0000000631800000, 0x0000000631800000| Untracked 
| 328|0x0000000632000000, 0x0000000632000000, 0x0000000632800000|  0%| F|  |TAMS 0x0000000632000000, 0x0000000632000000| Untracked 
| 329|0x0000000632800000, 0x0000000632800000, 0x0000000633000000|  0%| F|  |TAMS 0x0000000632800000, 0x0000000632800000| Untracked 
| 330|0x0000000633000000, 0x0000000633000000, 0x0000000633800000|  0%| F|  |TAMS 0x0000000633000000, 0x0000000633000000| Untracked 
| 331|0x0000000633800000, 0x0000000633800000, 0x0000000634000000|  0%| F|  |TAMS 0x0000000633800000, 0x0000000633800000| Untracked 
| 332|0x0000000634000000, 0x0000000634000000, 0x0000000634800000|  0%| F|  |TAMS 0x0000000634000000, 0x0000000634000000| Untracked 
| 333|0x0000000634800000, 0x0000000634800000, 0x0000000635000000|  0%| F|  |TAMS 0x0000000634800000, 0x0000000634800000| Untracked 
| 334|0x0000000635000000, 0x0000000635000000, 0x0000000635800000|  0%| F|  |TAMS 0x0000000635000000, 0x0000000635000000| Untracked 
| 335|0x0000000635800000, 0x0000000635800000, 0x0000000636000000|  0%| F|  |TAMS 0x0000000635800000, 0x0000000635800000| Untracked 
| 336|0x0000000636000000, 0x0000000636000000, 0x0000000636800000|  0%| F|  |TAMS 0x0000000636000000, 0x0000000636000000| Untracked 
| 337|0x0000000636800000, 0x0000000636800000, 0x0000000637000000|  0%| F|  |TAMS 0x0000000636800000, 0x0000000636800000| Untracked 
| 338|0x0000000637000000, 0x0000000637000000, 0x0000000637800000|  0%| F|  |TAMS 0x0000000637000000, 0x0000000637000000| Untracked 
| 339|0x0000000637800000, 0x0000000637800000, 0x0000000638000000|  0%| F|  |TAMS 0x0000000637800000, 0x0000000637800000| Untracked 
| 340|0x0000000638000000, 0x0000000638000000, 0x0000000638800000|  0%| F|  |TAMS 0x0000000638000000, 0x0000000638000000| Untracked 
| 341|0x0000000638800000, 0x0000000638800000, 0x0000000639000000|  0%| F|  |TAMS 0x0000000638800000, 0x0000000638800000| Untracked 
| 342|0x0000000639000000, 0x0000000639000000, 0x0000000639800000|  0%| F|  |TAMS 0x0000000639000000, 0x0000000639000000| Untracked 
| 343|0x0000000639800000, 0x0000000639800000, 0x000000063a000000|  0%| F|  |TAMS 0x0000000639800000, 0x0000000639800000| Untracked 
| 344|0x000000063a000000, 0x000000063a000000, 0x000000063a800000|  0%| F|  |TAMS 0x000000063a000000, 0x000000063a000000| Untracked 
| 345|0x000000063a800000, 0x000000063a800000, 0x000000063b000000|  0%| F|  |TAMS 0x000000063a800000, 0x000000063a800000| Untracked 
| 346|0x000000063b000000, 0x000000063b000000, 0x000000063b800000|  0%| F|  |TAMS 0x000000063b000000, 0x000000063b000000| Untracked 
| 347|0x000000063b800000, 0x000000063b800000, 0x000000063c000000|  0%| F|  |TAMS 0x000000063b800000, 0x000000063b800000| Untracked 
| 348|0x000000063c000000, 0x000000063c000000, 0x000000063c800000|  0%| F|  |TAMS 0x000000063c000000, 0x000000063c000000| Untracked 
| 349|0x000000063c800000, 0x000000063c800000, 0x000000063d000000|  0%| F|  |TAMS 0x000000063c800000, 0x000000063c800000| Untracked 
| 350|0x000000063d000000, 0x000000063d000000, 0x000000063d800000|  0%| F|  |TAMS 0x000000063d000000, 0x000000063d000000| Untracked 
| 351|0x000000063d800000, 0x000000063d800000, 0x000000063e000000|  0%| F|  |TAMS 0x000000063d800000, 0x000000063d800000| Untracked 
| 352|0x000000063e000000, 0x000000063e000000, 0x000000063e800000|  0%| F|  |TAMS 0x000000063e000000, 0x000000063e000000| Untracked 
| 353|0x000000063e800000, 0x000000063e800000, 0x000000063f000000|  0%| F|  |TAMS 0x000000063e800000, 0x000000063e800000| Untracked 
| 354|0x000000063f000000, 0x000000063f000000, 0x000000063f800000|  0%| F|  |TAMS 0x000000063f000000, 0x000000063f000000| Untracked 
| 355|0x000000063f800000, 0x000000063f800000, 0x0000000640000000|  0%| F|  |TAMS 0x000000063f800000, 0x000000063f800000| Untracked 
| 356|0x0000000640000000, 0x0000000640000000, 0x0000000640800000|  0%| F|  |TAMS 0x0000000640000000, 0x0000000640000000| Untracked 
| 357|0x0000000640800000, 0x0000000640800000, 0x0000000641000000|  0%| F|  |TAMS 0x0000000640800000, 0x0000000640800000| Untracked 
| 358|0x0000000641000000, 0x0000000641000000, 0x0000000641800000|  0%| F|  |TAMS 0x0000000641000000, 0x0000000641000000| Untracked 
| 359|0x0000000641800000, 0x0000000641800000, 0x0000000642000000|  0%| F|  |TAMS 0x0000000641800000, 0x0000000641800000| Untracked 
| 360|0x0000000642000000, 0x0000000642000000, 0x0000000642800000|  0%| F|  |TAMS 0x0000000642000000, 0x0000000642000000| Untracked 
| 361|0x0000000642800000, 0x0000000642800000, 0x0000000643000000|  0%| F|  |TAMS 0x0000000642800000, 0x0000000642800000| Untracked 
| 362|0x0000000643000000, 0x0000000643000000, 0x0000000643800000|  0%| F|  |TAMS 0x0000000643000000, 0x0000000643000000| Untracked 
| 363|0x0000000643800000, 0x0000000643800000, 0x0000000644000000|  0%| F|  |TAMS 0x0000000643800000, 0x0000000643800000| Untracked 
| 364|0x0000000644000000, 0x0000000644000000, 0x0000000644800000|  0%| F|  |TAMS 0x0000000644000000, 0x0000000644000000| Untracked 
| 365|0x0000000644800000, 0x0000000644800000, 0x0000000645000000|  0%| F|  |TAMS 0x0000000644800000, 0x0000000644800000| Untracked 
| 366|0x0000000645000000, 0x0000000645000000, 0x0000000645800000|  0%| F|  |TAMS 0x0000000645000000, 0x0000000645000000| Untracked 
| 367|0x0000000645800000, 0x0000000645800000, 0x0000000646000000|  0%| F|  |TAMS 0x0000000645800000, 0x0000000645800000| Untracked 
| 368|0x0000000646000000, 0x0000000646000000, 0x0000000646800000|  0%| F|  |TAMS 0x0000000646000000, 0x0000000646000000| Untracked 
| 369|0x0000000646800000, 0x0000000646800000, 0x0000000647000000|  0%| F|  |TAMS 0x0000000646800000, 0x0000000646800000| Untracked 
| 370|0x0000000647000000, 0x0000000647000000, 0x0000000647800000|  0%| F|  |TAMS 0x0000000647000000, 0x0000000647000000| Untracked 
| 371|0x0000000647800000, 0x0000000647800000, 0x0000000648000000|  0%| F|  |TAMS 0x0000000647800000, 0x0000000647800000| Untracked 
| 372|0x0000000648000000, 0x0000000648000000, 0x0000000648800000|  0%| F|  |TAMS 0x0000000648000000, 0x0000000648000000| Untracked 
| 373|0x0000000648800000, 0x0000000648800000, 0x0000000649000000|  0%| F|  |TAMS 0x0000000648800000, 0x0000000648800000| Untracked 
| 374|0x0000000649000000, 0x0000000649000000, 0x0000000649800000|  0%| F|  |TAMS 0x0000000649000000, 0x0000000649000000| Untracked 
| 375|0x0000000649800000, 0x0000000649800000, 0x000000064a000000|  0%| F|  |TAMS 0x0000000649800000, 0x0000000649800000| Untracked 
| 376|0x000000064a000000, 0x000000064a000000, 0x000000064a800000|  0%| F|  |TAMS 0x000000064a000000, 0x000000064a000000| Untracked 
| 377|0x000000064a800000, 0x000000064a800000, 0x000000064b000000|  0%| F|  |TAMS 0x000000064a800000, 0x000000064a800000| Untracked 
| 378|0x000000064b000000, 0x000000064b000000, 0x000000064b800000|  0%| F|  |TAMS 0x000000064b000000, 0x000000064b000000| Untracked 
| 379|0x000000064b800000, 0x000000064b800000, 0x000000064c000000|  0%| F|  |TAMS 0x000000064b800000, 0x000000064b800000| Untracked 
| 380|0x000000064c000000, 0x000000064c000000, 0x000000064c800000|  0%| F|  |TAMS 0x000000064c000000, 0x000000064c000000| Untracked 
| 381|0x000000064c800000, 0x000000064c800000, 0x000000064d000000|  0%| F|  |TAMS 0x000000064c800000, 0x000000064c800000| Untracked 
| 382|0x000000064d000000, 0x000000064d000000, 0x000000064d800000|  0%| F|  |TAMS 0x000000064d000000, 0x000000064d000000| Untracked 
| 383|0x000000064d800000, 0x000000064d800000, 0x000000064e000000|  0%| F|  |TAMS 0x000000064d800000, 0x000000064d800000| Untracked 
| 384|0x000000064e000000, 0x000000064e000000, 0x000000064e800000|  0%| F|  |TAMS 0x000000064e000000, 0x000000064e000000| Untracked 
| 385|0x000000064e800000, 0x000000064e800000, 0x000000064f000000|  0%| F|  |TAMS 0x000000064e800000, 0x000000064e800000| Untracked 
| 386|0x000000064f000000, 0x000000064f000000, 0x000000064f800000|  0%| F|  |TAMS 0x000000064f000000, 0x000000064f000000| Untracked 
| 387|0x000000064f800000, 0x000000064f800000, 0x0000000650000000|  0%| F|  |TAMS 0x000000064f800000, 0x000000064f800000| Untracked 
| 388|0x0000000650000000, 0x0000000650000000, 0x0000000650800000|  0%| F|  |TAMS 0x0000000650000000, 0x0000000650000000| Untracked 
| 389|0x0000000650800000, 0x0000000650800000, 0x0000000651000000|  0%| F|  |TAMS 0x0000000650800000, 0x0000000650800000| Untracked 
| 390|0x0000000651000000, 0x0000000651000000, 0x0000000651800000|  0%| F|  |TAMS 0x0000000651000000, 0x0000000651000000| Untracked 
| 391|0x0000000651800000, 0x0000000651800000, 0x0000000652000000|  0%| F|  |TAMS 0x0000000651800000, 0x0000000651800000| Untracked 
| 392|0x0000000652000000, 0x0000000652000000, 0x0000000652800000|  0%| F|  |TAMS 0x0000000652000000, 0x0000000652000000| Untracked 
| 393|0x0000000652800000, 0x0000000652800000, 0x0000000653000000|  0%| F|  |TAMS 0x0000000652800000, 0x0000000652800000| Untracked 
| 394|0x0000000653000000, 0x0000000653000000, 0x0000000653800000|  0%| F|  |TAMS 0x0000000653000000, 0x0000000653000000| Untracked 
| 395|0x0000000653800000, 0x0000000653800000, 0x0000000654000000|  0%| F|  |TAMS 0x0000000653800000, 0x0000000653800000| Untracked 
| 396|0x0000000654000000, 0x0000000654000000, 0x0000000654800000|  0%| F|  |TAMS 0x0000000654000000, 0x0000000654000000| Untracked 
| 397|0x0000000654800000, 0x0000000654800000, 0x0000000655000000|  0%| F|  |TAMS 0x0000000654800000, 0x0000000654800000| Untracked 
| 398|0x0000000655000000, 0x0000000655000000, 0x0000000655800000|  0%| F|  |TAMS 0x0000000655000000, 0x0000000655000000| Untracked 
| 399|0x0000000655800000, 0x0000000655800000, 0x0000000656000000|  0%| F|  |TAMS 0x0000000655800000, 0x0000000655800000| Untracked 
| 400|0x0000000656000000, 0x0000000656000000, 0x0000000656800000|  0%| F|  |TAMS 0x0000000656000000, 0x0000000656000000| Untracked 
| 401|0x0000000656800000, 0x0000000656800000, 0x0000000657000000|  0%| F|  |TAMS 0x0000000656800000, 0x0000000656800000| Untracked 
| 402|0x0000000657000000, 0x0000000657000000, 0x0000000657800000|  0%| F|  |TAMS 0x0000000657000000, 0x0000000657000000| Untracked 
| 403|0x0000000657800000, 0x0000000657800000, 0x0000000658000000|  0%| F|  |TAMS 0x0000000657800000, 0x0000000657800000| Untracked 
| 404|0x0000000658000000, 0x0000000658000000, 0x0000000658800000|  0%| F|  |TAMS 0x0000000658000000, 0x0000000658000000| Untracked 
| 405|0x0000000658800000, 0x0000000658800000, 0x0000000659000000|  0%| F|  |TAMS 0x0000000658800000, 0x0000000658800000| Untracked 
| 406|0x0000000659000000, 0x0000000659000000, 0x0000000659800000|  0%| F|  |TAMS 0x0000000659000000, 0x0000000659000000| Untracked 
| 407|0x0000000659800000, 0x0000000659800000, 0x000000065a000000|  0%| F|  |TAMS 0x0000000659800000, 0x0000000659800000| Untracked 
| 408|0x000000065a000000, 0x000000065a000000, 0x000000065a800000|  0%| F|  |TAMS 0x000000065a000000, 0x000000065a000000| Untracked 
| 409|0x000000065a800000, 0x000000065a800000, 0x000000065b000000|  0%| F|  |TAMS 0x000000065a800000, 0x000000065a800000| Untracked 
| 410|0x000000065b000000, 0x000000065b000000, 0x000000065b800000|  0%| F|  |TAMS 0x000000065b000000, 0x000000065b000000| Untracked 
| 411|0x000000065b800000, 0x000000065b800000, 0x000000065c000000|  0%| F|  |TAMS 0x000000065b800000, 0x000000065b800000| Untracked 
| 412|0x000000065c000000, 0x000000065c000000, 0x000000065c800000|  0%| F|  |TAMS 0x000000065c000000, 0x000000065c000000| Untracked 
| 413|0x000000065c800000, 0x000000065c800000, 0x000000065d000000|  0%| F|  |TAMS 0x000000065c800000, 0x000000065c800000| Untracked 
| 414|0x000000065d000000, 0x000000065d000000, 0x000000065d800000|  0%| F|  |TAMS 0x000000065d000000, 0x000000065d000000| Untracked 
| 415|0x000000065d800000, 0x000000065d800000, 0x000000065e000000|  0%| F|  |TAMS 0x000000065d800000, 0x000000065d800000| Untracked 
| 416|0x000000065e000000, 0x000000065e000000, 0x000000065e800000|  0%| F|  |TAMS 0x000000065e000000, 0x000000065e000000| Untracked 
| 417|0x000000065e800000, 0x000000065e800000, 0x000000065f000000|  0%| F|  |TAMS 0x000000065e800000, 0x000000065e800000| Untracked 
| 418|0x000000065f000000, 0x000000065f000000, 0x000000065f800000|  0%| F|  |TAMS 0x000000065f000000, 0x000000065f000000| Untracked 
| 419|0x000000065f800000, 0x000000065f800000, 0x0000000660000000|  0%| F|  |TAMS 0x000000065f800000, 0x000000065f800000| Untracked 
| 420|0x0000000660000000, 0x0000000660000000, 0x0000000660800000|  0%| F|  |TAMS 0x0000000660000000, 0x0000000660000000| Untracked 
| 421|0x0000000660800000, 0x0000000660800000, 0x0000000661000000|  0%| F|  |TAMS 0x0000000660800000, 0x0000000660800000| Untracked 
| 422|0x0000000661000000, 0x0000000661000000, 0x0000000661800000|  0%| F|  |TAMS 0x0000000661000000, 0x0000000661000000| Untracked 
| 423|0x0000000661800000, 0x0000000661800000, 0x0000000662000000|  0%| F|  |TAMS 0x0000000661800000, 0x0000000661800000| Untracked 
| 424|0x0000000662000000, 0x0000000662000000, 0x0000000662800000|  0%| F|  |TAMS 0x0000000662000000, 0x0000000662000000| Untracked 
| 425|0x0000000662800000, 0x0000000662800000, 0x0000000663000000|  0%| F|  |TAMS 0x0000000662800000, 0x0000000662800000| Untracked 
| 426|0x0000000663000000, 0x0000000663000000, 0x0000000663800000|  0%| F|  |TAMS 0x0000000663000000, 0x0000000663000000| Untracked 
| 427|0x0000000663800000, 0x0000000663800000, 0x0000000664000000|  0%| F|  |TAMS 0x0000000663800000, 0x0000000663800000| Untracked 
| 428|0x0000000664000000, 0x0000000664000000, 0x0000000664800000|  0%| F|  |TAMS 0x0000000664000000, 0x0000000664000000| Untracked 
| 429|0x0000000664800000, 0x0000000664800000, 0x0000000665000000|  0%| F|  |TAMS 0x0000000664800000, 0x0000000664800000| Untracked 
| 430|0x0000000665000000, 0x0000000665000000, 0x0000000665800000|  0%| F|  |TAMS 0x0000000665000000, 0x0000000665000000| Untracked 
| 431|0x0000000665800000, 0x0000000665800000, 0x0000000666000000|  0%| F|  |TAMS 0x0000000665800000, 0x0000000665800000| Untracked 
| 432|0x0000000666000000, 0x0000000666000000, 0x0000000666800000|  0%| F|  |TAMS 0x0000000666000000, 0x0000000666000000| Untracked 
| 433|0x0000000666800000, 0x0000000666800000, 0x0000000667000000|  0%| F|  |TAMS 0x0000000666800000, 0x0000000666800000| Untracked 
| 434|0x0000000667000000, 0x0000000667000000, 0x0000000667800000|  0%| F|  |TAMS 0x0000000667000000, 0x0000000667000000| Untracked 
| 435|0x0000000667800000, 0x0000000667800000, 0x0000000668000000|  0%| F|  |TAMS 0x0000000667800000, 0x0000000667800000| Untracked 
| 436|0x0000000668000000, 0x0000000668000000, 0x0000000668800000|  0%| F|  |TAMS 0x0000000668000000, 0x0000000668000000| Untracked 
| 437|0x0000000668800000, 0x0000000668800000, 0x0000000669000000|  0%| F|  |TAMS 0x0000000668800000, 0x0000000668800000| Untracked 
| 438|0x0000000669000000, 0x0000000669000000, 0x0000000669800000|  0%| F|  |TAMS 0x0000000669000000, 0x0000000669000000| Untracked 
| 439|0x0000000669800000, 0x0000000669800000, 0x000000066a000000|  0%| F|  |TAMS 0x0000000669800000, 0x0000000669800000| Untracked 
| 440|0x000000066a000000, 0x000000066a000000, 0x000000066a800000|  0%| F|  |TAMS 0x000000066a000000, 0x000000066a000000| Untracked 
| 441|0x000000066a800000, 0x000000066a800000, 0x000000066b000000|  0%| F|  |TAMS 0x000000066a800000, 0x000000066a800000| Untracked 
| 442|0x000000066b000000, 0x000000066b000000, 0x000000066b800000|  0%| F|  |TAMS 0x000000066b000000, 0x000000066b000000| Untracked 
| 443|0x000000066b800000, 0x000000066b800000, 0x000000066c000000|  0%| F|  |TAMS 0x000000066b800000, 0x000000066b800000| Untracked 
| 444|0x000000066c000000, 0x000000066c000000, 0x000000066c800000|  0%| F|  |TAMS 0x000000066c000000, 0x000000066c000000| Untracked 
| 445|0x000000066c800000, 0x000000066c800000, 0x000000066d000000|  0%| F|  |TAMS 0x000000066c800000, 0x000000066c800000| Untracked 
| 446|0x000000066d000000, 0x000000066d000000, 0x000000066d800000|  0%| F|  |TAMS 0x000000066d000000, 0x000000066d000000| Untracked 
| 447|0x000000066d800000, 0x000000066d800000, 0x000000066e000000|  0%| F|  |TAMS 0x000000066d800000, 0x000000066d800000| Untracked 
| 448|0x000000066e000000, 0x000000066e000000, 0x000000066e800000|  0%| F|  |TAMS 0x000000066e000000, 0x000000066e000000| Untracked 
| 449|0x000000066e800000, 0x000000066e800000, 0x000000066f000000|  0%| F|  |TAMS 0x000000066e800000, 0x000000066e800000| Untracked 
| 450|0x000000066f000000, 0x000000066f000000, 0x000000066f800000|  0%| F|  |TAMS 0x000000066f000000, 0x000000066f000000| Untracked 
| 451|0x000000066f800000, 0x000000066f800000, 0x0000000670000000|  0%| F|  |TAMS 0x000000066f800000, 0x000000066f800000| Untracked 
| 452|0x0000000670000000, 0x0000000670000000, 0x0000000670800000|  0%| F|  |TAMS 0x0000000670000000, 0x0000000670000000| Untracked 
| 453|0x0000000670800000, 0x0000000670800000, 0x0000000671000000|  0%| F|  |TAMS 0x0000000670800000, 0x0000000670800000| Untracked 
| 454|0x0000000671000000, 0x0000000671000000, 0x0000000671800000|  0%| F|  |TAMS 0x0000000671000000, 0x0000000671000000| Untracked 
| 455|0x0000000671800000, 0x0000000671800000, 0x0000000672000000|  0%| F|  |TAMS 0x0000000671800000, 0x0000000671800000| Untracked 
| 456|0x0000000672000000, 0x0000000672000000, 0x0000000672800000|  0%| F|  |TAMS 0x0000000672000000, 0x0000000672000000| Untracked 
| 457|0x0000000672800000, 0x0000000672800000, 0x0000000673000000|  0%| F|  |TAMS 0x0000000672800000, 0x0000000672800000| Untracked 
| 458|0x0000000673000000, 0x0000000673000000, 0x0000000673800000|  0%| F|  |TAMS 0x0000000673000000, 0x0000000673000000| Untracked 
| 459|0x0000000673800000, 0x0000000673800000, 0x0000000674000000|  0%| F|  |TAMS 0x0000000673800000, 0x0000000673800000| Untracked 
| 460|0x0000000674000000, 0x0000000674000000, 0x0000000674800000|  0%| F|  |TAMS 0x0000000674000000, 0x0000000674000000| Untracked 
| 461|0x0000000674800000, 0x0000000674800000, 0x0000000675000000|  0%| F|  |TAMS 0x0000000674800000, 0x0000000674800000| Untracked 
| 462|0x0000000675000000, 0x0000000675000000, 0x0000000675800000|  0%| F|  |TAMS 0x0000000675000000, 0x0000000675000000| Untracked 
| 463|0x0000000675800000, 0x0000000675800000, 0x0000000676000000|  0%| F|  |TAMS 0x0000000675800000, 0x0000000675800000| Untracked 
| 464|0x0000000676000000, 0x0000000676000000, 0x0000000676800000|  0%| F|  |TAMS 0x0000000676000000, 0x0000000676000000| Untracked 
| 465|0x0000000676800000, 0x0000000676800000, 0x0000000677000000|  0%| F|  |TAMS 0x0000000676800000, 0x0000000676800000| Untracked 
| 466|0x0000000677000000, 0x0000000677000000, 0x0000000677800000|  0%| F|  |TAMS 0x0000000677000000, 0x0000000677000000| Untracked 
| 467|0x0000000677800000, 0x0000000677800000, 0x0000000678000000|  0%| F|  |TAMS 0x0000000677800000, 0x0000000677800000| Untracked 
| 468|0x0000000678000000, 0x0000000678000000, 0x0000000678800000|  0%| F|  |TAMS 0x0000000678000000, 0x0000000678000000| Untracked 
| 469|0x0000000678800000, 0x0000000678800000, 0x0000000679000000|  0%| F|  |TAMS 0x0000000678800000, 0x0000000678800000| Untracked 
| 470|0x0000000679000000, 0x0000000679000000, 0x0000000679800000|  0%| F|  |TAMS 0x0000000679000000, 0x0000000679000000| Untracked 
| 471|0x0000000679800000, 0x0000000679800000, 0x000000067a000000|  0%| F|  |TAMS 0x0000000679800000, 0x0000000679800000| Untracked 
| 472|0x000000067a000000, 0x000000067a000000, 0x000000067a800000|  0%| F|  |TAMS 0x000000067a000000, 0x000000067a000000| Untracked 
| 473|0x000000067a800000, 0x000000067a800000, 0x000000067b000000|  0%| F|  |TAMS 0x000000067a800000, 0x000000067a800000| Untracked 
| 474|0x000000067b000000, 0x000000067b000000, 0x000000067b800000|  0%| F|  |TAMS 0x000000067b000000, 0x000000067b000000| Untracked 
| 475|0x000000067b800000, 0x000000067b800000, 0x000000067c000000|  0%| F|  |TAMS 0x000000067b800000, 0x000000067b800000| Untracked 
| 476|0x000000067c000000, 0x000000067c000000, 0x000000067c800000|  0%| F|  |TAMS 0x000000067c000000, 0x000000067c000000| Untracked 
| 477|0x000000067c800000, 0x000000067c800000, 0x000000067d000000|  0%| F|  |TAMS 0x000000067c800000, 0x000000067c800000| Untracked 
| 478|0x000000067d000000, 0x000000067d000000, 0x000000067d800000|  0%| F|  |TAMS 0x000000067d000000, 0x000000067d000000| Untracked 
| 479|0x000000067d800000, 0x000000067d800000, 0x000000067e000000|  0%| F|  |TAMS 0x000000067d800000, 0x000000067d800000| Untracked 
| 480|0x000000067e000000, 0x000000067e000000, 0x000000067e800000|  0%| F|  |TAMS 0x000000067e000000, 0x000000067e000000| Untracked 
| 481|0x000000067e800000, 0x000000067e800000, 0x000000067f000000|  0%| F|  |TAMS 0x000000067e800000, 0x000000067e800000| Untracked 
| 482|0x000000067f000000, 0x000000067f000000, 0x000000067f800000|  0%| F|  |TAMS 0x000000067f000000, 0x000000067f000000| Untracked 
| 483|0x000000067f800000, 0x000000067f800000, 0x0000000680000000|  0%| F|  |TAMS 0x000000067f800000, 0x000000067f800000| Untracked 
| 484|0x0000000680000000, 0x0000000680000000, 0x0000000680800000|  0%| F|  |TAMS 0x0000000680000000, 0x0000000680000000| Untracked 
| 485|0x0000000680800000, 0x0000000680800000, 0x0000000681000000|  0%| F|  |TAMS 0x0000000680800000, 0x0000000680800000| Untracked 
| 486|0x0000000681000000, 0x0000000681000000, 0x0000000681800000|  0%| F|  |TAMS 0x0000000681000000, 0x0000000681000000| Untracked 
| 487|0x0000000681800000, 0x0000000681800000, 0x0000000682000000|  0%| F|  |TAMS 0x0000000681800000, 0x0000000681800000| Untracked 
| 488|0x0000000682000000, 0x0000000682000000, 0x0000000682800000|  0%| F|  |TAMS 0x0000000682000000, 0x0000000682000000| Untracked 
| 489|0x0000000682800000, 0x0000000682800000, 0x0000000683000000|  0%| F|  |TAMS 0x0000000682800000, 0x0000000682800000| Untracked 
| 490|0x0000000683000000, 0x0000000683000000, 0x0000000683800000|  0%| F|  |TAMS 0x0000000683000000, 0x0000000683000000| Untracked 
| 491|0x0000000683800000, 0x0000000683800000, 0x0000000684000000|  0%| F|  |TAMS 0x0000000683800000, 0x0000000683800000| Untracked 
| 492|0x0000000684000000, 0x0000000684000000, 0x0000000684800000|  0%| F|  |TAMS 0x0000000684000000, 0x0000000684000000| Untracked 
| 493|0x0000000684800000, 0x0000000684800000, 0x0000000685000000|  0%| F|  |TAMS 0x0000000684800000, 0x0000000684800000| Untracked 
| 494|0x0000000685000000, 0x0000000685000000, 0x0000000685800000|  0%| F|  |TAMS 0x0000000685000000, 0x0000000685000000| Untracked 
| 495|0x0000000685800000, 0x0000000685800000, 0x0000000686000000|  0%| F|  |TAMS 0x0000000685800000, 0x0000000685800000| Untracked 
| 496|0x0000000686000000, 0x0000000686000000, 0x0000000686800000|  0%| F|  |TAMS 0x0000000686000000, 0x0000000686000000| Untracked 
| 497|0x0000000686800000, 0x0000000686800000, 0x0000000687000000|  0%| F|  |TAMS 0x0000000686800000, 0x0000000686800000| Untracked 
| 498|0x0000000687000000, 0x0000000687000000, 0x0000000687800000|  0%| F|  |TAMS 0x0000000687000000, 0x0000000687000000| Untracked 
| 499|0x0000000687800000, 0x0000000687800000, 0x0000000688000000|  0%| F|  |TAMS 0x0000000687800000, 0x0000000687800000| Untracked 
| 500|0x0000000688000000, 0x0000000688000000, 0x0000000688800000|  0%| F|  |TAMS 0x0000000688000000, 0x0000000688000000| Untracked 
| 501|0x0000000688800000, 0x0000000688800000, 0x0000000689000000|  0%| F|  |TAMS 0x0000000688800000, 0x0000000688800000| Untracked 
| 502|0x0000000689000000, 0x0000000689000000, 0x0000000689800000|  0%| F|  |TAMS 0x0000000689000000, 0x0000000689000000| Untracked 
| 503|0x0000000689800000, 0x0000000689800000, 0x000000068a000000|  0%| F|  |TAMS 0x0000000689800000, 0x0000000689800000| Untracked 
| 504|0x000000068a000000, 0x000000068a000000, 0x000000068a800000|  0%| F|  |TAMS 0x000000068a000000, 0x000000068a000000| Untracked 
| 505|0x000000068a800000, 0x000000068a800000, 0x000000068b000000|  0%| F|  |TAMS 0x000000068a800000, 0x000000068a800000| Untracked 
| 506|0x000000068b000000, 0x000000068b000000, 0x000000068b800000|  0%| F|  |TAMS 0x000000068b000000, 0x000000068b000000| Untracked 
| 507|0x000000068b800000, 0x000000068b800000, 0x000000068c000000|  0%| F|  |TAMS 0x000000068b800000, 0x000000068b800000| Untracked 
| 508|0x000000068c000000, 0x000000068c000000, 0x000000068c800000|  0%| F|  |TAMS 0x000000068c000000, 0x000000068c000000| Untracked 
| 509|0x000000068c800000, 0x000000068c800000, 0x000000068d000000|  0%| F|  |TAMS 0x000000068c800000, 0x000000068c800000| Untracked 
| 510|0x000000068d000000, 0x000000068d000000, 0x000000068d800000|  0%| F|  |TAMS 0x000000068d000000, 0x000000068d000000| Untracked 
| 511|0x000000068d800000, 0x000000068d800000, 0x000000068e000000|  0%| F|  |TAMS 0x000000068d800000, 0x000000068d800000| Untracked 
| 512|0x000000068e000000, 0x000000068e000000, 0x000000068e800000|  0%| F|  |TAMS 0x000000068e000000, 0x000000068e000000| Untracked 
| 513|0x000000068e800000, 0x000000068e800000, 0x000000068f000000|  0%| F|  |TAMS 0x000000068e800000, 0x000000068e800000| Untracked 
| 514|0x000000068f000000, 0x000000068f000000, 0x000000068f800000|  0%| F|  |TAMS 0x000000068f000000, 0x000000068f000000| Untracked 
| 515|0x000000068f800000, 0x000000068f800000, 0x0000000690000000|  0%| F|  |TAMS 0x000000068f800000, 0x000000068f800000| Untracked 
| 516|0x0000000690000000, 0x0000000690000000, 0x0000000690800000|  0%| F|  |TAMS 0x0000000690000000, 0x0000000690000000| Untracked 
| 517|0x0000000690800000, 0x0000000690800000, 0x0000000691000000|  0%| F|  |TAMS 0x0000000690800000, 0x0000000690800000| Untracked 
| 518|0x0000000691000000, 0x0000000691000000, 0x0000000691800000|  0%| F|  |TAMS 0x0000000691000000, 0x0000000691000000| Untracked 
| 519|0x0000000691800000, 0x0000000691800000, 0x0000000692000000|  0%| F|  |TAMS 0x0000000691800000, 0x0000000691800000| Untracked 
| 520|0x0000000692000000, 0x0000000692000000, 0x0000000692800000|  0%| F|  |TAMS 0x0000000692000000, 0x0000000692000000| Untracked 
| 521|0x0000000692800000, 0x0000000692800000, 0x0000000693000000|  0%| F|  |TAMS 0x0000000692800000, 0x0000000692800000| Untracked 
| 522|0x0000000693000000, 0x0000000693000000, 0x0000000693800000|  0%| F|  |TAMS 0x0000000693000000, 0x0000000693000000| Untracked 
| 523|0x0000000693800000, 0x0000000693800000, 0x0000000694000000|  0%| F|  |TAMS 0x0000000693800000, 0x0000000693800000| Untracked 
| 524|0x0000000694000000, 0x00000006944773e0, 0x0000000694800000| 55%| S|CS|TAMS 0x0000000694000000, 0x0000000694000000| Complete 
| 525|0x0000000694800000, 0x0000000695000000, 0x0000000695000000|100%| S|CS|TAMS 0x0000000694800000, 0x0000000694800000| Complete 
| 526|0x0000000695000000, 0x0000000695800000, 0x0000000695800000|100%| S|CS|TAMS 0x0000000695000000, 0x0000000695000000| Complete 
| 527|0x0000000695800000, 0x0000000696000000, 0x0000000696000000|100%| S|CS|TAMS 0x0000000695800000, 0x0000000695800000| Complete 
| 528|0x0000000696000000, 0x0000000696800000, 0x0000000696800000|100%| S|CS|TAMS 0x0000000696000000, 0x0000000696000000| Complete 
| 529|0x0000000696800000, 0x0000000697000000, 0x0000000697000000|100%| S|CS|TAMS 0x0000000696800000, 0x0000000696800000| Complete 
| 530|0x0000000697000000, 0x0000000697800000, 0x0000000697800000|100%| S|CS|TAMS 0x0000000697000000, 0x0000000697000000| Complete 
| 531|0x0000000697800000, 0x0000000698000000, 0x0000000698000000|100%| S|CS|TAMS 0x0000000697800000, 0x0000000697800000| Complete 
| 532|0x0000000698000000, 0x0000000698800000, 0x0000000698800000|100%| S|CS|TAMS 0x0000000698000000, 0x0000000698000000| Complete 
| 533|0x0000000698800000, 0x0000000698800000, 0x0000000699000000|  0%| F|  |TAMS 0x0000000698800000, 0x0000000698800000| Untracked 
| 534|0x0000000699000000, 0x0000000699000000, 0x0000000699800000|  0%| F|  |TAMS 0x0000000699000000, 0x0000000699000000| Untracked 
| 535|0x0000000699800000, 0x0000000699800000, 0x000000069a000000|  0%| F|  |TAMS 0x0000000699800000, 0x0000000699800000| Untracked 
| 536|0x000000069a000000, 0x000000069a000000, 0x000000069a800000|  0%| F|  |TAMS 0x000000069a000000, 0x000000069a000000| Untracked 
| 537|0x000000069a800000, 0x000000069a800000, 0x000000069b000000|  0%| F|  |TAMS 0x000000069a800000, 0x000000069a800000| Untracked 
| 538|0x000000069b000000, 0x000000069b000000, 0x000000069b800000|  0%| F|  |TAMS 0x000000069b000000, 0x000000069b000000| Untracked 
| 539|0x000000069b800000, 0x000000069b800000, 0x000000069c000000|  0%| F|  |TAMS 0x000000069b800000, 0x000000069b800000| Untracked 
| 540|0x000000069c000000, 0x000000069c000000, 0x000000069c800000|  0%| F|  |TAMS 0x000000069c000000, 0x000000069c000000| Untracked 
| 541|0x000000069c800000, 0x000000069c800000, 0x000000069d000000|  0%| F|  |TAMS 0x000000069c800000, 0x000000069c800000| Untracked 
| 542|0x000000069d000000, 0x000000069d000000, 0x000000069d800000|  0%| F|  |TAMS 0x000000069d000000, 0x000000069d000000| Untracked 
| 543|0x000000069d800000, 0x000000069d800000, 0x000000069e000000|  0%| F|  |TAMS 0x000000069d800000, 0x000000069d800000| Untracked 
| 544|0x000000069e000000, 0x000000069e000000, 0x000000069e800000|  0%| F|  |TAMS 0x000000069e000000, 0x000000069e000000| Untracked 
| 545|0x000000069e800000, 0x000000069e800000, 0x000000069f000000|  0%| F|  |TAMS 0x000000069e800000, 0x000000069e800000| Untracked 
| 546|0x000000069f000000, 0x000000069f000000, 0x000000069f800000|  0%| F|  |TAMS 0x000000069f000000, 0x000000069f000000| Untracked 
| 547|0x000000069f800000, 0x000000069f800000, 0x00000006a0000000|  0%| F|  |TAMS 0x000000069f800000, 0x000000069f800000| Untracked 
| 548|0x00000006a0000000, 0x00000006a0000000, 0x00000006a0800000|  0%| F|  |TAMS 0x00000006a0000000, 0x00000006a0000000| Untracked 
| 549|0x00000006a0800000, 0x00000006a0800000, 0x00000006a1000000|  0%| F|  |TAMS 0x00000006a0800000, 0x00000006a0800000| Untracked 
| 550|0x00000006a1000000, 0x00000006a1000000, 0x00000006a1800000|  0%| F|  |TAMS 0x00000006a1000000, 0x00000006a1000000| Untracked 
| 551|0x00000006a1800000, 0x00000006a1800000, 0x00000006a2000000|  0%| F|  |TAMS 0x00000006a1800000, 0x00000006a1800000| Untracked 
| 552|0x00000006a2000000, 0x00000006a2000000, 0x00000006a2800000|  0%| F|  |TAMS 0x00000006a2000000, 0x00000006a2000000| Untracked 
| 553|0x00000006a2800000, 0x00000006a2800000, 0x00000006a3000000|  0%| F|  |TAMS 0x00000006a2800000, 0x00000006a2800000| Untracked 
| 554|0x00000006a3000000, 0x00000006a3000000, 0x00000006a3800000|  0%| F|  |TAMS 0x00000006a3000000, 0x00000006a3000000| Untracked 
| 555|0x00000006a3800000, 0x00000006a3800000, 0x00000006a4000000|  0%| F|  |TAMS 0x00000006a3800000, 0x00000006a3800000| Untracked 
| 556|0x00000006a4000000, 0x00000006a4000000, 0x00000006a4800000|  0%| F|  |TAMS 0x00000006a4000000, 0x00000006a4000000| Untracked 
| 557|0x00000006a4800000, 0x00000006a4800000, 0x00000006a5000000|  0%| F|  |TAMS 0x00000006a4800000, 0x00000006a4800000| Untracked 
| 558|0x00000006a5000000, 0x00000006a5000000, 0x00000006a5800000|  0%| F|  |TAMS 0x00000006a5000000, 0x00000006a5000000| Untracked 
| 559|0x00000006a5800000, 0x00000006a5800000, 0x00000006a6000000|  0%| F|  |TAMS 0x00000006a5800000, 0x00000006a5800000| Untracked 
| 560|0x00000006a6000000, 0x00000006a6000000, 0x00000006a6800000|  0%| F|  |TAMS 0x00000006a6000000, 0x00000006a6000000| Untracked 
| 561|0x00000006a6800000, 0x00000006a6800000, 0x00000006a7000000|  0%| F|  |TAMS 0x00000006a6800000, 0x00000006a6800000| Untracked 
| 562|0x00000006a7000000, 0x00000006a7000000, 0x00000006a7800000|  0%| F|  |TAMS 0x00000006a7000000, 0x00000006a7000000| Untracked 
| 563|0x00000006a7800000, 0x00000006a7800000, 0x00000006a8000000|  0%| F|  |TAMS 0x00000006a7800000, 0x00000006a7800000| Untracked 
| 564|0x00000006a8000000, 0x00000006a8000000, 0x00000006a8800000|  0%| F|  |TAMS 0x00000006a8000000, 0x00000006a8000000| Untracked 
| 565|0x00000006a8800000, 0x00000006a8800000, 0x00000006a9000000|  0%| F|  |TAMS 0x00000006a8800000, 0x00000006a8800000| Untracked 
| 566|0x00000006a9000000, 0x00000006a9000000, 0x00000006a9800000|  0%| F|  |TAMS 0x00000006a9000000, 0x00000006a9000000| Untracked 
| 567|0x00000006a9800000, 0x00000006a9800000, 0x00000006aa000000|  0%| F|  |TAMS 0x00000006a9800000, 0x00000006a9800000| Untracked 
| 568|0x00000006aa000000, 0x00000006aa000000, 0x00000006aa800000|  0%| F|  |TAMS 0x00000006aa000000, 0x00000006aa000000| Untracked 
| 569|0x00000006aa800000, 0x00000006aa800000, 0x00000006ab000000|  0%| F|  |TAMS 0x00000006aa800000, 0x00000006aa800000| Untracked 
| 570|0x00000006ab000000, 0x00000006ab000000, 0x00000006ab800000|  0%| F|  |TAMS 0x00000006ab000000, 0x00000006ab000000| Untracked 
| 571|0x00000006ab800000, 0x00000006ab800000, 0x00000006ac000000|  0%| F|  |TAMS 0x00000006ab800000, 0x00000006ab800000| Untracked 
| 572|0x00000006ac000000, 0x00000006ac000000, 0x00000006ac800000|  0%| F|  |TAMS 0x00000006ac000000, 0x00000006ac000000| Untracked 
| 573|0x00000006ac800000, 0x00000006ac800000, 0x00000006ad000000|  0%| F|  |TAMS 0x00000006ac800000, 0x00000006ac800000| Untracked 
| 574|0x00000006ad000000, 0x00000006ad000000, 0x00000006ad800000|  0%| F|  |TAMS 0x00000006ad000000, 0x00000006ad000000| Untracked 
| 575|0x00000006ad800000, 0x00000006ad800000, 0x00000006ae000000|  0%| F|  |TAMS 0x00000006ad800000, 0x00000006ad800000| Untracked 
| 576|0x00000006ae000000, 0x00000006ae000000, 0x00000006ae800000|  0%| F|  |TAMS 0x00000006ae000000, 0x00000006ae000000| Untracked 
| 577|0x00000006ae800000, 0x00000006ae800000, 0x00000006af000000|  0%| F|  |TAMS 0x00000006ae800000, 0x00000006ae800000| Untracked 
| 578|0x00000006af000000, 0x00000006af000000, 0x00000006af800000|  0%| F|  |TAMS 0x00000006af000000, 0x00000006af000000| Untracked 
| 579|0x00000006af800000, 0x00000006af800000, 0x00000006b0000000|  0%| F|  |TAMS 0x00000006af800000, 0x00000006af800000| Untracked 
| 580|0x00000006b0000000, 0x00000006b0000000, 0x00000006b0800000|  0%| F|  |TAMS 0x00000006b0000000, 0x00000006b0000000| Untracked 
| 581|0x00000006b0800000, 0x00000006b0800000, 0x00000006b1000000|  0%| F|  |TAMS 0x00000006b0800000, 0x00000006b0800000| Untracked 
| 582|0x00000006b1000000, 0x00000006b1000000, 0x00000006b1800000|  0%| F|  |TAMS 0x00000006b1000000, 0x00000006b1000000| Untracked 
| 583|0x00000006b1800000, 0x00000006b1800000, 0x00000006b2000000|  0%| F|  |TAMS 0x00000006b1800000, 0x00000006b1800000| Untracked 
| 584|0x00000006b2000000, 0x00000006b2000000, 0x00000006b2800000|  0%| F|  |TAMS 0x00000006b2000000, 0x00000006b2000000| Untracked 
| 585|0x00000006b2800000, 0x00000006b2800000, 0x00000006b3000000|  0%| F|  |TAMS 0x00000006b2800000, 0x00000006b2800000| Untracked 
| 586|0x00000006b3000000, 0x00000006b3000000, 0x00000006b3800000|  0%| F|  |TAMS 0x00000006b3000000, 0x00000006b3000000| Untracked 
| 587|0x00000006b3800000, 0x00000006b3800000, 0x00000006b4000000|  0%| F|  |TAMS 0x00000006b3800000, 0x00000006b3800000| Untracked 
| 588|0x00000006b4000000, 0x00000006b4000000, 0x00000006b4800000|  0%| F|  |TAMS 0x00000006b4000000, 0x00000006b4000000| Untracked 
| 589|0x00000006b4800000, 0x00000006b4800000, 0x00000006b5000000|  0%| F|  |TAMS 0x00000006b4800000, 0x00000006b4800000| Untracked 
| 590|0x00000006b5000000, 0x00000006b5000000, 0x00000006b5800000|  0%| F|  |TAMS 0x00000006b5000000, 0x00000006b5000000| Untracked 
| 591|0x00000006b5800000, 0x00000006b5800000, 0x00000006b6000000|  0%| F|  |TAMS 0x00000006b5800000, 0x00000006b5800000| Untracked 
| 592|0x00000006b6000000, 0x00000006b6000000, 0x00000006b6800000|  0%| F|  |TAMS 0x00000006b6000000, 0x00000006b6000000| Untracked 
| 593|0x00000006b6800000, 0x00000006b6800000, 0x00000006b7000000|  0%| F|  |TAMS 0x00000006b6800000, 0x00000006b6800000| Untracked 
| 594|0x00000006b7000000, 0x00000006b7000000, 0x00000006b7800000|  0%| F|  |TAMS 0x00000006b7000000, 0x00000006b7000000| Untracked 
| 595|0x00000006b7800000, 0x00000006b7800000, 0x00000006b8000000|  0%| F|  |TAMS 0x00000006b7800000, 0x00000006b7800000| Untracked 
| 596|0x00000006b8000000, 0x00000006b8000000, 0x00000006b8800000|  0%| F|  |TAMS 0x00000006b8000000, 0x00000006b8000000| Untracked 
| 597|0x00000006b8800000, 0x00000006b8800000, 0x00000006b9000000|  0%| F|  |TAMS 0x00000006b8800000, 0x00000006b8800000| Untracked 
| 598|0x00000006b9000000, 0x00000006b9000000, 0x00000006b9800000|  0%| F|  |TAMS 0x00000006b9000000, 0x00000006b9000000| Untracked 
| 599|0x00000006b9800000, 0x00000006b9800000, 0x00000006ba000000|  0%| F|  |TAMS 0x00000006b9800000, 0x00000006b9800000| Untracked 
| 600|0x00000006ba000000, 0x00000006ba000000, 0x00000006ba800000|  0%| F|  |TAMS 0x00000006ba000000, 0x00000006ba000000| Untracked 
| 601|0x00000006ba800000, 0x00000006ba800000, 0x00000006bb000000|  0%| F|  |TAMS 0x00000006ba800000, 0x00000006ba800000| Untracked 
| 602|0x00000006bb000000, 0x00000006bb000000, 0x00000006bb800000|  0%| F|  |TAMS 0x00000006bb000000, 0x00000006bb000000| Untracked 
| 603|0x00000006bb800000, 0x00000006bb800000, 0x00000006bc000000|  0%| F|  |TAMS 0x00000006bb800000, 0x00000006bb800000| Untracked 
| 604|0x00000006bc000000, 0x00000006bc000000, 0x00000006bc800000|  0%| F|  |TAMS 0x00000006bc000000, 0x00000006bc000000| Untracked 
| 605|0x00000006bc800000, 0x00000006bc800000, 0x00000006bd000000|  0%| F|  |TAMS 0x00000006bc800000, 0x00000006bc800000| Untracked 
| 606|0x00000006bd000000, 0x00000006bd000000, 0x00000006bd800000|  0%| F|  |TAMS 0x00000006bd000000, 0x00000006bd000000| Untracked 
| 607|0x00000006bd800000, 0x00000006bd800000, 0x00000006be000000|  0%| F|  |TAMS 0x00000006bd800000, 0x00000006bd800000| Untracked 
| 608|0x00000006be000000, 0x00000006be000000, 0x00000006be800000|  0%| F|  |TAMS 0x00000006be000000, 0x00000006be000000| Untracked 
| 609|0x00000006be800000, 0x00000006be800000, 0x00000006bf000000|  0%| F|  |TAMS 0x00000006be800000, 0x00000006be800000| Untracked 
| 610|0x00000006bf000000, 0x00000006bf000000, 0x00000006bf800000|  0%| F|  |TAMS 0x00000006bf000000, 0x00000006bf000000| Untracked 
| 611|0x00000006bf800000, 0x00000006bf800000, 0x00000006c0000000|  0%| F|  |TAMS 0x00000006bf800000, 0x00000006bf800000| Untracked 
| 612|0x00000006c0000000, 0x00000006c0000000, 0x00000006c0800000|  0%| F|  |TAMS 0x00000006c0000000, 0x00000006c0000000| Untracked 
| 613|0x00000006c0800000, 0x00000006c0800000, 0x00000006c1000000|  0%| F|  |TAMS 0x00000006c0800000, 0x00000006c0800000| Untracked 
| 614|0x00000006c1000000, 0x00000006c1000000, 0x00000006c1800000|  0%| F|  |TAMS 0x00000006c1000000, 0x00000006c1000000| Untracked 
| 615|0x00000006c1800000, 0x00000006c1800000, 0x00000006c2000000|  0%| F|  |TAMS 0x00000006c1800000, 0x00000006c1800000| Untracked 
| 616|0x00000006c2000000, 0x00000006c2000000, 0x00000006c2800000|  0%| F|  |TAMS 0x00000006c2000000, 0x00000006c2000000| Untracked 
| 617|0x00000006c2800000, 0x00000006c2800000, 0x00000006c3000000|  0%| F|  |TAMS 0x00000006c2800000, 0x00000006c2800000| Untracked 
| 618|0x00000006c3000000, 0x00000006c3000000, 0x00000006c3800000|  0%| F|  |TAMS 0x00000006c3000000, 0x00000006c3000000| Untracked 
| 619|0x00000006c3800000, 0x00000006c3800000, 0x00000006c4000000|  0%| F|  |TAMS 0x00000006c3800000, 0x00000006c3800000| Untracked 
| 620|0x00000006c4000000, 0x00000006c4000000, 0x00000006c4800000|  0%| F|  |TAMS 0x00000006c4000000, 0x00000006c4000000| Untracked 
| 621|0x00000006c4800000, 0x00000006c4800000, 0x00000006c5000000|  0%| F|  |TAMS 0x00000006c4800000, 0x00000006c4800000| Untracked 
| 622|0x00000006c5000000, 0x00000006c5000000, 0x00000006c5800000|  0%| F|  |TAMS 0x00000006c5000000, 0x00000006c5000000| Untracked 
| 623|0x00000006c5800000, 0x00000006c5800000, 0x00000006c6000000|  0%| F|  |TAMS 0x00000006c5800000, 0x00000006c5800000| Untracked 
| 624|0x00000006c6000000, 0x00000006c6000000, 0x00000006c6800000|  0%| F|  |TAMS 0x00000006c6000000, 0x00000006c6000000| Untracked 
| 625|0x00000006c6800000, 0x00000006c6800000, 0x00000006c7000000|  0%| F|  |TAMS 0x00000006c6800000, 0x00000006c6800000| Untracked 
| 626|0x00000006c7000000, 0x00000006c7000000, 0x00000006c7800000|  0%| F|  |TAMS 0x00000006c7000000, 0x00000006c7000000| Untracked 
| 627|0x00000006c7800000, 0x00000006c7800000, 0x00000006c8000000|  0%| F|  |TAMS 0x00000006c7800000, 0x00000006c7800000| Untracked 
| 628|0x00000006c8000000, 0x00000006c8000000, 0x00000006c8800000|  0%| F|  |TAMS 0x00000006c8000000, 0x00000006c8000000| Untracked 
| 629|0x00000006c8800000, 0x00000006c8800000, 0x00000006c9000000|  0%| F|  |TAMS 0x00000006c8800000, 0x00000006c8800000| Untracked 
| 630|0x00000006c9000000, 0x00000006c9000000, 0x00000006c9800000|  0%| F|  |TAMS 0x00000006c9000000, 0x00000006c9000000| Untracked 
| 631|0x00000006c9800000, 0x00000006c9800000, 0x00000006ca000000|  0%| F|  |TAMS 0x00000006c9800000, 0x00000006c9800000| Untracked 
| 632|0x00000006ca000000, 0x00000006ca000000, 0x00000006ca800000|  0%| F|  |TAMS 0x00000006ca000000, 0x00000006ca000000| Untracked 
| 633|0x00000006ca800000, 0x00000006ca800000, 0x00000006cb000000|  0%| F|  |TAMS 0x00000006ca800000, 0x00000006ca800000| Untracked 
| 634|0x00000006cb000000, 0x00000006cb000000, 0x00000006cb800000|  0%| F|  |TAMS 0x00000006cb000000, 0x00000006cb000000| Untracked 
| 635|0x00000006cb800000, 0x00000006cb800000, 0x00000006cc000000|  0%| F|  |TAMS 0x00000006cb800000, 0x00000006cb800000| Untracked 
| 636|0x00000006cc000000, 0x00000006cc000000, 0x00000006cc800000|  0%| F|  |TAMS 0x00000006cc000000, 0x00000006cc000000| Untracked 
| 637|0x00000006cc800000, 0x00000006cc800000, 0x00000006cd000000|  0%| F|  |TAMS 0x00000006cc800000, 0x00000006cc800000| Untracked 
| 638|0x00000006cd000000, 0x00000006cd000000, 0x00000006cd800000|  0%| F|  |TAMS 0x00000006cd000000, 0x00000006cd000000| Untracked 
| 639|0x00000006cd800000, 0x00000006cd800000, 0x00000006ce000000|  0%| F|  |TAMS 0x00000006cd800000, 0x00000006cd800000| Untracked 
| 640|0x00000006ce000000, 0x00000006ce000000, 0x00000006ce800000|  0%| F|  |TAMS 0x00000006ce000000, 0x00000006ce000000| Untracked 
| 641|0x00000006ce800000, 0x00000006ce800000, 0x00000006cf000000|  0%| F|  |TAMS 0x00000006ce800000, 0x00000006ce800000| Untracked 
| 642|0x00000006cf000000, 0x00000006cf000000, 0x00000006cf800000|  0%| F|  |TAMS 0x00000006cf000000, 0x00000006cf000000| Untracked 
| 643|0x00000006cf800000, 0x00000006cf800000, 0x00000006d0000000|  0%| F|  |TAMS 0x00000006cf800000, 0x00000006cf800000| Untracked 
| 644|0x00000006d0000000, 0x00000006d0000000, 0x00000006d0800000|  0%| F|  |TAMS 0x00000006d0000000, 0x00000006d0000000| Untracked 
| 645|0x00000006d0800000, 0x00000006d0800000, 0x00000006d1000000|  0%| F|  |TAMS 0x00000006d0800000, 0x00000006d0800000| Untracked 
| 646|0x00000006d1000000, 0x00000006d1000000, 0x00000006d1800000|  0%| F|  |TAMS 0x00000006d1000000, 0x00000006d1000000| Untracked 
| 647|0x00000006d1800000, 0x00000006d1800000, 0x00000006d2000000|  0%| F|  |TAMS 0x00000006d1800000, 0x00000006d1800000| Untracked 
| 648|0x00000006d2000000, 0x00000006d2000000, 0x00000006d2800000|  0%| F|  |TAMS 0x00000006d2000000, 0x00000006d2000000| Untracked 
| 649|0x00000006d2800000, 0x00000006d2800000, 0x00000006d3000000|  0%| F|  |TAMS 0x00000006d2800000, 0x00000006d2800000| Untracked 
| 650|0x00000006d3000000, 0x00000006d3000000, 0x00000006d3800000|  0%| F|  |TAMS 0x00000006d3000000, 0x00000006d3000000| Untracked 
| 651|0x00000006d3800000, 0x00000006d3800000, 0x00000006d4000000|  0%| F|  |TAMS 0x00000006d3800000, 0x00000006d3800000| Untracked 
| 652|0x00000006d4000000, 0x00000006d4000000, 0x00000006d4800000|  0%| F|  |TAMS 0x00000006d4000000, 0x00000006d4000000| Untracked 
| 653|0x00000006d4800000, 0x00000006d4800000, 0x00000006d5000000|  0%| F|  |TAMS 0x00000006d4800000, 0x00000006d4800000| Untracked 
| 654|0x00000006d5000000, 0x00000006d5000000, 0x00000006d5800000|  0%| F|  |TAMS 0x00000006d5000000, 0x00000006d5000000| Untracked 
| 655|0x00000006d5800000, 0x00000006d5800000, 0x00000006d6000000|  0%| F|  |TAMS 0x00000006d5800000, 0x00000006d5800000| Untracked 
| 656|0x00000006d6000000, 0x00000006d6000000, 0x00000006d6800000|  0%| F|  |TAMS 0x00000006d6000000, 0x00000006d6000000| Untracked 
| 657|0x00000006d6800000, 0x00000006d6800000, 0x00000006d7000000|  0%| F|  |TAMS 0x00000006d6800000, 0x00000006d6800000| Untracked 
| 658|0x00000006d7000000, 0x00000006d7000000, 0x00000006d7800000|  0%| F|  |TAMS 0x00000006d7000000, 0x00000006d7000000| Untracked 
| 659|0x00000006d7800000, 0x00000006d7800000, 0x00000006d8000000|  0%| F|  |TAMS 0x00000006d7800000, 0x00000006d7800000| Untracked 
| 660|0x00000006d8000000, 0x00000006d8000000, 0x00000006d8800000|  0%| F|  |TAMS 0x00000006d8000000, 0x00000006d8000000| Untracked 
| 661|0x00000006d8800000, 0x00000006d8800000, 0x00000006d9000000|  0%| F|  |TAMS 0x00000006d8800000, 0x00000006d8800000| Untracked 
| 662|0x00000006d9000000, 0x00000006d9000000, 0x00000006d9800000|  0%| F|  |TAMS 0x00000006d9000000, 0x00000006d9000000| Untracked 
| 663|0x00000006d9800000, 0x00000006d9800000, 0x00000006da000000|  0%| F|  |TAMS 0x00000006d9800000, 0x00000006d9800000| Untracked 
| 664|0x00000006da000000, 0x00000006da000000, 0x00000006da800000|  0%| F|  |TAMS 0x00000006da000000, 0x00000006da000000| Untracked 
| 665|0x00000006da800000, 0x00000006da800000, 0x00000006db000000|  0%| F|  |TAMS 0x00000006da800000, 0x00000006da800000| Untracked 
| 666|0x00000006db000000, 0x00000006db000000, 0x00000006db800000|  0%| F|  |TAMS 0x00000006db000000, 0x00000006db000000| Untracked 
| 667|0x00000006db800000, 0x00000006db800000, 0x00000006dc000000|  0%| F|  |TAMS 0x00000006db800000, 0x00000006db800000| Untracked 
| 668|0x00000006dc000000, 0x00000006dc000000, 0x00000006dc800000|  0%| F|  |TAMS 0x00000006dc000000, 0x00000006dc000000| Untracked 
| 669|0x00000006dc800000, 0x00000006dc800000, 0x00000006dd000000|  0%| F|  |TAMS 0x00000006dc800000, 0x00000006dc800000| Untracked 
| 670|0x00000006dd000000, 0x00000006dd000000, 0x00000006dd800000|  0%| F|  |TAMS 0x00000006dd000000, 0x00000006dd000000| Untracked 
| 671|0x00000006dd800000, 0x00000006dd800000, 0x00000006de000000|  0%| F|  |TAMS 0x00000006dd800000, 0x00000006dd800000| Untracked 
| 672|0x00000006de000000, 0x00000006de000000, 0x00000006de800000|  0%| F|  |TAMS 0x00000006de000000, 0x00000006de000000| Untracked 
| 673|0x00000006de800000, 0x00000006de800000, 0x00000006df000000|  0%| F|  |TAMS 0x00000006de800000, 0x00000006de800000| Untracked 
| 674|0x00000006df000000, 0x00000006df000000, 0x00000006df800000|  0%| F|  |TAMS 0x00000006df000000, 0x00000006df000000| Untracked 
| 675|0x00000006df800000, 0x00000006df800000, 0x00000006e0000000|  0%| F|  |TAMS 0x00000006df800000, 0x00000006df800000| Untracked 
| 676|0x00000006e0000000, 0x00000006e0000000, 0x00000006e0800000|  0%| F|  |TAMS 0x00000006e0000000, 0x00000006e0000000| Untracked 
| 677|0x00000006e0800000, 0x00000006e0800000, 0x00000006e1000000|  0%| F|  |TAMS 0x00000006e0800000, 0x00000006e0800000| Untracked 
| 678|0x00000006e1000000, 0x00000006e1000000, 0x00000006e1800000|  0%| F|  |TAMS 0x00000006e1000000, 0x00000006e1000000| Untracked 
| 679|0x00000006e1800000, 0x00000006e1800000, 0x00000006e2000000|  0%| F|  |TAMS 0x00000006e1800000, 0x00000006e1800000| Untracked 
| 680|0x00000006e2000000, 0x00000006e2000000, 0x00000006e2800000|  0%| F|  |TAMS 0x00000006e2000000, 0x00000006e2000000| Untracked 
| 681|0x00000006e2800000, 0x00000006e2800000, 0x00000006e3000000|  0%| F|  |TAMS 0x00000006e2800000, 0x00000006e2800000| Untracked 
| 682|0x00000006e3000000, 0x00000006e3000000, 0x00000006e3800000|  0%| F|  |TAMS 0x00000006e3000000, 0x00000006e3000000| Untracked 
| 683|0x00000006e3800000, 0x00000006e3800000, 0x00000006e4000000|  0%| F|  |TAMS 0x00000006e3800000, 0x00000006e3800000| Untracked 
| 684|0x00000006e4000000, 0x00000006e4000000, 0x00000006e4800000|  0%| F|  |TAMS 0x00000006e4000000, 0x00000006e4000000| Untracked 
| 685|0x00000006e4800000, 0x00000006e4800000, 0x00000006e5000000|  0%| F|  |TAMS 0x00000006e4800000, 0x00000006e4800000| Untracked 
| 686|0x00000006e5000000, 0x00000006e5000000, 0x00000006e5800000|  0%| F|  |TAMS 0x00000006e5000000, 0x00000006e5000000| Untracked 
| 687|0x00000006e5800000, 0x00000006e5800000, 0x00000006e6000000|  0%| F|  |TAMS 0x00000006e5800000, 0x00000006e5800000| Untracked 
| 688|0x00000006e6000000, 0x00000006e6000000, 0x00000006e6800000|  0%| F|  |TAMS 0x00000006e6000000, 0x00000006e6000000| Untracked 
| 689|0x00000006e6800000, 0x00000006e6800000, 0x00000006e7000000|  0%| F|  |TAMS 0x00000006e6800000, 0x00000006e6800000| Untracked 
| 690|0x00000006e7000000, 0x00000006e7000000, 0x00000006e7800000|  0%| F|  |TAMS 0x00000006e7000000, 0x00000006e7000000| Untracked 
| 691|0x00000006e7800000, 0x00000006e7800000, 0x00000006e8000000|  0%| F|  |TAMS 0x00000006e7800000, 0x00000006e7800000| Untracked 
| 692|0x00000006e8000000, 0x00000006e8000000, 0x00000006e8800000|  0%| F|  |TAMS 0x00000006e8000000, 0x00000006e8000000| Untracked 
| 693|0x00000006e8800000, 0x00000006e8800000, 0x00000006e9000000|  0%| F|  |TAMS 0x00000006e8800000, 0x00000006e8800000| Untracked 
| 694|0x00000006e9000000, 0x00000006e9000000, 0x00000006e9800000|  0%| F|  |TAMS 0x00000006e9000000, 0x00000006e9000000| Untracked 
| 695|0x00000006e9800000, 0x00000006e9800000, 0x00000006ea000000|  0%| F|  |TAMS 0x00000006e9800000, 0x00000006e9800000| Untracked 
| 696|0x00000006ea000000, 0x00000006ea000000, 0x00000006ea800000|  0%| F|  |TAMS 0x00000006ea000000, 0x00000006ea000000| Untracked 
| 697|0x00000006ea800000, 0x00000006ea800000, 0x00000006eb000000|  0%| F|  |TAMS 0x00000006ea800000, 0x00000006ea800000| Untracked 
| 698|0x00000006eb000000, 0x00000006eb000000, 0x00000006eb800000|  0%| F|  |TAMS 0x00000006eb000000, 0x00000006eb000000| Untracked 
| 699|0x00000006eb800000, 0x00000006eb800000, 0x00000006ec000000|  0%| F|  |TAMS 0x00000006eb800000, 0x00000006eb800000| Untracked 
| 700|0x00000006ec000000, 0x00000006ec000000, 0x00000006ec800000|  0%| F|  |TAMS 0x00000006ec000000, 0x00000006ec000000| Untracked 
| 701|0x00000006ec800000, 0x00000006ec800000, 0x00000006ed000000|  0%| F|  |TAMS 0x00000006ec800000, 0x00000006ec800000| Untracked 
| 702|0x00000006ed000000, 0x00000006ed000000, 0x00000006ed800000|  0%| F|  |TAMS 0x00000006ed000000, 0x00000006ed000000| Untracked 
| 703|0x00000006ed800000, 0x00000006ed800000, 0x00000006ee000000|  0%| F|  |TAMS 0x00000006ed800000, 0x00000006ed800000| Untracked 
| 704|0x00000006ee000000, 0x00000006ee000000, 0x00000006ee800000|  0%| F|  |TAMS 0x00000006ee000000, 0x00000006ee000000| Untracked 
| 705|0x00000006ee800000, 0x00000006ee800000, 0x00000006ef000000|  0%| F|  |TAMS 0x00000006ee800000, 0x00000006ee800000| Untracked 
| 706|0x00000006ef000000, 0x00000006ef000000, 0x00000006ef800000|  0%| F|  |TAMS 0x00000006ef000000, 0x00000006ef000000| Untracked 
| 707|0x00000006ef800000, 0x00000006ef800000, 0x00000006f0000000|  0%| F|  |TAMS 0x00000006ef800000, 0x00000006ef800000| Untracked 
| 708|0x00000006f0000000, 0x00000006f0000000, 0x00000006f0800000|  0%| F|  |TAMS 0x00000006f0000000, 0x00000006f0000000| Untracked 
| 709|0x00000006f0800000, 0x00000006f0800000, 0x00000006f1000000|  0%| F|  |TAMS 0x00000006f0800000, 0x00000006f0800000| Untracked 
| 710|0x00000006f1000000, 0x00000006f1000000, 0x00000006f1800000|  0%| F|  |TAMS 0x00000006f1000000, 0x00000006f1000000| Untracked 
| 711|0x00000006f1800000, 0x00000006f1800000, 0x00000006f2000000|  0%| F|  |TAMS 0x00000006f1800000, 0x00000006f1800000| Untracked 
| 712|0x00000006f2000000, 0x00000006f2000000, 0x00000006f2800000|  0%| F|  |TAMS 0x00000006f2000000, 0x00000006f2000000| Untracked 
| 713|0x00000006f2800000, 0x00000006f2800000, 0x00000006f3000000|  0%| F|  |TAMS 0x00000006f2800000, 0x00000006f2800000| Untracked 
| 714|0x00000006f3000000, 0x00000006f3000000, 0x00000006f3800000|  0%| F|  |TAMS 0x00000006f3000000, 0x00000006f3000000| Untracked 
| 715|0x00000006f3800000, 0x00000006f3800000, 0x00000006f4000000|  0%| F|  |TAMS 0x00000006f3800000, 0x00000006f3800000| Untracked 
| 716|0x00000006f4000000, 0x00000006f4000000, 0x00000006f4800000|  0%| F|  |TAMS 0x00000006f4000000, 0x00000006f4000000| Untracked 
| 717|0x00000006f4800000, 0x00000006f4800000, 0x00000006f5000000|  0%| F|  |TAMS 0x00000006f4800000, 0x00000006f4800000| Untracked 
| 718|0x00000006f5000000, 0x00000006f5000000, 0x00000006f5800000|  0%| F|  |TAMS 0x00000006f5000000, 0x00000006f5000000| Untracked 
| 719|0x00000006f5800000, 0x00000006f5800000, 0x00000006f6000000|  0%| F|  |TAMS 0x00000006f5800000, 0x00000006f5800000| Untracked 
| 720|0x00000006f6000000, 0x00000006f6000000, 0x00000006f6800000|  0%| F|  |TAMS 0x00000006f6000000, 0x00000006f6000000| Untracked 
| 721|0x00000006f6800000, 0x00000006f6800000, 0x00000006f7000000|  0%| F|  |TAMS 0x00000006f6800000, 0x00000006f6800000| Untracked 
| 722|0x00000006f7000000, 0x00000006f7000000, 0x00000006f7800000|  0%| F|  |TAMS 0x00000006f7000000, 0x00000006f7000000| Untracked 
| 723|0x00000006f7800000, 0x00000006f7800000, 0x00000006f8000000|  0%| F|  |TAMS 0x00000006f7800000, 0x00000006f7800000| Untracked 
| 724|0x00000006f8000000, 0x00000006f8000000, 0x00000006f8800000|  0%| F|  |TAMS 0x00000006f8000000, 0x00000006f8000000| Untracked 
| 725|0x00000006f8800000, 0x00000006f9000000, 0x00000006f9000000|100%| E|  |TAMS 0x00000006f8800000, 0x00000006f8800000| Complete 
| 726|0x00000006f9000000, 0x00000006f9800000, 0x00000006f9800000|100%| E|CS|TAMS 0x00000006f9000000, 0x00000006f9000000| Complete 
| 727|0x00000006f9800000, 0x00000006fa000000, 0x00000006fa000000|100%| E|CS|TAMS 0x00000006f9800000, 0x00000006f9800000| Complete 
| 728|0x00000006fa000000, 0x00000006fa800000, 0x00000006fa800000|100%| E|CS|TAMS 0x00000006fa000000, 0x00000006fa000000| Complete 
| 729|0x00000006fa800000, 0x00000006fb000000, 0x00000006fb000000|100%| E|CS|TAMS 0x00000006fa800000, 0x00000006fa800000| Complete 
| 730|0x00000006fb000000, 0x00000006fb800000, 0x00000006fb800000|100%| E|CS|TAMS 0x00000006fb000000, 0x00000006fb000000| Complete 
| 731|0x00000006fb800000, 0x00000006fc000000, 0x00000006fc000000|100%| E|CS|TAMS 0x00000006fb800000, 0x00000006fb800000| Complete 
| 732|0x00000006fc000000, 0x00000006fc800000, 0x00000006fc800000|100%| E|CS|TAMS 0x00000006fc000000, 0x00000006fc000000| Complete 
| 733|0x00000006fc800000, 0x00000006fd000000, 0x00000006fd000000|100%| E|CS|TAMS 0x00000006fc800000, 0x00000006fc800000| Complete 
| 734|0x00000006fd000000, 0x00000006fd800000, 0x00000006fd800000|100%| E|CS|TAMS 0x00000006fd000000, 0x00000006fd000000| Complete 
| 735|0x00000006fd800000, 0x00000006fe000000, 0x00000006fe000000|100%| E|  |TAMS 0x00000006fd800000, 0x00000006fd800000| Complete 
| 736|0x00000006fe000000, 0x00000006fe800000, 0x00000006fe800000|100%| E|CS|TAMS 0x00000006fe000000, 0x00000006fe000000| Complete 
| 737|0x00000006fe800000, 0x00000006ff000000, 0x00000006ff000000|100%| E|CS|TAMS 0x00000006fe800000, 0x00000006fe800000| Complete 
| 738|0x00000006ff000000, 0x00000006ff800000, 0x00000006ff800000|100%| E|CS|TAMS 0x00000006ff000000, 0x00000006ff000000| Complete 
| 739|0x00000006ff800000, 0x0000000700000000, 0x0000000700000000|100%| E|CS|TAMS 0x00000006ff800000, 0x00000006ff800000| Complete 
| 740|0x0000000700000000, 0x0000000700800000, 0x0000000700800000|100%| E|CS|TAMS 0x0000000700000000, 0x0000000700000000| Complete 
| 741|0x0000000700800000, 0x0000000701000000, 0x0000000701000000|100%| E|CS|TAMS 0x0000000700800000, 0x0000000700800000| Complete 
| 742|0x0000000701000000, 0x0000000701800000, 0x0000000701800000|100%| E|CS|TAMS 0x0000000701000000, 0x0000000701000000| Complete 
| 743|0x0000000701800000, 0x0000000702000000, 0x0000000702000000|100%| E|CS|TAMS 0x0000000701800000, 0x0000000701800000| Complete 
| 744|0x0000000702000000, 0x0000000702800000, 0x0000000702800000|100%| E|CS|TAMS 0x0000000702000000, 0x0000000702000000| Complete 
| 745|0x0000000702800000, 0x0000000703000000, 0x0000000703000000|100%| E|CS|TAMS 0x0000000702800000, 0x0000000702800000| Complete 
| 746|0x0000000703000000, 0x0000000703800000, 0x0000000703800000|100%| E|CS|TAMS 0x0000000703000000, 0x0000000703000000| Complete 
| 747|0x0000000703800000, 0x0000000704000000, 0x0000000704000000|100%| E|CS|TAMS 0x0000000703800000, 0x0000000703800000| Complete 
| 748|0x0000000704000000, 0x0000000704800000, 0x0000000704800000|100%| E|CS|TAMS 0x0000000704000000, 0x0000000704000000| Complete 
| 749|0x0000000704800000, 0x0000000705000000, 0x0000000705000000|100%| E|CS|TAMS 0x0000000704800000, 0x0000000704800000| Complete 
| 750|0x0000000705000000, 0x0000000705800000, 0x0000000705800000|100%| E|CS|TAMS 0x0000000705000000, 0x0000000705000000| Complete 
| 751|0x0000000705800000, 0x0000000706000000, 0x0000000706000000|100%| E|CS|TAMS 0x0000000705800000, 0x0000000705800000| Complete 
| 752|0x0000000706000000, 0x0000000706800000, 0x0000000706800000|100%| E|CS|TAMS 0x0000000706000000, 0x0000000706000000| Complete 
| 753|0x0000000706800000, 0x0000000707000000, 0x0000000707000000|100%| E|CS|TAMS 0x0000000706800000, 0x0000000706800000| Complete 
| 754|0x0000000707000000, 0x0000000707800000, 0x0000000707800000|100%| E|CS|TAMS 0x0000000707000000, 0x0000000707000000| Complete 
| 755|0x0000000707800000, 0x0000000708000000, 0x0000000708000000|100%| E|CS|TAMS 0x0000000707800000, 0x0000000707800000| Complete 
| 756|0x0000000708000000, 0x0000000708800000, 0x0000000708800000|100%| E|CS|TAMS 0x0000000708000000, 0x0000000708000000| Complete 
| 757|0x0000000708800000, 0x0000000709000000, 0x0000000709000000|100%| E|CS|TAMS 0x0000000708800000, 0x0000000708800000| Complete 
| 758|0x0000000709000000, 0x0000000709800000, 0x0000000709800000|100%| E|CS|TAMS 0x0000000709000000, 0x0000000709000000| Complete 
| 759|0x0000000709800000, 0x000000070a000000, 0x000000070a000000|100%| E|CS|TAMS 0x0000000709800000, 0x0000000709800000| Complete 
| 760|0x000000070a000000, 0x000000070a800000, 0x000000070a800000|100%| E|CS|TAMS 0x000000070a000000, 0x000000070a000000| Complete 
| 761|0x000000070a800000, 0x000000070b000000, 0x000000070b000000|100%| E|CS|TAMS 0x000000070a800000, 0x000000070a800000| Complete 
| 762|0x000000070b000000, 0x000000070b800000, 0x000000070b800000|100%| E|CS|TAMS 0x000000070b000000, 0x000000070b000000| Complete 
| 763|0x000000070b800000, 0x000000070c000000, 0x000000070c000000|100%| E|CS|TAMS 0x000000070b800000, 0x000000070b800000| Complete 
| 764|0x000000070c000000, 0x000000070c800000, 0x000000070c800000|100%| E|CS|TAMS 0x000000070c000000, 0x000000070c000000| Complete 
| 765|0x000000070c800000, 0x000000070d000000, 0x000000070d000000|100%| E|CS|TAMS 0x000000070c800000, 0x000000070c800000| Complete 
| 766|0x000000070d000000, 0x000000070d800000, 0x000000070d800000|100%| E|CS|TAMS 0x000000070d000000, 0x000000070d000000| Complete 
| 767|0x000000070d800000, 0x000000070e000000, 0x000000070e000000|100%| E|CS|TAMS 0x000000070d800000, 0x000000070d800000| Complete 
| 768|0x000000070e000000, 0x000000070e800000, 0x000000070e800000|100%| E|CS|TAMS 0x000000070e000000, 0x000000070e000000| Complete 
| 769|0x000000070e800000, 0x000000070f000000, 0x000000070f000000|100%| E|CS|TAMS 0x000000070e800000, 0x000000070e800000| Complete 
| 770|0x000000070f000000, 0x000000070f800000, 0x000000070f800000|100%| E|CS|TAMS 0x000000070f000000, 0x000000070f000000| Complete 
| 771|0x000000070f800000, 0x0000000710000000, 0x0000000710000000|100%| E|CS|TAMS 0x000000070f800000, 0x000000070f800000| Complete 
| 772|0x0000000710000000, 0x0000000710800000, 0x0000000710800000|100%| E|CS|TAMS 0x0000000710000000, 0x0000000710000000| Complete 
| 773|0x0000000710800000, 0x0000000711000000, 0x0000000711000000|100%| E|CS|TAMS 0x0000000710800000, 0x0000000710800000| Complete 
| 774|0x0000000711000000, 0x0000000711800000, 0x0000000711800000|100%| E|CS|TAMS 0x0000000711000000, 0x0000000711000000| Complete 
| 775|0x0000000711800000, 0x0000000712000000, 0x0000000712000000|100%| E|CS|TAMS 0x0000000711800000, 0x0000000711800000| Complete 
| 776|0x0000000712000000, 0x0000000712800000, 0x0000000712800000|100%| E|CS|TAMS 0x0000000712000000, 0x0000000712000000| Complete 
| 777|0x0000000712800000, 0x0000000713000000, 0x0000000713000000|100%| E|CS|TAMS 0x0000000712800000, 0x0000000712800000| Complete 
| 778|0x0000000713000000, 0x0000000713800000, 0x0000000713800000|100%| E|CS|TAMS 0x0000000713000000, 0x0000000713000000| Complete 
| 779|0x0000000713800000, 0x0000000714000000, 0x0000000714000000|100%| E|CS|TAMS 0x0000000713800000, 0x0000000713800000| Complete 
| 780|0x0000000714000000, 0x0000000714800000, 0x0000000714800000|100%| E|CS|TAMS 0x0000000714000000, 0x0000000714000000| Complete 
| 781|0x0000000714800000, 0x0000000715000000, 0x0000000715000000|100%| E|CS|TAMS 0x0000000714800000, 0x0000000714800000| Complete 
| 782|0x0000000715000000, 0x0000000715800000, 0x0000000715800000|100%| E|CS|TAMS 0x0000000715000000, 0x0000000715000000| Complete 
| 783|0x0000000715800000, 0x0000000716000000, 0x0000000716000000|100%| E|CS|TAMS 0x0000000715800000, 0x0000000715800000| Complete 
| 784|0x0000000716000000, 0x0000000716800000, 0x0000000716800000|100%| E|CS|TAMS 0x0000000716000000, 0x0000000716000000| Complete 
| 785|0x0000000716800000, 0x0000000717000000, 0x0000000717000000|100%| E|CS|TAMS 0x0000000716800000, 0x0000000716800000| Complete 
| 786|0x0000000717000000, 0x0000000717800000, 0x0000000717800000|100%| E|CS|TAMS 0x0000000717000000, 0x0000000717000000| Complete 
| 787|0x0000000717800000, 0x0000000718000000, 0x0000000718000000|100%| E|CS|TAMS 0x0000000717800000, 0x0000000717800000| Complete 
| 788|0x0000000718000000, 0x0000000718800000, 0x0000000718800000|100%| E|CS|TAMS 0x0000000718000000, 0x0000000718000000| Complete 
| 789|0x0000000718800000, 0x0000000719000000, 0x0000000719000000|100%| E|CS|TAMS 0x0000000718800000, 0x0000000718800000| Complete 
| 790|0x0000000719000000, 0x0000000719800000, 0x0000000719800000|100%| E|CS|TAMS 0x0000000719000000, 0x0000000719000000| Complete 
| 791|0x0000000719800000, 0x000000071a000000, 0x000000071a000000|100%| E|CS|TAMS 0x0000000719800000, 0x0000000719800000| Complete 
| 792|0x000000071a000000, 0x000000071a800000, 0x000000071a800000|100%| E|CS|TAMS 0x000000071a000000, 0x000000071a000000| Complete 
| 793|0x000000071a800000, 0x000000071b000000, 0x000000071b000000|100%| E|CS|TAMS 0x000000071a800000, 0x000000071a800000| Complete 
| 794|0x000000071b000000, 0x000000071b800000, 0x000000071b800000|100%| E|CS|TAMS 0x000000071b000000, 0x000000071b000000| Complete 
| 795|0x000000071b800000, 0x000000071c000000, 0x000000071c000000|100%| E|CS|TAMS 0x000000071b800000, 0x000000071b800000| Complete 
| 796|0x000000071c000000, 0x000000071c800000, 0x000000071c800000|100%| E|CS|TAMS 0x000000071c000000, 0x000000071c000000| Complete 
| 797|0x000000071c800000, 0x000000071d000000, 0x000000071d000000|100%| E|CS|TAMS 0x000000071c800000, 0x000000071c800000| Complete 
| 798|0x000000071d000000, 0x000000071d800000, 0x000000071d800000|100%| E|CS|TAMS 0x000000071d000000, 0x000000071d000000| Complete 
| 799|0x000000071d800000, 0x000000071e000000, 0x000000071e000000|100%| E|CS|TAMS 0x000000071d800000, 0x000000071d800000| Complete 
| 800|0x000000071e000000, 0x000000071e800000, 0x000000071e800000|100%| E|CS|TAMS 0x000000071e000000, 0x000000071e000000| Complete 
| 801|0x000000071e800000, 0x000000071f000000, 0x000000071f000000|100%| E|CS|TAMS 0x000000071e800000, 0x000000071e800000| Complete 
| 802|0x000000071f000000, 0x000000071f800000, 0x000000071f800000|100%| E|CS|TAMS 0x000000071f000000, 0x000000071f000000| Complete 
| 803|0x000000071f800000, 0x0000000720000000, 0x0000000720000000|100%| E|CS|TAMS 0x000000071f800000, 0x000000071f800000| Complete 
| 804|0x0000000720000000, 0x0000000720800000, 0x0000000720800000|100%| E|CS|TAMS 0x0000000720000000, 0x0000000720000000| Complete 
| 805|0x0000000720800000, 0x0000000721000000, 0x0000000721000000|100%| E|CS|TAMS 0x0000000720800000, 0x0000000720800000| Complete 
| 806|0x0000000721000000, 0x0000000721800000, 0x0000000721800000|100%| E|CS|TAMS 0x0000000721000000, 0x0000000721000000| Complete 
| 807|0x0000000721800000, 0x0000000722000000, 0x0000000722000000|100%| E|CS|TAMS 0x0000000721800000, 0x0000000721800000| Complete 
| 808|0x0000000722000000, 0x0000000722800000, 0x0000000722800000|100%| E|CS|TAMS 0x0000000722000000, 0x0000000722000000| Complete 
| 809|0x0000000722800000, 0x0000000723000000, 0x0000000723000000|100%| E|CS|TAMS 0x0000000722800000, 0x0000000722800000| Complete 
| 810|0x0000000723000000, 0x0000000723800000, 0x0000000723800000|100%| E|CS|TAMS 0x0000000723000000, 0x0000000723000000| Complete 
| 811|0x0000000723800000, 0x0000000724000000, 0x0000000724000000|100%| E|CS|TAMS 0x0000000723800000, 0x0000000723800000| Complete 
| 812|0x0000000724000000, 0x0000000724800000, 0x0000000724800000|100%| E|CS|TAMS 0x0000000724000000, 0x0000000724000000| Complete 
| 813|0x0000000724800000, 0x0000000725000000, 0x0000000725000000|100%| E|CS|TAMS 0x0000000724800000, 0x0000000724800000| Complete 
| 814|0x0000000725000000, 0x0000000725800000, 0x0000000725800000|100%| E|CS|TAMS 0x0000000725000000, 0x0000000725000000| Complete 
| 815|0x0000000725800000, 0x0000000726000000, 0x0000000726000000|100%| E|CS|TAMS 0x0000000725800000, 0x0000000725800000| Complete 
| 816|0x0000000726000000, 0x0000000726800000, 0x0000000726800000|100%| E|CS|TAMS 0x0000000726000000, 0x0000000726000000| Complete 
| 817|0x0000000726800000, 0x0000000727000000, 0x0000000727000000|100%| E|CS|TAMS 0x0000000726800000, 0x0000000726800000| Complete 
| 818|0x0000000727000000, 0x0000000727800000, 0x0000000727800000|100%| E|CS|TAMS 0x0000000727000000, 0x0000000727000000| Complete 
| 819|0x0000000727800000, 0x0000000728000000, 0x0000000728000000|100%| E|CS|TAMS 0x0000000727800000, 0x0000000727800000| Complete 
| 820|0x0000000728000000, 0x0000000728800000, 0x0000000728800000|100%| E|CS|TAMS 0x0000000728000000, 0x0000000728000000| Complete 
| 821|0x0000000728800000, 0x0000000729000000, 0x0000000729000000|100%| E|CS|TAMS 0x0000000728800000, 0x0000000728800000| Complete 
| 822|0x0000000729000000, 0x0000000729800000, 0x0000000729800000|100%| E|CS|TAMS 0x0000000729000000, 0x0000000729000000| Complete 
| 823|0x0000000729800000, 0x000000072a000000, 0x000000072a000000|100%| E|CS|TAMS 0x0000000729800000, 0x0000000729800000| Complete 
| 824|0x000000072a000000, 0x000000072a800000, 0x000000072a800000|100%| E|CS|TAMS 0x000000072a000000, 0x000000072a000000| Complete 
| 825|0x000000072a800000, 0x000000072b000000, 0x000000072b000000|100%| E|CS|TAMS 0x000000072a800000, 0x000000072a800000| Complete 
| 826|0x000000072b000000, 0x000000072b800000, 0x000000072b800000|100%| E|CS|TAMS 0x000000072b000000, 0x000000072b000000| Complete 
| 827|0x000000072b800000, 0x000000072c000000, 0x000000072c000000|100%| E|CS|TAMS 0x000000072b800000, 0x000000072b800000| Complete 
| 828|0x000000072c000000, 0x000000072c800000, 0x000000072c800000|100%| E|CS|TAMS 0x000000072c000000, 0x000000072c000000| Complete 
| 829|0x000000072c800000, 0x000000072d000000, 0x000000072d000000|100%| E|CS|TAMS 0x000000072c800000, 0x000000072c800000| Complete 
| 830|0x000000072d000000, 0x000000072d800000, 0x000000072d800000|100%| E|CS|TAMS 0x000000072d000000, 0x000000072d000000| Complete 
| 831|0x000000072d800000, 0x000000072e000000, 0x000000072e000000|100%| E|CS|TAMS 0x000000072d800000, 0x000000072d800000| Complete 
| 832|0x000000072e000000, 0x000000072e800000, 0x000000072e800000|100%| E|CS|TAMS 0x000000072e000000, 0x000000072e000000| Complete 
| 833|0x000000072e800000, 0x000000072f000000, 0x000000072f000000|100%| E|CS|TAMS 0x000000072e800000, 0x000000072e800000| Complete 
| 834|0x000000072f000000, 0x000000072f800000, 0x000000072f800000|100%| E|CS|TAMS 0x000000072f000000, 0x000000072f000000| Complete 
| 835|0x000000072f800000, 0x0000000730000000, 0x0000000730000000|100%| E|CS|TAMS 0x000000072f800000, 0x000000072f800000| Complete 
| 836|0x0000000730000000, 0x0000000730800000, 0x0000000730800000|100%| E|CS|TAMS 0x0000000730000000, 0x0000000730000000| Complete 
| 837|0x0000000730800000, 0x0000000731000000, 0x0000000731000000|100%| E|CS|TAMS 0x0000000730800000, 0x0000000730800000| Complete 
| 838|0x0000000731000000, 0x0000000731800000, 0x0000000731800000|100%| E|CS|TAMS 0x0000000731000000, 0x0000000731000000| Complete 
| 839|0x0000000731800000, 0x0000000732000000, 0x0000000732000000|100%| E|CS|TAMS 0x0000000731800000, 0x0000000731800000| Complete 
| 840|0x0000000732000000, 0x0000000732800000, 0x0000000732800000|100%| E|CS|TAMS 0x0000000732000000, 0x0000000732000000| Complete 
| 841|0x0000000732800000, 0x0000000733000000, 0x0000000733000000|100%| E|CS|TAMS 0x0000000732800000, 0x0000000732800000| Complete 
| 842|0x0000000733000000, 0x0000000733800000, 0x0000000733800000|100%| E|CS|TAMS 0x0000000733000000, 0x0000000733000000| Complete 
| 843|0x0000000733800000, 0x0000000734000000, 0x0000000734000000|100%| E|CS|TAMS 0x0000000733800000, 0x0000000733800000| Complete 
| 844|0x0000000734000000, 0x0000000734800000, 0x0000000734800000|100%| E|CS|TAMS 0x0000000734000000, 0x0000000734000000| Complete 
| 845|0x0000000734800000, 0x0000000735000000, 0x0000000735000000|100%| E|CS|TAMS 0x0000000734800000, 0x0000000734800000| Complete 
| 846|0x0000000735000000, 0x0000000735800000, 0x0000000735800000|100%| E|CS|TAMS 0x0000000735000000, 0x0000000735000000| Complete 
| 847|0x0000000735800000, 0x0000000736000000, 0x0000000736000000|100%| E|CS|TAMS 0x0000000735800000, 0x0000000735800000| Complete 
| 848|0x0000000736000000, 0x0000000736800000, 0x0000000736800000|100%| E|CS|TAMS 0x0000000736000000, 0x0000000736000000| Complete 
| 849|0x0000000736800000, 0x0000000737000000, 0x0000000737000000|100%| E|CS|TAMS 0x0000000736800000, 0x0000000736800000| Complete 
| 850|0x0000000737000000, 0x0000000737800000, 0x0000000737800000|100%| E|CS|TAMS 0x0000000737000000, 0x0000000737000000| Complete 
| 851|0x0000000737800000, 0x0000000738000000, 0x0000000738000000|100%| E|CS|TAMS 0x0000000737800000, 0x0000000737800000| Complete 
| 852|0x0000000738000000, 0x0000000738800000, 0x0000000738800000|100%| E|CS|TAMS 0x0000000738000000, 0x0000000738000000| Complete 
| 853|0x0000000738800000, 0x0000000739000000, 0x0000000739000000|100%| E|CS|TAMS 0x0000000738800000, 0x0000000738800000| Complete 
| 854|0x0000000739000000, 0x0000000739800000, 0x0000000739800000|100%| E|CS|TAMS 0x0000000739000000, 0x0000000739000000| Complete 
| 855|0x0000000739800000, 0x000000073a000000, 0x000000073a000000|100%| E|CS|TAMS 0x0000000739800000, 0x0000000739800000| Complete 
| 856|0x000000073a000000, 0x000000073a800000, 0x000000073a800000|100%| E|CS|TAMS 0x000000073a000000, 0x000000073a000000| Complete 
| 857|0x000000073a800000, 0x000000073b000000, 0x000000073b000000|100%| E|CS|TAMS 0x000000073a800000, 0x000000073a800000| Complete 
| 858|0x000000073b000000, 0x000000073b800000, 0x000000073b800000|100%| E|CS|TAMS 0x000000073b000000, 0x000000073b000000| Complete 
| 859|0x000000073b800000, 0x000000073c000000, 0x000000073c000000|100%| E|CS|TAMS 0x000000073b800000, 0x000000073b800000| Complete 
| 860|0x000000073c000000, 0x000000073c800000, 0x000000073c800000|100%| E|CS|TAMS 0x000000073c000000, 0x000000073c000000| Complete 
| 861|0x000000073c800000, 0x000000073d000000, 0x000000073d000000|100%| E|CS|TAMS 0x000000073c800000, 0x000000073c800000| Complete 
| 862|0x000000073d000000, 0x000000073d800000, 0x000000073d800000|100%| E|CS|TAMS 0x000000073d000000, 0x000000073d000000| Complete 
| 863|0x000000073d800000, 0x000000073e000000, 0x000000073e000000|100%| E|CS|TAMS 0x000000073d800000, 0x000000073d800000| Complete 
| 864|0x000000073e000000, 0x000000073e800000, 0x000000073e800000|100%| E|CS|TAMS 0x000000073e000000, 0x000000073e000000| Complete 
| 865|0x000000073e800000, 0x000000073f000000, 0x000000073f000000|100%| E|CS|TAMS 0x000000073e800000, 0x000000073e800000| Complete 
| 866|0x000000073f000000, 0x000000073f800000, 0x000000073f800000|100%| E|CS|TAMS 0x000000073f000000, 0x000000073f000000| Complete 
| 867|0x000000073f800000, 0x0000000740000000, 0x0000000740000000|100%| E|CS|TAMS 0x000000073f800000, 0x000000073f800000| Complete 
| 868|0x0000000740000000, 0x0000000740800000, 0x0000000740800000|100%| E|CS|TAMS 0x0000000740000000, 0x0000000740000000| Complete 
| 869|0x0000000740800000, 0x0000000741000000, 0x0000000741000000|100%| E|CS|TAMS 0x0000000740800000, 0x0000000740800000| Complete 
| 870|0x0000000741000000, 0x0000000741800000, 0x0000000741800000|100%| E|CS|TAMS 0x0000000741000000, 0x0000000741000000| Complete 
| 871|0x0000000741800000, 0x0000000742000000, 0x0000000742000000|100%| E|CS|TAMS 0x0000000741800000, 0x0000000741800000| Complete 
| 872|0x0000000742000000, 0x0000000742800000, 0x0000000742800000|100%| E|CS|TAMS 0x0000000742000000, 0x0000000742000000| Complete 
| 873|0x0000000742800000, 0x0000000743000000, 0x0000000743000000|100%| E|CS|TAMS 0x0000000742800000, 0x0000000742800000| Complete 
| 874|0x0000000743000000, 0x0000000743800000, 0x0000000743800000|100%| E|CS|TAMS 0x0000000743000000, 0x0000000743000000| Complete 
| 875|0x0000000743800000, 0x0000000744000000, 0x0000000744000000|100%| E|CS|TAMS 0x0000000743800000, 0x0000000743800000| Complete 
| 876|0x0000000744000000, 0x0000000744800000, 0x0000000744800000|100%| E|CS|TAMS 0x0000000744000000, 0x0000000744000000| Complete 
| 877|0x0000000744800000, 0x0000000745000000, 0x0000000745000000|100%| E|CS|TAMS 0x0000000744800000, 0x0000000744800000| Complete 
| 878|0x0000000745000000, 0x0000000745800000, 0x0000000745800000|100%| E|CS|TAMS 0x0000000745000000, 0x0000000745000000| Complete 
| 879|0x0000000745800000, 0x0000000746000000, 0x0000000746000000|100%| E|CS|TAMS 0x0000000745800000, 0x0000000745800000| Complete 
| 880|0x0000000746000000, 0x0000000746800000, 0x0000000746800000|100%| E|CS|TAMS 0x0000000746000000, 0x0000000746000000| Complete 
| 881|0x0000000746800000, 0x0000000747000000, 0x0000000747000000|100%| E|CS|TAMS 0x0000000746800000, 0x0000000746800000| Complete 
| 882|0x0000000747000000, 0x0000000747800000, 0x0000000747800000|100%| E|CS|TAMS 0x0000000747000000, 0x0000000747000000| Complete 
| 883|0x0000000747800000, 0x0000000748000000, 0x0000000748000000|100%| E|CS|TAMS 0x0000000747800000, 0x0000000747800000| Complete 
| 884|0x0000000748000000, 0x0000000748800000, 0x0000000748800000|100%| E|CS|TAMS 0x0000000748000000, 0x0000000748000000| Complete 
| 885|0x0000000748800000, 0x0000000749000000, 0x0000000749000000|100%| E|CS|TAMS 0x0000000748800000, 0x0000000748800000| Complete 
| 886|0x0000000749000000, 0x0000000749800000, 0x0000000749800000|100%| E|CS|TAMS 0x0000000749000000, 0x0000000749000000| Complete 
| 887|0x0000000749800000, 0x000000074a000000, 0x000000074a000000|100%| E|CS|TAMS 0x0000000749800000, 0x0000000749800000| Complete 
| 888|0x000000074a000000, 0x000000074a800000, 0x000000074a800000|100%| E|CS|TAMS 0x000000074a000000, 0x000000074a000000| Complete 
| 889|0x000000074a800000, 0x000000074b000000, 0x000000074b000000|100%| E|CS|TAMS 0x000000074a800000, 0x000000074a800000| Complete 
| 890|0x000000074b000000, 0x000000074b800000, 0x000000074b800000|100%| E|CS|TAMS 0x000000074b000000, 0x000000074b000000| Complete 
| 891|0x000000074b800000, 0x000000074c000000, 0x000000074c000000|100%| E|CS|TAMS 0x000000074b800000, 0x000000074b800000| Complete 
| 892|0x000000074c000000, 0x000000074c800000, 0x000000074c800000|100%| E|CS|TAMS 0x000000074c000000, 0x000000074c000000| Complete 
| 893|0x000000074c800000, 0x000000074d000000, 0x000000074d000000|100%| E|CS|TAMS 0x000000074c800000, 0x000000074c800000| Complete 
| 894|0x000000074d000000, 0x000000074d800000, 0x000000074d800000|100%| E|CS|TAMS 0x000000074d000000, 0x000000074d000000| Complete 
| 895|0x000000074d800000, 0x000000074e000000, 0x000000074e000000|100%| E|CS|TAMS 0x000000074d800000, 0x000000074d800000| Complete 
| 896|0x000000074e000000, 0x000000074e800000, 0x000000074e800000|100%| E|CS|TAMS 0x000000074e000000, 0x000000074e000000| Complete 
| 897|0x000000074e800000, 0x000000074f000000, 0x000000074f000000|100%| E|CS|TAMS 0x000000074e800000, 0x000000074e800000| Complete 
| 898|0x000000074f000000, 0x000000074f800000, 0x000000074f800000|100%| E|CS|TAMS 0x000000074f000000, 0x000000074f000000| Complete 
| 899|0x000000074f800000, 0x0000000750000000, 0x0000000750000000|100%| E|CS|TAMS 0x000000074f800000, 0x000000074f800000| Complete 
| 900|0x0000000750000000, 0x0000000750800000, 0x0000000750800000|100%| E|CS|TAMS 0x0000000750000000, 0x0000000750000000| Complete 
| 901|0x0000000750800000, 0x0000000751000000, 0x0000000751000000|100%| E|CS|TAMS 0x0000000750800000, 0x0000000750800000| Complete 

Card table byte_map: [0x00000001203fc000,0x000000012178c000] _byte_map_base: 0x000000011d78c000

Marking Bits (Prev, Next): (CMBitMap*) 0x0000000135008250, (CMBitMap*) 0x0000000135008210
 Prev Bits: [0x0000000149c80000, 0x0000000153900000)
 Next Bits: [0x0000000140000000, 0x0000000149c80000)

Polling page: 0x0000000104c2c000

Metaspace:

Usage:
  Non-class:    284.75 MB used.
      Class:     61.85 MB used.
       Both:    346.59 MB used.

Virtual space:
  Non-class space:      320.00 MB reserved,     287.00 MB ( 90%) committed,  5 nodes.
      Class space:        1.00 GB reserved,      63.50 MB (  6%) committed,  1 nodes.
             Both:        1.31 GB reserved,     350.50 MB ( 26%) committed. 

Chunk freelists:
   Non-Class:  544.00 KB
       Class:  512.00 KB
        Both:  1.03 MB

MaxMetaspaceSize: unlimited
CompressedClassSpaceSize: 1.00 GB
Initial GC threshold: 21.00 MB
Current GC threshold: 484.81 MB
CDS: off
MetaspaceReclaimPolicy: balanced
 - commit_granule_bytes: 65536.
 - commit_granule_words: 8192.
 - virtual_space_node_default_size: 8388608.
 - enlarge_chunks_in_place: 1.
 - new_chunks_are_fully_committed: 0.
 - uncommit_free_chunks: 1.
 - use_allocation_guard: 0.
 - handle_deallocations: 1.


Internal statistics:

num_allocs_failed_limit: 352.
num_arena_births: 5320.
num_arena_deaths: 2.
num_vsnodes_births: 6.
num_vsnodes_deaths: 0.
num_space_committed: 5598.
num_space_uncommitted: 0.
num_chunks_returned_to_freelist: 355.
num_chunks_taken_from_freelist: 20494.
num_chunk_merges: 352.
num_chunk_splits: 14067.
num_chunks_enlarged: 9289.
num_inconsistent_stats: 0.

CodeHeap 'non-profiled nmethods': size=120032Kb used=27255Kb max_used=27255Kb free=92776Kb
 bounds [0x0000000117b34000, 0x00000001195e4000, 0x000000011f06c000]
CodeHeap 'profiled nmethods': size=120016Kb used=55473Kb max_used=55537Kb free=64543Kb
 bounds [0x000000011006c000, 0x00000001136ac000, 0x00000001175a0000]
CodeHeap 'non-nmethods': size=5712Kb used=3200Kb max_used=3311Kb free=2511Kb
 bounds [0x00000001175a0000, 0x00000001178f0000, 0x0000000117b34000]
 total_blobs=32814 nmethods=29849 adapters=2878
 compilation: enabled
              stopped_count=0, restarted_count=0
 full_count=0

Compilation events (20 events):
Event: 132.223 Thread 0x0000000133814400 nmethod 55073 0x0000000118f8bb10 code [0x0000000118f8bd40, 0x0000000118f8c340]
Event: 132.223 Thread 0x0000000133814400 55076 %     4       sun.nio.cs.UTF_8$Encoder::encodeArrayLoopSlow @ 0 (377 bytes)
Event: 132.224 Thread 0x00000001330a2000 55078       3       net.minecraft.world.level.block.Block::m_5456_ (34 bytes)
Event: 132.225 Thread 0x00000001330a2000 nmethod 55078 0x0000000113318090 code [0x00000001133182c0, 0x0000000113318a28]
Event: 132.228 Thread 0x0000000133814400 nmethod 55076% 0x0000000118f89f10 code [0x0000000118f8a180, 0x0000000118f8ac40]
Event: 132.228 Thread 0x0000000133814400 55077       4       net.minecraft.world.item.ItemStack::<init> (7 bytes)
Event: 132.228 Thread 0x00000001330a2000 55079       3       it.unimi.dsi.fastutil.ints.AbstractInt2ObjectMap$BasicEntry::<init> (15 bytes)
Event: 132.228 Thread 0x00000001330a2000 nmethod 55079 0x0000000113316390 code [0x0000000113316540, 0x0000000113316718]
Event: 132.228 Thread 0x0000000133814400 nmethod 55077 0x0000000118f89b90 code [0x0000000118f89d40, 0x0000000118f89e00]
Event: 132.228 Thread 0x0000000133814400 55075       4       com.electronwill.nightconfig.toml.TomlWriter::writeKey (48 bytes)
Event: 132.229 Thread 0x00000001330a2000 55081       3       it.unimi.dsi.fastutil.ints.Int2ObjectOpenHashMap::insert (63 bytes)
Event: 132.229 Thread 0x00000001330a2000 nmethod 55081 0x0000000113324c10 code [0x0000000113324e00, 0x0000000113325238]
Event: 132.229 Thread 0x00000001330a2000 55080       1       net.minecraftforge.event.village.VillagerTradesEvent::getType (5 bytes)
Event: 132.229 Thread 0x00000001330a2000 nmethod 55080 0x0000000118f89890 code [0x0000000118f89a00, 0x0000000118f89a98]
Event: 132.229 Thread 0x00000001330a2000 55082       1       net.minecraftforge.event.village.VillagerTradesEvent::isCancelable (2 bytes)
Event: 132.229 Thread 0x00000001330a2000 nmethod 55082 0x0000000118f89590 code [0x0000000118f89700, 0x0000000118f897d8]
Event: 132.229 Thread 0x00000001330a2000 55083       3       net.minecraft.core.NonNullList::m_122779_ (12 bytes)
Event: 132.230 Thread 0x00000001330a2000 nmethod 55083 0x0000000112240790 code [0x00000001122409c0, 0x0000000112240f18]
Event: 132.230 Thread 0x00000001330a2000 55084       1       net.minecraftforge.event.village.VillagerTradesEvent::getTrades (5 bytes)
Event: 132.230 Thread 0x00000001330a2000 nmethod 55084 0x0000000118f89290 code [0x0000000118f89400, 0x0000000118f89498]

GC Heap History (20 events):
Event: 57.175 GC heap before
{Heap before GC invocations=64 (full 0):
 garbage-first heap   total 6045696K, used 3471759K [0x000000058e000000, 0x0000000800000000)
  region size 8192K, 275 young (2252800K), 40 survivors (327680K)
 Metaspace       used 319072K, committed 321600K, reserved 1376256K
  class space    used 58006K, committed 59136K, reserved 1048576K
}
Event: 57.432 GC heap after
{Heap after GC invocations=65 (full 0):
 garbage-first heap   total 6045696K, used 1525977K [0x000000058e000000, 0x0000000800000000)
  region size 8192K, 7 young (57344K), 7 survivors (57344K)
 Metaspace       used 319072K, committed 321600K, reserved 1376256K
  class space    used 58006K, committed 59136K, reserved 1048576K
}
Event: 63.406 GC heap before
{Heap before GC invocations=65 (full 0):
 garbage-first heap   total 6045696K, used 3860697K [0x000000058e000000, 0x0000000800000000)
  region size 8192K, 291 young (2383872K), 7 survivors (57344K)
 Metaspace       used 322427K, committed 324928K, reserved 1376256K
  class space    used 58633K, committed 59776K, reserved 1048576K
}
Event: 63.659 GC heap after
{Heap after GC invocations=66 (full 0):
 garbage-first heap   total 7389184K, used 1715259K [0x000000058e000000, 0x0000000800000000)
  region size 8192K, 29 young (237568K), 29 survivors (237568K)
 Metaspace       used 322427K, committed 324928K, reserved 1376256K
  class space    used 58633K, committed 59776K, reserved 1048576K
}
Event: 63.920 GC heap before
{Heap before GC invocations=66 (full 0):
 garbage-first heap   total 7389184K, used 1846331K [0x000000058e000000, 0x0000000800000000)
  region size 8192K, 45 young (368640K), 29 survivors (237568K)
 Metaspace       used 322630K, committed 325120K, reserved 1376256K
  class space    used 58666K, committed 59776K, reserved 1048576K
}
Event: 64.120 GC heap after
{Heap after GC invocations=67 (full 0):
 garbage-first heap   total 7389184K, used 1745797K [0x000000058e000000, 0x0000000800000000)
  region size 8192K, 5 young (40960K), 5 survivors (40960K)
 Metaspace       used 322630K, committed 325120K, reserved 1376256K
  class space    used 58666K, committed 59776K, reserved 1048576K
}
Event: 66.291 GC heap before
{Heap before GC invocations=67 (full 0):
 garbage-first heap   total 7389184K, used 2597765K [0x000000058e000000, 0x0000000800000000)
  region size 8192K, 109 young (892928K), 5 survivors (40960K)
 Metaspace       used 325865K, committed 328640K, reserved 1376256K
  class space    used 59056K, committed 60288K, reserved 1048576K
}
Event: 66.320 GC heap after
{Heap after GC invocations=68 (full 0):
 garbage-first heap   total 7389184K, used 1742950K [0x000000058e000000, 0x0000000800000000)
  region size 8192K, 5 young (40960K), 5 survivors (40960K)
 Metaspace       used 325865K, committed 328640K, reserved 1376256K
  class space    used 59056K, committed 60288K, reserved 1048576K
}
Event: 67.935 GC heap before
{Heap before GC invocations=68 (full 0):
 garbage-first heap   total 7389184K, used 2791526K [0x000000058e000000, 0x0000000800000000)
  region size 8192K, 133 young (1089536K), 5 survivors (40960K)
 Metaspace       used 327621K, committed 330880K, reserved 1376256K
  class space    used 59155K, committed 60544K, reserved 1048576K
}
Event: 67.991 GC heap after
{Heap after GC invocations=69 (full 0):
 garbage-first heap   total 7389184K, used 1785202K [0x000000058e000000, 0x0000000800000000)
  region size 8192K, 10 young (81920K), 10 survivors (81920K)
 Metaspace       used 327621K, committed 330880K, reserved 1376256K
  class space    used 59155K, committed 60544K, reserved 1048576K
}
Event: 69.945 GC heap before
{Heap before GC invocations=69 (full 0):
 garbage-first heap   total 7389184K, used 3308914K [0x000000058e000000, 0x0000000800000000)
  region size 8192K, 196 young (1605632K), 10 survivors (81920K)
 Metaspace       used 329864K, committed 333568K, reserved 1376256K
  class space    used 59380K, committed 60928K, reserved 1048576K
}
Event: 70.050 GC heap after
{Heap after GC invocations=70 (full 0):
 garbage-first heap   total 7389184K, used 1828334K [0x000000058e000000, 0x0000000800000000)
  region size 8192K, 15 young (122880K), 15 survivors (122880K)
 Metaspace       used 329864K, committed 333568K, reserved 1376256K
  class space    used 59380K, committed 60928K, reserved 1048576K
}
Event: 81.690 GC heap before
{Heap before GC invocations=70 (full 0):
 garbage-first heap   total 7389184K, used 3147246K [0x000000058e000000, 0x0000000800000000)
  region size 8192K, 176 young (1441792K), 15 survivors (122880K)
 Metaspace       used 335871K, committed 339776K, reserved 1376256K
  class space    used 60289K, committed 61952K, reserved 1048576K
}
Event: 82.102 GC heap after
{Heap after GC invocations=71 (full 0):
 garbage-first heap   total 7389184K, used 1883428K [0x000000058e000000, 0x0000000800000000)
  region size 8192K, 18 young (147456K), 18 survivors (147456K)
 Metaspace       used 335871K, committed 339776K, reserved 1376256K
  class space    used 60289K, committed 61952K, reserved 1048576K
}
Event: 82.956 GC heap before
{Heap before GC invocations=71 (full 0):
 garbage-first heap   total 7389184K, used 2096420K [0x000000058e000000, 0x0000000800000000)
  region size 8192K, 45 young (368640K), 18 survivors (147456K)
 Metaspace       used 336333K, committed 340224K, reserved 1376256K
  class space    used 60304K, committed 61952K, reserved 1048576K
}
Event: 83.025 GC heap after
{Heap after GC invocations=72 (full 0):
 garbage-first heap   total 7389184K, used 1900550K [0x000000058e000000, 0x0000000800000000)
  region size 8192K, 3 young (24576K), 3 survivors (24576K)
 Metaspace       used 336333K, committed 340224K, reserved 1376256K
  class space    used 60304K, committed 61952K, reserved 1048576K
}
Event: 98.942 GC heap before
{Heap before GC invocations=72 (full 0):
 garbage-first heap   total 7389184K, used 3702790K [0x000000058e000000, 0x0000000800000000)
  region size 8192K, 224 young (1835008K), 3 survivors (24576K)
 Metaspace       used 339023K, committed 342976K, reserved 1376256K
  class space    used 60723K, committed 62400K, reserved 1048576K
}
Event: 98.952 GC heap after
{Heap after GC invocations=73 (full 0):
 garbage-first heap   total 7389184K, used 1889369K [0x000000058e000000, 0x0000000800000000)
  region size 8192K, 2 young (16384K), 2 survivors (16384K)
 Metaspace       used 339023K, committed 342976K, reserved 1376256K
  class space    used 60723K, committed 62400K, reserved 1048576K
}
Event: 125.893 GC heap before
{Heap before GC invocations=73 (full 0):
 garbage-first heap   total 7389184K, used 4895833K [0x000000058e000000, 0x0000000800000000)
  region size 8192K, 369 young (3022848K), 2 survivors (16384K)
 Metaspace       used 347887K, committed 351872K, reserved 1376256K
  class space    used 62237K, committed 63936K, reserved 1048576K
}
Event: 125.976 GC heap after
{Heap after GC invocations=74 (full 0):
 garbage-first heap   total 7389184K, used 1947795K [0x000000058e000000, 0x0000000800000000)
  region size 8192K, 9 young (73728K), 9 survivors (73728K)
 Metaspace       used 347887K, committed 351872K, reserved 1376256K
  class space    used 62237K, committed 63936K, reserved 1048576K
}

Dll operation events (20 events):
Event: 1.048 Loaded shared library /Users/bowieconnors/Documents/GitHub/Install/java/java-runtime-gamma/Contents/Home/lib/libmanagement_ext.dylib
Event: 2.208 Loaded shared library /Users/bowieconnors/Documents/GitHub/Install/java/java-runtime-gamma/Contents/Home/lib/libextnet.dylib
Event: 3.160 Loaded shared library /Users/bowieconnors/Documents/GitHub/Install/natives/forge-47.4.15/jna9789566497181087887.tmp
Event: 33.636 Loaded shared library /Users/bowieconnors/Documents/GitHub/Install/natives/forge-47.4.15/liblwjgl.dylib
Event: 35.705 Loaded shared library /Users/bowieconnors/Documents/GitHub/Install/java/java-runtime-gamma/Contents/Home/lib/libawt.dylib
Event: 35.738 Loaded shared library /Users/bowieconnors/Documents/GitHub/Install/java/java-runtime-gamma/Contents/Home/lib/libawt_lwawt.dylib
Event: 35.738 Loading shared library /Users/bowieconnors/Documents/GitHub/Install/java/java-runtime-gamma/Contents/Home/lib/libjunixsocket-native-2.6.2.dylib failed, dlopen(/Users/bowieconnors/Documents/GitHub/Install/java/java-runtime-gamma/Contents/Home/lib/libjunixs
Event: 35.739 Loading shared library /Users/bowieconnors/Documents/GitHub/Install/java/java-runtime-gamma/Contents/Home/lib/libjunixsocket-native-2.6.2.jnilib failed, dlopen(/Users/bowieconnors/Documents/GitHub/Install/java/java-runtime-gamma/Contents/Home/lib/libjunix
Event: 35.739 Loading shared library /Users/bowieconnors/Documents/GitHub/Install/natives/forge-47.4.15/libjunixsocket-native-2.6.2.dylib failed, dlopen(/Users/bowieconnors/Documents/GitHub/Install/natives/forge-47.4.15/libjunixsocket-native-2.6.2.dylib, 0x0001): tried
Event: 35.739 Loading shared library /Users/bowieconnors/Documents/GitHub/Install/natives/forge-47.4.15/libjunixsocket-native-2.6.2.jnilib failed, dlopen(/Users/bowieconnors/Documents/GitHub/Install/natives/forge-47.4.15/libjunixsocket-native-2.6.2.jnilib, 0x0001): tri
Event: 35.913 Loaded shared library /private/var/folders/yb/q5rljk2d6zq7cvp6w66whrs80000gp/T/libtmp12025901212950923334libjunixsocket-native-2.6.2.dylib
Event: 35.961 Loaded shared library /Users/bowieconnors/Documents/GitHub/Install/natives/forge-47.4.15/liblwjgl_stb.dylib
Event: 36.192 Loaded shared library /Users/bowieconnors/Documents/GitHub/Install/natives/forge-47.4.15/liblwjgl_opengl.dylib
Event: 36.494 Loaded shared library /private/var/folders/yb/q5rljk2d6zq7cvp6w66whrs80000gp/T/libjcocoa12173940691680060621.dylib
Event: 45.173 Loaded shared library /Users/bowieconnors/Documents/GitHub/Install/java/java-runtime-gamma/Contents/Home/lib/libfontmanager.dylib
Event: 55.842 Loaded shared library /private/var/folders/yb/q5rljk2d6zq7cvp6w66whrs80000gp/T/libopus4j-1eb5d9e3e7c729c7d3e18224b0a53fb6/libopus4j.dylib
Event: 55.859 Loaded shared library /private/var/folders/yb/q5rljk2d6zq7cvp6w66whrs80000gp/T/librnnoise4j-dd0bc92191c29275673e4f820630aa49/librnnoise4j.dylib
Event: 55.886 Loaded shared library /private/var/folders/yb/q5rljk2d6zq7cvp6w66whrs80000gp/T/libspeex4j-f75720920af514f7fd1a458b9748f906/libspeex4j.dylib
Event: 55.914 Loaded shared library /private/var/folders/yb/q5rljk2d6zq7cvp6w66whrs80000gp/T/liblame4j-616f7ca627be4f4f2d2039debf359014/liblame4j.dylib
Event: 128.531 Loaded shared library /Users/bowieconnors/Documents/GitHub/Instances/The-Forest---Development/config/spark/tmp/spark-18dbdd7bbf4b-libasyncProfiler.so.tmp

Deoptimization events (20 events):
Event: 132.070 Thread 0x000000013500e600 Uncommon trap: trap_request=0xffffffde fr.pc=0x000000011814ccc8 relative=0x0000000000000188
Event: 132.070 Thread 0x000000013500e600 Uncommon trap: reason=class_check action=maybe_recompile pc=0x000000011814ccc8 method=java.io.DataOutputStream.write([BII)V @ 7 c2
Event: 132.070 Thread 0x000000013500e600 DEOPT PACKING pc=0x000000011814ccc8 sp=0x000000031c31e560
Event: 132.070 Thread 0x000000013500e600 DEOPT UNPACKING pc=0x00000001175e791c sp=0x000000031c31e500 mode 2
Event: 132.070 Thread 0x000000013500e600 Uncommon trap: trap_request=0xffffffde fr.pc=0x00000001187dbe20 relative=0x00000000000000e0
Event: 132.070 Thread 0x000000013500e600 Uncommon trap: reason=class_check action=maybe_recompile pc=0x00000001187dbe20 method=java.io.DataOutputStream.writeInt(I)V @ 53 c2
Event: 132.070 Thread 0x000000013500e600 DEOPT PACKING pc=0x00000001187dbe20 sp=0x000000031c31e5e0
Event: 132.070 Thread 0x000000013500e600 DEOPT UNPACKING pc=0x00000001175e791c sp=0x000000031c31e570 mode 2
Event: 132.070 Thread 0x000000013500e600 Uncommon trap: trap_request=0xffffffde fr.pc=0x000000011814ccc8 relative=0x0000000000000188
Event: 132.070 Thread 0x000000013500e600 Uncommon trap: reason=class_check action=maybe_recompile pc=0x000000011814ccc8 method=java.io.DataOutputStream.write([BII)V @ 7 c2
Event: 132.070 Thread 0x000000013500e600 DEOPT PACKING pc=0x000000011814ccc8 sp=0x000000031c31e560
Event: 132.070 Thread 0x000000013500e600 DEOPT UNPACKING pc=0x00000001175e791c sp=0x000000031c31e500 mode 2
Event: 132.215 Thread 0x00000001366cfa00 Uncommon trap: trap_request=0xffffff45 fr.pc=0x0000000117ed1088 relative=0x00000000000000c8
Event: 132.215 Thread 0x00000001366cfa00 Uncommon trap: reason=unstable_if action=reinterpret pc=0x0000000117ed1088 method=java.util.Arrays.binarySearch0([JIIJ)I @ 34 c2
Event: 132.215 Thread 0x00000001366cfa00 DEOPT PACKING pc=0x0000000117ed1088 sp=0x000000033c4edcb0
Event: 132.215 Thread 0x00000001366cfa00 DEOPT UNPACKING pc=0x00000001175e791c sp=0x000000033c4edbb0 mode 2
Event: 132.215 Thread 0x00000001366cfa00 Uncommon trap: trap_request=0xffffff45 fr.pc=0x0000000117e8118c relative=0x00000000000000cc
Event: 132.215 Thread 0x00000001366cfa00 Uncommon trap: reason=unstable_if action=reinterpret pc=0x0000000117e8118c method=java.util.Arrays.binarySearch0([JIIJ)I @ 34 c2
Event: 132.215 Thread 0x00000001366cfa00 DEOPT PACKING pc=0x0000000117e8118c sp=0x000000033c4edc20
Event: 132.215 Thread 0x00000001366cfa00 DEOPT UNPACKING pc=0x00000001175e791c sp=0x000000033c4edba0 mode 2

Classes unloaded (3 events):
Event: 10.593 Thread 0x0000000134110d30 Unloading class 0x000000080048ac28 'kotlin/KotlinVersionCurrentValue'
Event: 10.593 Thread 0x0000000134110d30 Unloading class 0x000000080048aa20 'kotlin/KotlinVersion$Companion'
Event: 10.593 Thread 0x0000000134110d30 Unloading class 0x000000080048a800 'kotlin/KotlinVersion'

Classes redefined (0 events):
No events

Internal exceptions (20 events):
Event: 125.387 Thread 0x000000013480be00 Exception <a 'java/lang/ClassNotFoundException'{0x00000006c1c41800}: jdk/jfr/internal/handlers/EventHandler79380_1783418448788-19490> (0x00000006c1c41800) 
thrown [src/hotspot/share/classfile/systemDictionary.cpp, line 256]
Event: 125.387 Thread 0x000000013480be00 Exception <a 'java/lang/ClassNotFoundException'{0x00000006c1c4fbe8}: jdk/jfr/internal/handlers/EventHandler79382_1783418448788-19490> (0x00000006c1c4fbe8) 
thrown [src/hotspot/share/classfile/systemDictionary.cpp, line 256]
Event: 125.388 Thread 0x000000013480be00 Exception <a 'java/lang/ClassNotFoundException'{0x00000006c1c647b8}: jdk/jfr/internal/handlers/EventHandler79384_1783418448788-19490> (0x00000006c1c647b8) 
thrown [src/hotspot/share/classfile/systemDictionary.cpp, line 256]
Event: 125.388 Thread 0x000000013480be00 Exception <a 'java/lang/ClassNotFoundException'{0x00000006c1c719c0}: jdk/jfr/internal/handlers/EventHandler79386_1783418448788-19490> (0x00000006c1c719c0) 
thrown [src/hotspot/share/classfile/systemDictionary.cpp, line 256]
Event: 125.388 Thread 0x000000013480be00 Exception <a 'java/lang/ClassNotFoundException'{0x00000006c1c7b3f0}: jdk/jfr/internal/handlers/EventHandler79388_1783418448788-19490> (0x00000006c1c7b3f0) 
thrown [src/hotspot/share/classfile/systemDictionary.cpp, line 256]
Event: 125.392 Thread 0x000000013480be00 Exception <a 'java/lang/NoSuchMethodError'{0x00000006c1ce3df0}: 'void java.lang.invoke.DirectMethodHandle$Holder.invokeInterface(java.lang.Object, java.lang.Object, java.lang.Object, java.lang.Object, java.lang.Object)'> (0x00000006c1ce3df0) 
thrown [src/hotspot/share/interpreter/linkResolver.cpp, line 759]
Event: 125.392 Thread 0x000000013480be00 Exception <a 'java/lang/NoSuchMethodError'{0x00000006c1ceb3b0}: 'java.lang.Object java.lang.invoke.Invokers$Holder.invoker(java.lang.Object, java.lang.Object, java.lang.Object, java.lang.Object, java.lang.Object)'> (0x00000006c1ceb3b0) 
thrown [src/hotspot/share/interpreter/linkResolver.cpp, line 759]
Event: 125.447 Thread 0x000000013480be00 Exception <a 'java/lang/IncompatibleClassChangeError'{0x00000006c1623338}: Found class java.lang.Object, but interface was expected> (0x00000006c1623338) 
thrown [src/hotspot/share/interpreter/linkResolver.cpp, line 826]
Event: 125.448 Thread 0x000000013480be00 Exception <a 'java/lang/IncompatibleClassChangeError'{0x00000006c163c8c0}: Found class java.lang.Object, but interface was expected> (0x00000006c163c8c0) 
thrown [src/hotspot/share/interpreter/linkResolver.cpp, line 826]
Event: 125.448 Thread 0x000000013480be00 Exception <a 'java/lang/IncompatibleClassChangeError'{0x00000006c1654f50}: Found class java.lang.Object, but interface was expected> (0x00000006c1654f50) 
thrown [src/hotspot/share/interpreter/linkResolver.cpp, line 826]
Event: 126.190 Thread 0x0000000136334c00 Exception <a 'java/lang/NoSuchMethodError'{0x0000000734798e40}: 'java.lang.Object java.lang.invoke.DirectMethodHandle$Holder.invokeStatic(java.lang.Object, java.lang.Object, int, int, java.lang.Object, java.lang.Object)'> (0x0000000734798e40) 
thrown [src/hotspot/share/interpreter/linkResolver.cpp, line 759]
Event: 126.776 Thread 0x000000013664e000 Implicit null exception at 0x0000000118ae0930 to 0x0000000118ae0b88
Event: 127.041 Thread 0x000000013480be00 Exception <a 'java/lang/NoSuchMethodError'{0x000000071622e288}: 'java.lang.Object java.lang.invoke.DirectMethodHandle$Holder.newInvokeSpecial(java.lang.Object, java.lang.Object, float, int, int)'> (0x000000071622e288) 
thrown [src/hotspot/share/interpreter/linkResolver.cpp, line 759]
Event: 127.150 Thread 0x000000013480be00 Implicit null exception at 0x00000001193577c0 to 0x000000011935a1d0
Event: 127.567 Thread 0x000000013480be00 Exception <a 'java/lang/NoSuchMethodError'{0x000000070c3d38e0}: 'java.lang.Object java.lang.invoke.DirectMethodHandle$Holder.newInvokeSpecial(java.lang.Object, java.lang.Object, java.lang.Object, java.lang.Object, float)'> (0x000000070c3d38e0) 
thrown [src/hotspot/share/interpreter/linkResolver.cpp, line 759]
Event: 127.699 Thread 0x000000013480be00 Exception <a 'java/lang/IncompatibleClassChangeError'{0x0000000709dfe188}: Found class java.lang.Object, but interface was expected> (0x0000000709dfe188) 
thrown [src/hotspot/share/interpreter/linkResolver.cpp, line 826]
Event: 127.947 Thread 0x0000000130dbec00 Exception <a 'sun/nio/fs/UnixException'{0x0000000705ce4028}> (0x0000000705ce4028) 
thrown [src/hotspot/share/prims/jni.cpp, line 516]
Event: 127.948 Thread 0x0000000130dbec00 Exception <a 'sun/nio/fs/UnixException'{0x0000000705cef208}> (0x0000000705cef208) 
thrown [src/hotspot/share/prims/jni.cpp, line 516]
Event: 127.948 Thread 0x0000000130dbec00 Exception <a 'sun/nio/fs/UnixException'{0x0000000705ceff48}> (0x0000000705ceff48) 
thrown [src/hotspot/share/prims/jni.cpp, line 516]
Event: 128.168 Thread 0x00000001366cfa00 Exception <a 'java/lang/NoSuchMethodError'{0x00000006fd8bdda0}: 'double java.lang.invoke.DirectMethodHandle$Holder.invokeStaticInit(java.lang.Object, long)'> (0x00000006fd8bdda0) 
thrown [src/hotspot/share/interpreter/linkResolver.cpp, line 759]

VM Operations (20 events):
Event: 127.608 Executing VM operation: ICBufferFull
Event: 127.608 Executing VM operation: ICBufferFull done
Event: 127.648 Executing VM operation: ICBufferFull
Event: 127.648 Executing VM operation: ICBufferFull done
Event: 127.769 Executing VM operation: HandshakeAllThreads
Event: 127.769 Executing VM operation: HandshakeAllThreads done
Event: 127.781 Executing VM operation: ICBufferFull
Event: 127.781 Executing VM operation: ICBufferFull done
Event: 127.818 Executing VM operation: ICBufferFull
Event: 127.818 Executing VM operation: ICBufferFull done
Event: 127.872 Executing VM operation: HandshakeAllThreads
Event: 127.872 Executing VM operation: HandshakeAllThreads done
Event: 127.966 Executing VM operation: ICBufferFull
Event: 127.966 Executing VM operation: ICBufferFull done
Event: 128.229 Executing VM operation: HandshakeAllThreads
Event: 128.230 Executing VM operation: HandshakeAllThreads done
Event: 128.247 Executing VM operation: ICBufferFull
Event: 128.247 Executing VM operation: ICBufferFull done
Event: 129.247 Executing VM operation: Cleanup
Event: 129.248 Executing VM operation: Cleanup done

Events (20 events):
Event: 128.256 Thread 0x00000001330a2600 flushing nmethod 0x0000000113322510
Event: 128.256 Thread 0x00000001330a2600 flushing nmethod 0x0000000113322c10
Event: 128.256 Thread 0x00000001330a2600 flushing nmethod 0x0000000113324c10
Event: 128.256 Thread 0x00000001330a2600 flushing nmethod 0x0000000113325c90
Event: 128.256 Thread 0x00000001330a2600 flushing nmethod 0x0000000113326010
Event: 128.256 Thread 0x00000001330a2600 flushing nmethod 0x0000000113326410
Event: 128.257 Thread 0x00000001330a2600 flushing nmethod 0x0000000113618990
Event: 128.257 Thread 0x00000001330a2600 flushing nmethod 0x0000000113619310
Event: 128.257 Thread 0x00000001330a2600 flushing nmethod 0x000000011361a090
Event: 128.257 Thread 0x00000001330a2600 flushing nmethod 0x000000011361a690
Event: 128.257 Thread 0x00000001330a2600 flushing nmethod 0x000000011361bf10
Event: 128.257 Thread 0x00000001330a2600 flushing nmethod 0x0000000113623990
Event: 132.212 loading class jdk/internal/vm/VMSupport
Event: 132.213 loading class jdk/internal/vm/VMSupport done
Event: 132.214 Thread 0x0000000134bc1e00 Thread added: 0x0000000134bc1e00
Event: 132.214 Protecting memory [0x0000000359b70000,0x0000000359b7c000] with protection modes 0
Event: 132.216 Thread 0x0000000134bc0e00 Thread added: 0x0000000134bc0e00
Event: 132.216 Protecting memory [0x000000035a510000,0x000000035a51c000] with protection modes 0
Event: 132.233 Thread 0x0000000130e5e400 Thread added: 0x0000000130e5e400
Event: 132.233 Protecting memory [0x00000003ac304000,0x00000003ac310000] with protection modes 0


Dynamic libraries:
0x0000000104be0000 	/Users/bowieconnors/Documents/GitHub/Install/java/java-runtime-gamma/Contents/Home/lib/libjli.dylib
0x00000001975f2000 	/usr/lib/libz.1.dylib
0x00000001976a8000 	/usr/lib/libSystem.B.dylib
0x00000001976a2000 	/usr/lib/system/libcache.dylib
0x000000019765d000 	/usr/lib/system/libcommonCrypto.dylib
0x0000000197688000 	/usr/lib/system/libcompiler_rt.dylib
0x000000019767d000 	/usr/lib/system/libcopyfile.dylib
0x000000018759d000 	/usr/lib/system/libcorecrypto.dylib
0x000000018769d000 	/usr/lib/system/libdispatch.dylib
0x0000000187447000 	/usr/lib/system/libdyld.dylib
0x0000000197698000 	/usr/lib/system/libkeymgr.dylib
0x0000000197640000 	/usr/lib/system/libmacho.dylib
0x00000001968d7000 	/usr/lib/system/libquarantine.dylib
0x0000000197695000 	/usr/lib/system/libremovefile.dylib
0x000000018e005000 	/usr/lib/system/libsystem_asl.dylib
0x0000000187523000 	/usr/lib/system/libsystem_blocks.dylib
0x00000001876e8000 	/usr/lib/system/libsystem_c.dylib
0x000000019768c000 	/usr/lib/system/libsystem_collections.dylib
0x0000000195278000 	/usr/lib/system/libsystem_configuration.dylib
0x0000000193e67000 	/usr/lib/system/libsystem_containermanager.dylib
0x0000000197076000 	/usr/lib/system/libsystem_coreservices.dylib
0x000000018b830000 	/usr/lib/system/libsystem_darwin.dylib
0x000000028c4fc000 	/usr/lib/system/libsystem_darwindirectory.dylib
0x0000000197699000 	/usr/lib/system/libsystem_dnssd.dylib
0x000000028c500000 	/usr/lib/system/libsystem_eligibility.dylib
0x00000001876e5000 	/usr/lib/system/libsystem_featureflags.dylib
0x0000000187869000 	/usr/lib/system/libsystem_info.dylib
0x0000000197601000 	/usr/lib/system/libsystem_m.dylib
0x000000018764c000 	/usr/lib/system/libsystem_malloc.dylib
0x000000018df68000 	/usr/lib/system/libsystem_networkextension.dylib
0x000000018bc9b000 	/usr/lib/system/libsystem_notify.dylib
0x000000019527d000 	/usr/lib/system/libsystem_sandbox.dylib
0x000000028c50a000 	/usr/lib/system/libsystem_sanitizers.dylib
0x0000000197691000 	/usr/lib/system/libsystem_secinit.dylib
0x0000000187815000 	/usr/lib/system/libsystem_kernel.dylib
0x0000000187860000 	/usr/lib/system/libsystem_platform.dylib
0x0000000187853000 	/usr/lib/system/libsystem_pthread.dylib
0x000000018fbc3000 	/usr/lib/system/libsystem_symptoms.dylib
0x000000018757c000 	/usr/lib/system/libsystem_trace.dylib
0x000000028c512000 	/usr/lib/system/libsystem_trial.dylib
0x000000019766b000 	/usr/lib/system/libunwind.dylib
0x0000000187527000 	/usr/lib/system/libxpc.dylib
0x00000001873f4000 	/usr/lib/libobjc.A.dylib
0x0000000187899000 	/System/Library/Frameworks/CoreFoundation.framework/Versions/A/CoreFoundation
0x000000019af18000 	/usr/lib/swift/libswiftCore.dylib
0x00000001877fa000 	/usr/lib/libc++abi.dylib
0x000000028a8df000 	/usr/lib/libRosetta.dylib
0x0000000187769000 	/usr/lib/libc++.1.dylib
0x0000000189106000 	/System/Library/Frameworks/Foundation.framework/Versions/C/Foundation
0x00000001a4ab9000 	/usr/lib/swift/libswiftObjectiveC.dylib
0x000000028bd65000 	/usr/lib/libswiftPrespecialized.dylib
0x0000000188d75000 	/System/Library/Frameworks/SystemConfiguration.framework/Versions/A/SystemConfiguration
0x00000001920e5000 	/System/Library/PrivateFrameworks/CoreAutoLayout.framework/Versions/A/CoreAutoLayout
0x00000001976aa000 	/usr/lib/libfakelink.dylib
0x00000001978d0000 	/usr/lib/libcompression.dylib
0x000000018dbb2000 	/System/Library/Frameworks/CFNetwork.framework/Versions/A/CFNetwork
0x0000000191515000 	/System/Library/Frameworks/DiskArbitration.framework/Versions/A/DiskArbitration
0x00000001976fd000 	/usr/lib/libarchive.2.dylib
0x000000019141a000 	/usr/lib/libDiagnosticMessagesClient.dylib
0x000000018b55a000 	/usr/lib/libicucore.A.dylib
0x000000019212e000 	/usr/lib/libxml2.2.dylib
0x000000019fd75000 	/System/Library/Frameworks/CoreServices.framework/Versions/A/CoreServices
0x000000019528b000 	/usr/lib/liblangid.dylib
0x000000018bbb2000 	/System/Library/Frameworks/IOKit.framework/Versions/A/IOKit
0x000000019da0f000 	/System/Library/Frameworks/Combine.framework/Versions/A/Combine
0x00000002400e3000 	/System/Library/PrivateFrameworks/CollectionsInternal.framework/Versions/A/CollectionsInternal
0x000000026bfe2000 	/System/Library/PrivateFrameworks/ReflectionInternal.framework/Versions/A/ReflectionInternal
0x000000026cf35000 	/System/Library/PrivateFrameworks/RuntimeInternal.framework/Versions/A/RuntimeInternal
0x00000001976ac000 	/System/Library/PrivateFrameworks/SoftLinking.framework/Versions/A/SoftLinking
0x00000001b4b66000 	/usr/lib/swift/libswiftCoreFoundation.dylib
0x00000001b19fe000 	/usr/lib/swift/libswiftDarwin.dylib
0x00000001a1ae1000 	/usr/lib/swift/libswiftDispatch.dylib
0x00000001b4bc7000 	/usr/lib/swift/libswiftIOKit.dylib
0x000000028c1a8000 	/usr/lib/swift/libswiftSystem.dylib
0x00000001b4b79000 	/usr/lib/swift/libswiftXPC.dylib
0x000000028c1da000 	/usr/lib/swift/libswift_Builtin_float.dylib
0x000000028c1db000 	/usr/lib/swift/libswift_Concurrency.dylib
0x000000028c267000 	/usr/lib/swift/libswift_DarwinFoundation1.dylib
0x000000028c30b000 	/usr/lib/swift/libswift_StringProcessing.dylib
0x00000001a4abd000 	/usr/lib/swift/libswiftos.dylib
0x000000018bb32000 	/System/Library/PrivateFrameworks/CoreServicesInternal.framework/Versions/A/CoreServicesInternal
0x0000000197675000 	/usr/lib/liboah.dylib
0x000000018b13b000 	/System/Library/Frameworks/Security.framework/Versions/A/Security
0x00000001a3eed000 	/System/Library/PrivateFrameworks/DiskImages.framework/Versions/A/DiskImages
0x00000001b14a3000 	/System/Library/Frameworks/NetFS.framework/Versions/A/NetFS
0x00000001920aa000 	/System/Library/Frameworks/CoreServices.framework/Versions/A/Frameworks/FSEvents.framework/Versions/A/FSEvents
0x000000018b83a000 	/System/Library/Frameworks/CoreServices.framework/Versions/A/Frameworks/CarbonCore.framework/Versions/A/CarbonCore
0x0000000191489000 	/System/Library/Frameworks/CoreServices.framework/Versions/A/Frameworks/Metadata.framework/Versions/A/Metadata
0x000000019707d000 	/System/Library/Frameworks/CoreServices.framework/Versions/A/Frameworks/OSServices.framework/Versions/A/OSServices
0x00000001977f5000 	/System/Library/Frameworks/CoreServices.framework/Versions/A/Frameworks/SearchKit.framework/Versions/A/SearchKit
0x000000018fb3d000 	/System/Library/Frameworks/CoreServices.framework/Versions/A/Frameworks/AE.framework/Versions/A/AE
0x0000000187df8000 	/System/Library/Frameworks/CoreServices.framework/Versions/A/Frameworks/LaunchServices.framework/Versions/A/LaunchServices
0x0000000198b7b000 	/System/Library/Frameworks/CoreServices.framework/Versions/A/Frameworks/DictionaryServices.framework/Versions/A/DictionaryServices
0x00000001920b7000 	/System/Library/Frameworks/CoreServices.framework/Versions/A/Frameworks/SharedFileList.framework/Versions/A/SharedFileList
0x0000000197888000 	/usr/lib/libapple_nghttp2.dylib
0x000000018f754000 	/usr/lib/libsqlite3.dylib
0x000000018f93d000 	/System/Library/Frameworks/Accounts.framework/Versions/A/Accounts
0x00000001a412f000 	/System/Library/PrivateFrameworks/AppSupport.framework/Versions/A/AppSupport
0x00000001b392a000 	/System/Library/Frameworks/AVFoundation.framework/Versions/A/AVFoundation
0x00000001913ea000 	/System/Library/PrivateFrameworks/CoreAnalytics.framework/Versions/A/CoreAnalytics
0x000000018e5f8000 	/System/Library/Frameworks/CoreGraphics.framework/Versions/A/CoreGraphics
0x000000019bc4a000 	/System/Library/Frameworks/GSS.framework/Versions/A/GSS
0x000000019a03c000 	/System/Library/PrivateFrameworks/InternationalSupport.framework/Versions/A/InternationalSupport
0x000000018fad1000 	/System/Library/PrivateFrameworks/RunningBoardServices.framework/Versions/A/RunningBoardServices
0x00000001a4a41000 	/System/Library/PrivateFrameworks/StreamingZip.framework/Versions/A/StreamingZip
0x000000018df83000 	/usr/lib/libenergytrace.dylib
0x000000018fbcc000 	/System/Library/Frameworks/Network.framework/Versions/A/Network
0x00000001968ff000 	/usr/lib/libbsm.0.dylib
0x0000000197644000 	/usr/lib/system/libkxld.dylib
0x000000023b6c3000 	/System/Library/PrivateFrameworks/AppleKeyStore.framework/Versions/A/AppleKeyStore
0x000000028a5e1000 	/usr/lib/libCoreEntitlements.dylib
0x00000002606c5000 	/System/Library/PrivateFrameworks/MessageSecurity.framework/Versions/A/MessageSecurity
0x000000018f738000 	/System/Library/PrivateFrameworks/ProtocolBuffer.framework/Versions/A/ProtocolBuffer
0x00000001a0ef0000 	/System/Library/PrivateFrameworks/SymptomDiagnosticReporter.framework/Versions/A/SymptomDiagnosticReporter
0x0000000198dc0000 	/System/Library/PrivateFrameworks/CrashReporterSupport.framework/Versions/A/CrashReporterSupport
0x000000018df85000 	/usr/lib/libMobileGestalt.dylib
0x000000019705d000 	/System/Library/PrivateFrameworks/AppleFSCompression.framework/Versions/A/AppleFSCompression
0x00000001968e7000 	/usr/lib/libcoretls.dylib
0x0000000198bf1000 	/usr/lib/libcoretls_cfhelpers.dylib
0x00000001978ca000 	/usr/lib/libpam.2.dylib
0x0000000198c67000 	/usr/lib/libxar.1.dylib
0x0000000198bf3000 	/System/Library/PrivateFrameworks/APFS.framework/Versions/A/APFS
0x0000000278662000 	/System/Library/PrivateFrameworks/SwiftASN1Internal.framework/Versions/A/SwiftASN1Internal
0x0000000198c76000 	/usr/lib/libutil.dylib
0x0000000195286000 	/System/Library/PrivateFrameworks/AppleSystemInfo.framework/Versions/A/AppleSystemInfo
0x00000001965ae000 	/System/Library/PrivateFrameworks/IOMobileFramebuffer.framework/Versions/A/IOMobileFramebuffer
0x0000000193ea0000 	/System/Library/Frameworks/IOSurface.framework/Versions/A/IOSurface
0x00000001a384d000 	/System/Library/PrivateFrameworks/CoreWiFi.framework/Versions/A/CoreWiFi
0x00000001b4a28000 	/System/Library/PrivateFrameworks/LoggingSupport.framework/Versions/A/LoggingSupport
0x000000019bcad000 	/System/Library/PrivateFrameworks/MobileAsset.framework/Versions/A/MobileAsset
0x00000001a0f00000 	/System/Library/PrivateFrameworks/PowerLog.framework/Versions/A/PowerLog
0x00000001a23c2000 	/System/Library/PrivateFrameworks/Rapport.framework/Versions/A/Rapport
0x00000002342e6000 	/System/Library/Frameworks/SwiftData.framework/Versions/A/SwiftData
0x000000018d5e7000 	/System/Library/Frameworks/UniformTypeIdentifiers.framework/Versions/A/UniformTypeIdentifiers
0x00000001922d7000 	/System/Library/PrivateFrameworks/UserManagement.framework/Versions/A/UserManagement
0x000000018dad9000 	/usr/lib/libboringssl.dylib
0x000000018fbb1000 	/usr/lib/libdns_services.dylib
0x00000001b3a5e000 	/usr/lib/libquic.dylib
0x000000019aea9000 	/usr/lib/libusrtcp.dylib
0x000000023c57c000 	/System/Library/PrivateFrameworks/AtomicsInternal.framework/Versions/A/AtomicsInternal
0x00000001dacef000 	/System/Library/PrivateFrameworks/InternalSwiftProtobuf.framework/Versions/A/InternalSwiftProtobuf
0x000000028c02f000 	/usr/lib/swift/libswiftDistributed.dylib
0x000000028c058000 	/usr/lib/swift/libswiftObservation.dylib
0x000000028c194000 	/usr/lib/swift/libswiftSynchronization.dylib
0x0000000195284000 	/System/Library/PrivateFrameworks/AggregateDictionary.framework/Versions/A/AggregateDictionary
0x000000023cdaa000 	/System/Library/PrivateFrameworks/BiomeLibrary.framework/Versions/A/BiomeLibrary
0x00000001c3b72000 	/System/Library/PrivateFrameworks/BiomeStreams.framework/Versions/A/BiomeStreams
0x00000001bfbd8000 	/System/Library/PrivateFrameworks/BiomeFoundation.framework/Versions/A/BiomeFoundation
0x00000001c9df4000 	/System/Library/PrivateFrameworks/BiomePubSub.framework/Versions/A/BiomePubSub
0x000000018f34a000 	/System/Library/Frameworks/CoreData.framework/Versions/A/CoreData
0x00000001a5a24000 	/System/Library/PrivateFrameworks/ProactiveSupport.framework/Versions/A/ProactiveSupport
0x0000000236341000 	/System/Library/Frameworks/_LocationEssentials.framework/Versions/A/_LocationEssentials
0x0000000198bd2000 	/usr/lib/liblzma.5.dylib
0x000000019fff4000 	/System/Library/Frameworks/Accelerate.framework/Versions/A/Accelerate
0x00000001967e0000 	/System/Library/PrivateFrameworks/MobileKeyBag.framework/Versions/A/MobileKeyBag
0x00000001a4443000 	/System/Library/PrivateFrameworks/InternationalTextSearch.framework/Versions/A/InternationalTextSearch
0x00000001bc0b4000 	/System/Library/PrivateFrameworks/SoftwareUpdateCoreSupport.framework/Versions/A/SoftwareUpdateCoreSupport
0x00000001c4610000 	/System/Library/PrivateFrameworks/SoftwareUpdateCoreConnect.framework/Versions/A/SoftwareUpdateCoreConnect
0x00000001a3fe7000 	/System/Library/PrivateFrameworks/RemoteServiceDiscovery.framework/Versions/A/RemoteServiceDiscovery
0x00000001bbc8c000 	/System/Library/PrivateFrameworks/MSUDataAccessor.framework/Versions/A/MSUDataAccessor
0x00000001b6bf4000 	/usr/lib/libbootpolicy.dylib
0x00000001a3ffe000 	/System/Library/PrivateFrameworks/RemoteXPC.framework/Versions/A/RemoteXPC
0x00000001c3a46000 	/usr/lib/libFDR.dylib
0x00000001c99f6000 	/usr/lib/libamsupport.dylib
0x000000028a8d7000 	/usr/lib/libReverseProxyDevice.dylib
0x000000023af33000 	/System/Library/PrivateFrameworks/AppleDeviceQuerySupport.framework/Versions/A/AppleDeviceQuerySupport
0x00000001ccbb8000 	/usr/lib/libpartition2_dynamic.dylib
0x0000000197864000 	/System/Library/PrivateFrameworks/AppleSauce.framework/Versions/A/AppleSauce
0x000000028a48c000 	/usr/lib/libAppleArchive.dylib
0x0000000197069000 	/usr/lib/libbz2.1.0.dylib
0x000000019151f000 	/System/Library/Frameworks/Accelerate.framework/Versions/A/Frameworks/vImage.framework/Versions/A/vImage
0x000000019fd50000 	/System/Library/Frameworks/Accelerate.framework/Versions/A/Frameworks/vecLib.framework/Versions/A/vecLib
0x0000000198cad000 	/System/Library/Frameworks/Accelerate.framework/Versions/A/Frameworks/vecLib.framework/Versions/A/libvMisc.dylib
0x00000001882fc000 	/System/Library/Frameworks/Accelerate.framework/Versions/A/Frameworks/vecLib.framework/Versions/A/libBLAS.dylib
0x00000001a4442000 	/System/Library/Frameworks/ApplicationServices.framework/Versions/A/ApplicationServices
0x0000000192215000 	/System/Library/Frameworks/CoreVideo.framework/Versions/A/CoreVideo
0x000000018ed4e000 	/System/Library/Frameworks/ColorSync.framework/Versions/A/ColorSync
0x000000018a77c000 	/System/Library/Frameworks/CoreText.framework/Versions/A/CoreText
0x0000000194993000 	/System/Library/Frameworks/ImageIO.framework/Versions/A/ImageIO
0x000000019b861000 	/System/Library/Frameworks/ApplicationServices.framework/Versions/A/Frameworks/ATS.framework/Versions/A/ATS
0x000000018eef6000 	/System/Library/Frameworks/ApplicationServices.framework/Versions/A/Frameworks/HIServices.framework/Versions/A/HIServices
0x0000000199f32000 	/System/Library/Frameworks/ApplicationServices.framework/Versions/A/Frameworks/PrintCore.framework/Versions/A/PrintCore
0x000000019bc13000 	/System/Library/Frameworks/ApplicationServices.framework/Versions/A/Frameworks/QD.framework/Versions/A/QD
0x000000019bc0e000 	/System/Library/Frameworks/ApplicationServices.framework/Versions/A/Frameworks/ColorSyncLegacy.framework/Versions/A/ColorSyncLegacy
0x000000019b833000 	/System/Library/Frameworks/ApplicationServices.framework/Versions/A/Frameworks/SpeechSynthesis.framework/Versions/A/SpeechSynthesis
0x000000018e041000 	/System/Library/PrivateFrameworks/SkyLight.framework/Versions/A/SkyLight
0x000000019436e000 	/System/Library/PrivateFrameworks/FontServices.framework/libFontParser.dylib
0x000000018f9df000 	/System/Library/PrivateFrameworks/BaseBoard.framework/Versions/A/BaseBoard
0x00000001a1e42000 	/System/Library/PrivateFrameworks/BoardServices.framework/Versions/A/BoardServices
0x00000001a3d0f000 	/System/Library/PrivateFrameworks/BackBoardServices.framework/Versions/A/BackBoardServices
0x000000023ccaf000 	/System/Library/PrivateFrameworks/BackBoardHIDEventFoundation.framework/Versions/A/BackBoardHIDEventFoundation
0x000000018a298000 	/System/Library/Frameworks/CoreDisplay.framework/Versions/A/CoreDisplay
0x000000019988b000 	/System/Library/Frameworks/VideoToolbox.framework/Versions/A/VideoToolbox
0x00000001978c8000 	/System/Library/Frameworks/MetalPerformanceShaders.framework/Versions/A/MetalPerformanceShaders
0x000000026aeec000 	/System/Library/PrivateFrameworks/ProDisplayLibrary.framework/Versions/A/ProDisplayLibrary
0x00000001a7b40000 	/System/Library/PrivateFrameworks/IOSurfaceAccelerator.framework/Versions/A/IOSurfaceAccelerator
0x0000000193ec8000 	/System/Library/Frameworks/Metal.framework/Versions/A/Metal
0x0000000193ebd000 	/System/Library/PrivateFrameworks/IOAccelerator.framework/Versions/A/IOAccelerator
0x00000001941cc000 	/System/Library/Frameworks/CoreMedia.framework/Versions/A/CoreMedia
0x000000018e01d000 	/System/Library/PrivateFrameworks/TCC.framework/Versions/A/TCC
0x0000000199843000 	/System/Library/PrivateFrameworks/WatchdogClient.framework/Versions/A/WatchdogClient
0x0000000191944000 	/System/Library/Frameworks/QuartzCore.framework/Versions/A/QuartzCore
0x0000000199845000 	/System/Library/PrivateFrameworks/MultitouchSupport.framework/Versions/A/MultitouchSupport
0x00000001cc99e000 	/usr/lib/swift/libswiftAccelerate.dylib
0x00000001b4b46000 	/usr/lib/swift/libswiftCoreAudio.dylib
0x00000001d0b19000 	/usr/lib/swift/libswiftCoreMedia.dylib
0x00000001c2b07000 	/usr/lib/swift/libswiftMetal.dylib
0x00000001d22cc000 	/usr/lib/swift/libswiftOSLog.dylib
0x00000001c7efb000 	/usr/lib/swift/libswiftQuartzCore.dylib
0x00000001cc98e000 	/usr/lib/swift/libswiftUniformTypeIdentifiers.dylib
0x000000028c1c2000 	/usr/lib/swift/libswiftVideoToolbox.dylib
0x00000001b86b8000 	/usr/lib/swift/libswiftsimd.dylib
0x00000001c9e55000 	/System/Library/PrivateFrameworks/BiomeStorage.framework/Versions/A/BiomeStorage
0x0000000259409000 	/System/Library/PrivateFrameworks/IntelligencePlatformLibrary.framework/Versions/A/IntelligencePlatformLibrary
0x0000000269cb0000 	/System/Library/PrivateFrameworks/PoirotSchematizer.framework/Versions/A/PoirotSchematizer
0x000000023d65d000 	/System/Library/PrivateFrameworks/BiomeSync.framework/Versions/A/BiomeSync
0x000000023cd90000 	/System/Library/PrivateFrameworks/BiomeDSL.framework/Versions/A/BiomeDSL
0x00000001e2eb8000 	/System/Library/PrivateFrameworks/FeatureFlags.framework/Versions/A/FeatureFlags
0x0000000269d1e000 	/System/Library/PrivateFrameworks/PoirotUDFs.framework/Versions/A/PoirotUDFs
0x000000028c26a000 	/usr/lib/swift/libswift_DarwinFoundation2.dylib
0x000000028c26b000 	/usr/lib/swift/libswift_DarwinFoundation3.dylib
0x00000001a23b7000 	/System/Library/PrivateFrameworks/CoreTime.framework/Versions/A/CoreTime
0x00000001976e2000 	/usr/lib/libiconv.2.dylib
0x000000019763f000 	/usr/lib/libcharset.1.dylib
0x0000000269c73000 	/System/Library/PrivateFrameworks/PoirotSQLite.framework/Versions/A/PoirotSQLite
0x000000028c26c000 	/usr/lib/swift/libswift_RegexParser.dylib
0x000000023ec93000 	/System/Library/PrivateFrameworks/CascadeSets.framework/Versions/A/CascadeSets
0x000000019be24000 	/System/Library/PrivateFrameworks/CorePhoneNumbers.framework/Versions/A/CorePhoneNumbers
0x000000019963d000 	/System/Library/PrivateFrameworks/AppleJPEG.framework/Versions/A/AppleJPEG
0x0000000199017000 	/usr/lib/libexpat.1.dylib
0x0000000199e08000 	/System/Library/Frameworks/ImageIO.framework/Versions/A/Resources/libPng.dylib
0x0000000199e33000 	/System/Library/Frameworks/ImageIO.framework/Versions/A/Resources/libTIFF.dylib
0x0000000199f1b000 	/System/Library/Frameworks/ImageIO.framework/Versions/A/Resources/libGIF.dylib
0x0000000199682000 	/System/Library/Frameworks/ImageIO.framework/Versions/A/Resources/libJP2.dylib
0x0000000198d27000 	/usr/lib/libate.dylib
0x0000000199ec2000 	/System/Library/Frameworks/ImageIO.framework/Versions/A/Resources/libJPEG.dylib
0x0000000199eb9000 	/System/Library/Frameworks/ImageIO.framework/Versions/A/Resources/libRadiance.dylib
0x000000024f0c0000 	/System/Library/PrivateFrameworks/GPUCompiler.framework/Versions/32023/Libraries/libllvm-flatbuffers.dylib
0x0000000249b1f000 	/System/Library/PrivateFrameworks/FramePacing.framework/Versions/A/FramePacing
0x000000022cd32000 	/System/Library/Frameworks/OpenGL.framework/Versions/A/Libraries/libCoreFSCache.dylib
0x000000024ac4d000 	/System/Library/PrivateFrameworks/GPUCompiler.framework/Versions/32023/Libraries/libGPUCompilerUtils.dylib
0x00000001a1f0f000 	/System/Library/PrivateFrameworks/GraphicsServices.framework/Versions/A/GraphicsServices
0x000000022cd40000 	/System/Library/Frameworks/OpenGL.framework/Versions/A/OpenGL
0x000000022cd91000 	/System/Library/Frameworks/OpenGL.framework/Versions/A/Libraries/libGLU.dylib
0x000000022cd54000 	/System/Library/Frameworks/OpenGL.framework/Versions/A/Libraries/libGFXShared.dylib
0x000000022cf21000 	/System/Library/Frameworks/OpenGL.framework/Versions/A/Libraries/libGL.dylib
0x000000022cd5d000 	/System/Library/Frameworks/OpenGL.framework/Versions/A/Libraries/libGLImage.dylib
0x000000022cd51000 	/System/Library/Frameworks/OpenGL.framework/Versions/A/Libraries/libCVMSPluginSupport.dylib
0x000000022cd3a000 	/System/Library/Frameworks/OpenGL.framework/Versions/A/Libraries/libCoreVMClient.dylib
0x0000000199eb4000 	/System/Library/PrivateFrameworks/GPUWrangler.framework/Versions/A/GPUWrangler
0x0000000199e94000 	/System/Library/PrivateFrameworks/IOPresentment.framework/Versions/A/IOPresentment
0x0000000199ebc000 	/System/Library/PrivateFrameworks/DSExternalDisplay.framework/Versions/A/DSExternalDisplay
0x0000000280225000 	/System/Library/PrivateFrameworks/VideoToolboxParavirtualizationSupport.framework/Versions/A/VideoToolboxParavirtualizationSupport
0x0000000198fce000 	/System/Library/PrivateFrameworks/AppleVA.framework/Versions/A/AppleVA
0x000000022edbc000 	/System/Library/Frameworks/ExtensionFoundation.framework/Versions/A/ExtensionFoundation
0x0000000199f21000 	/System/Library/PrivateFrameworks/CMCaptureCore.framework/Versions/A/CMCaptureCore
0x00000001992a7000 	/usr/lib/libspindump.dylib
0x000000018a9a5000 	/System/Library/Frameworks/CoreAudio.framework/Versions/A/CoreAudio
0x000000019929a000 	/System/Library/PrivateFrameworks/AppServerSupport.framework/Versions/A/AppServerSupport
0x000000019bc1c000 	/System/Library/PrivateFrameworks/perfdata.framework/Versions/A/perfdata
0x000000018a3b9000 	/System/Library/PrivateFrameworks/AudioToolboxCore.framework/Versions/A/AudioToolboxCore
0x00000001941a2000 	/System/Library/PrivateFrameworks/caulk.framework/Versions/A/caulk
0x000000019b819000 	/usr/lib/libAudioStatistics.dylib
0x00000001b3b53000 	/System/Library/PrivateFrameworks/SystemPolicy.framework/Versions/A/SystemPolicy
0x000000019bac1000 	/usr/lib/libSMC.dylib
0x00000001bb4a0000 	/usr/lib/swift/libswiftCoreMIDI.dylib
0x00000001a6e32000 	/System/Library/Frameworks/CoreMIDI.framework/Versions/A/CoreMIDI
0x0000000199de2000 	/usr/lib/libAudioToolboxUtility.dylib
0x000000019bc2a000 	/usr/lib/libperfcheck.dylib
0x000000023c64b000 	/System/Library/PrivateFrameworks/AudioAnalytics.framework/Versions/A/AudioAnalytics
0x00000001da9dd000 	/System/Library/Frameworks/OSLog.framework/Versions/A/OSLog
0x0000000265726000 	/System/Library/PrivateFrameworks/OSEligibility.framework/Versions/A/OSEligibility
0x000000019909d000 	/System/Library/PrivateFrameworks/IconServices.framework/Versions/A/IconServices
0x00000002301a0000 	/System/Library/Frameworks/LightweightCodeRequirements.framework/Versions/A/LightweightCodeRequirements
0x0000000198f17000 	/System/Library/PrivateFrameworks/PlugInKit.framework/Versions/A/PlugInKit
0x00000001967f8000 	/System/Library/PrivateFrameworks/AssertionServices.framework/Versions/A/AssertionServices
0x000000019903c000 	/System/Library/PrivateFrameworks/IconFoundation.framework/Versions/A/IconFoundation
0x0000000255f97000 	/System/Library/PrivateFrameworks/IconRendering.framework/Versions/A/IconRendering
0x0000000191dac000 	/System/Library/PrivateFrameworks/CoreUI.framework/Versions/A/CoreUI
0x0000000194cd3000 	/System/Library/Frameworks/CoreImage.framework/Versions/A/CoreImage
0x000000026d101000 	/System/Library/PrivateFrameworks/SFSymbols.framework/Versions/A/SFSymbols
0x000000022ec72000 	/System/Library/Frameworks/DeveloperToolsSupport.framework/Versions/A/DeveloperToolsSupport
0x00000001abcb5000 	/System/Library/PrivateFrameworks/RenderBox.framework/Versions/A/RenderBox
0x0000000194955000 	/System/Library/PrivateFrameworks/CoreSVG.framework/Versions/A/CoreSVG
0x0000000199fa5000 	/System/Library/PrivateFrameworks/TextureIO.framework/Versions/A/TextureIO
0x00000001b4bc6000 	/usr/lib/swift/libswiftCoreImage.dylib
0x000000019924a000 	/System/Library/PrivateFrameworks/GraphVisualizer.framework/Versions/A/GraphVisualizer
0x0000000249a2a000 	/System/Library/PrivateFrameworks/FontServices.framework/Versions/A/FontServices
0x000000019925a000 	/System/Library/PrivateFrameworks/OTSVG.framework/Versions/A/OTSVG
0x0000000191d5a000 	/System/Library/Frameworks/ApplicationServices.framework/Versions/A/Frameworks/ATS.framework/Versions/A/Resources/libFontRegistry.dylib
0x000000028b39f000 	/usr/lib/libhvf.dylib
0x00000002663b2000 	/System/Library/PrivateFrameworks/ParsingInternal.framework/Versions/A/ParsingInternal
0x0000000249a2e000 	/System/Library/PrivateFrameworks/FontServices.framework/libXTFontStaticRegistryData.dylib
0x00000001951be000 	/System/Library/Frameworks/MetalPerformanceShaders.framework/Versions/A/Frameworks/MPSCore.framework/Versions/A/MPSCore
0x0000000196fc8000 	/System/Library/Frameworks/MetalPerformanceShaders.framework/Versions/A/Frameworks/MPSImage.framework/Versions/A/MPSImage
0x0000000196987000 	/System/Library/Frameworks/MetalPerformanceShaders.framework/Versions/A/Frameworks/MPSNeuralNetwork.framework/Versions/A/MPSNeuralNetwork
0x0000000196dc6000 	/System/Library/Frameworks/MetalPerformanceShaders.framework/Versions/A/Frameworks/MPSMatrix.framework/Versions/A/MPSMatrix
0x0000000196bde000 	/System/Library/Frameworks/MetalPerformanceShaders.framework/Versions/A/Frameworks/MPSRayIntersector.framework/Versions/A/MPSRayIntersector
0x0000000196df8000 	/System/Library/Frameworks/MetalPerformanceShaders.framework/Versions/A/Frameworks/MPSNDArray.framework/Versions/A/MPSNDArray
0x0000000231025000 	/System/Library/Frameworks/MetalPerformanceShaders.framework/Versions/A/Frameworks/MPSFunctions.framework/Versions/A/MPSFunctions
0x0000000231006000 	/System/Library/Frameworks/MetalPerformanceShaders.framework/Versions/A/Frameworks/MPSBenchmarkLoop.framework/Versions/A/MPSBenchmarkLoop
0x0000000231039000 	/System/Library/Frameworks/MetalPerformanceShaders.framework/Versions/A/Frameworks/MPSHost.framework/Versions/A/MPSHost
0x0000000188113000 	/System/Library/PrivateFrameworks/MetalTools.framework/Versions/A/MetalTools
0x00000001b9ddd000 	/System/Library/PrivateFrameworks/IOAccelMemoryInfo.framework/Versions/A/IOAccelMemoryInfo
0x00000001c82ee000 	/System/Library/PrivateFrameworks/kperf.framework/Versions/A/kperf
0x00000001b4b42000 	/System/Library/PrivateFrameworks/GPURawCounter.framework/Versions/A/GPURawCounter
0x00000001a5baf000 	/System/Library/PrivateFrameworks/ASEProcessing.framework/Versions/A/ASEProcessing
0x00000001d639b000 	/System/Library/PrivateFrameworks/Symbolication.framework/Versions/A/Symbolication
0x000000026985f000 	/System/Library/PrivateFrameworks/PhotosensitivityProcessing.framework/Versions/A/PhotosensitivityProcessing
0x000000026d187000 	/System/Library/PrivateFrameworks/SILManager.framework/Versions/A/SILManager
0x00000001a225a000 	/System/Library/PrivateFrameworks/CoreSymbolication.framework/Versions/A/CoreSymbolication
0x00000001b4ab7000 	/System/Library/PrivateFrameworks/MallocStackLogging.framework/Versions/A/MallocStackLogging
0x00000001a2238000 	/System/Library/PrivateFrameworks/DebugSymbols.framework/Versions/A/DebugSymbols
0x00000001c6a61000 	/System/Library/PrivateFrameworks/OSAnalytics.framework/Versions/A/OSAnalytics
0x000000024778c000 	/System/Library/PrivateFrameworks/DeviceRecovery.framework/Versions/A/DeviceRecovery
0x000000027bab5000 	/System/Library/PrivateFrameworks/Tightbeam.framework/Versions/A/Tightbeam
0x00000001c2b15000 	/usr/lib/swift/libswiftCompression.dylib
0x00000001cd125000 	/System/Library/PrivateFrameworks/AFKUser.framework/Versions/A/AFKUser
0x0000000199eed000 	/System/Library/Frameworks/ApplicationServices.framework/Versions/A/Frameworks/ATSUI.framework/Versions/A/ATSUI
0x000000019b5c3000 	/System/Library/Frameworks/AudioToolbox.framework/Versions/A/AudioToolbox
0x0000000197436000 	/System/Library/Frameworks/UserNotifications.framework/Versions/A/UserNotifications
0x00000001ba572000 	/System/Library/PrivateFrameworks/SiriInstrumentation.framework/Versions/A/SiriInstrumentation
0x000000026f5e2000 	/System/Library/PrivateFrameworks/SiriAnalytics.framework/Versions/A/SiriAnalytics
0x00000001b7cda000 	/System/Library/PrivateFrameworks/FeedbackLogger.framework/Versions/A/FeedbackLogger
0x00000001d2565000 	/usr/lib/swift/libswiftAVFoundation.dylib
0x000000027e2dd000 	/System/Library/PrivateFrameworks/UnifiedAssetFramework.framework/Versions/A/UnifiedAssetFramework
0x000000019b798000 	/System/Library/PrivateFrameworks/AudioSession.framework/Versions/A/AudioSession
0x000000019915b000 	/System/Library/PrivateFrameworks/MediaExperience.framework/Versions/A/MediaExperience
0x000000019b56d000 	/System/Library/PrivateFrameworks/AudioSession.framework/libSessionUtility.dylib
0x00000001a0de5000 	/System/Library/Frameworks/CoreBluetooth.framework/Versions/A/CoreBluetooth
0x000000019666b000 	/System/Library/PrivateFrameworks/CoreUtils.framework/Versions/A/CoreUtils
0x00000001ac9e8000 	/System/Library/PrivateFrameworks/HID.framework/Versions/A/HID
0x00000002466a5000 	/System/Library/PrivateFrameworks/CoreUtilsExtras.framework/Versions/A/CoreUtilsExtras
0x0000000255eec000 	/System/Library/PrivateFrameworks/IO80211.framework/Versions/A/IO80211
0x000000019d75b000 	/System/Library/Frameworks/IOBluetooth.framework/Versions/A/IOBluetooth
0x000000028c077000 	/usr/lib/swift/libswiftRegexBuilder.dylib
0x0000000198db7000 	/usr/lib/libIOReport.dylib
0x00000001e2f3c000 	/System/Library/PrivateFrameworks/WiFiPeerToPeer.framework/Versions/A/WiFiPeerToPeer
0x0000000196807000 	/System/Library/Frameworks/SecurityFoundation.framework/Versions/A/SecurityFoundation
0x000000023ed47000 	/System/Library/PrivateFrameworks/Centauri.framework/Versions/A/Centauri
0x0000000188af7000 	/System/Library/PrivateFrameworks/Lexicon.framework/Versions/A/Lexicon
0x000000028b7ef000 	/usr/lib/libmrc.dylib
0x0000000255f57000 	/System/Library/PrivateFrameworks/IPConfiguration.framework/Versions/A/IPConfiguration
0x00000001d6b72000 	/System/Library/PrivateFrameworks/Netrb.framework/Versions/A/Netrb
0x00000001a1d68000 	/System/Library/PrivateFrameworks/FrontBoardServices.framework/Versions/A/FrontBoardServices
0x0000000196970000 	/usr/lib/libgermantok.dylib
0x00000001953ad000 	/System/Library/PrivateFrameworks/LinguisticData.framework/Versions/A/LinguisticData
0x00000001a0fee000 	/System/Library/PrivateFrameworks/MediaKit.framework/Versions/A/MediaKit
0x00000001a0f3c000 	/System/Library/Frameworks/DiscRecording.framework/Versions/A/DiscRecording
0x0000000199032000 	/usr/lib/libheimdal-asn1.dylib
0x00000001a4a17000 	/System/Library/Frameworks/AudioUnit.framework/Versions/A/AudioUnit
0x0000000192072000 	/System/Library/Frameworks/OpenDirectory.framework/Versions/A/OpenDirectory
0x0000000192080000 	/System/Library/Frameworks/OpenDirectory.framework/Versions/A/Frameworks/CFOpenDirectory.framework/Versions/A/CFOpenDirectory
0x000000019db03000 	/System/Library/PrivateFrameworks/GeoServices.framework/Versions/A/GeoServices
0x000000019b533000 	/System/Library/PrivateFrameworks/LocationSupport.framework/Versions/A/LocationSupport
0x0000000252c13000 	/System/Library/PrivateFrameworks/GeoServicesCore.framework/Versions/A/GeoServicesCore
0x00000001ad8ec000 	/System/Library/PrivateFrameworks/PhoneNumbers.framework/Versions/A/PhoneNumbers
0x000000025b39b000 	/System/Library/PrivateFrameworks/LocationLogEncryption.framework/Versions/A/LocationLogEncryption
0x000000022d2ad000 	/System/Library/Frameworks/AVFAudio.framework/Versions/A/AVFAudio
0x000000022d3f1000 	/System/Library/Frameworks/AVRouting.framework/Versions/A/AVRouting
0x00000001ada04000 	/usr/lib/libAccessibility.dylib
0x0000000259d85000 	/System/Library/PrivateFrameworks/IsolatedCoreAudioClient.framework/Versions/A/IsolatedCoreAudioClient
0x00000002424dd000 	/System/Library/PrivateFrameworks/CoreAudioOrchestration.framework/Versions/A/CoreAudioOrchestration
0x000000019a409000 	/System/Library/Frameworks/MediaToolbox.framework/Versions/A/MediaToolbox
0x00000001a1114000 	/System/Library/PrivateFrameworks/CoreAVCHD.framework/Versions/A/CoreAVCHD
0x00000001a0043000 	/System/Library/Frameworks/MediaAccessibility.framework/Versions/A/MediaAccessibility
0x00000001a1110000 	/System/Library/PrivateFrameworks/Mangrove.framework/Versions/A/Mangrove
0x000000023e383000 	/System/Library/PrivateFrameworks/CMPhoto.framework/Versions/A/CMPhoto
0x00000001a18dd000 	/System/Library/Frameworks/CoreTelephony.framework/Versions/A/CoreTelephony
0x00000001a1103000 	/System/Library/PrivateFrameworks/CoreAUC.framework/Versions/A/CoreAUC
0x000000023b4f4000 	/System/Library/PrivateFrameworks/AppleJPEGXL.framework/Versions/A/AppleJPEGXL
0x000000019be34000 	/usr/lib/libTelephonyUtilDynamic.dylib
0x00000001ddace000 	/System/Library/Frameworks/CryptoKit.framework/Versions/A/CryptoKit
0x00000001a4a12000 	/System/Library/PrivateFrameworks/CryptoKitCBridging.framework/Versions/A/CryptoKitCBridging
0x00000001a1f21000 	/System/Library/Frameworks/CryptoTokenKit.framework/Versions/A/CryptoTokenKit
0x00000002471fd000 	/System/Library/PrivateFrameworks/Dendrite.framework/Versions/A/Dendrite
0x00000001b46ea000 	/System/Library/Frameworks/NaturalLanguage.framework/Versions/A/NaturalLanguage
0x0000000252916000 	/System/Library/PrivateFrameworks/GenerativeModels.framework/Versions/A/GenerativeModels
0x00000001e2ec4000 	/usr/lib/swift/libswiftNaturalLanguage.dylib
0x000000023c06a000 	/System/Library/PrivateFrameworks/AppleMobileFileIntegrity.framework/Versions/A/AppleMobileFileIntegrity
0x000000028a94e000 	/usr/lib/libTLE.dylib
0x00000001b4ae9000 	/usr/lib/libmis.dylib
0x00000001ec5cb000 	/System/Library/PrivateFrameworks/ConfigProfileHelper.framework/Versions/A/ConfigProfileHelper
0x00000001a4ba1000 	/System/Library/PrivateFrameworks/Espresso.framework/Versions/A/Espresso
0x0000000192801000 	/System/Library/Frameworks/CoreML.framework/Versions/A/CoreML
0x00000001e0d81000 	/usr/lib/libedit.3.dylib
0x000000022a0bc000 	/System/Library/PrivateFrameworks/ANECompiler.framework/Versions/A/ANECompiler
0x00000001a6c76000 	/System/Library/PrivateFrameworks/AppleNeuralEngine.framework/Versions/A/AppleNeuralEngine
0x000000025b4b9000 	/System/Library/PrivateFrameworks/MIL.framework/Versions/A/MIL
0x000000023103f000 	/System/Library/Frameworks/MetalPerformanceShadersGraph.framework/Versions/A/MetalPerformanceShadersGraph
0x000000025bc28000 	/System/Library/PrivateFrameworks/MLCompilerServices.framework/Versions/A/MLCompilerServices
0x00000001a59f3000 	/System/Library/PrivateFrameworks/ANEServices.framework/Versions/A/ANEServices
0x00000001b9da0000 	/usr/lib/libncurses.5.4.dylib
0x000000018bcae000 	/usr/lib/libsandbox.1.dylib
0x0000000198f58000 	/usr/lib/libMatch.1.dylib
0x00000002654a8000 	/System/Library/PrivateFrameworks/ODIE.framework/Versions/A/ODIE
0x000000025e8b5000 	/System/Library/PrivateFrameworks/MLModelAsset.framework/Versions/A/MLModelAsset
0x000000025bbce000 	/System/Library/PrivateFrameworks/MLCompilerRuntime.framework/Versions/A/MLCompilerRuntime
0x0000000196c33000 	/System/Library/Frameworks/MLCompute.framework/Versions/A/MLCompute
0x000000025bb50000 	/System/Library/PrivateFrameworks/MLAssetIO.framework/Versions/A/MLAssetIO
0x000000028c049000 	/usr/lib/swift/libswiftMLCompute.dylib
0x00000001a1af8000 	/System/Library/PrivateFrameworks/AVFCore.framework/Versions/A/AVFCore
0x00000001ab306000 	/System/Library/PrivateFrameworks/AVFCapture.framework/Versions/A/AVFCapture
0x000000023e17a000 	/System/Library/PrivateFrameworks/CMImaging.framework/Versions/A/CMImaging
0x00000001ab548000 	/System/Library/PrivateFrameworks/Quagga.framework/Versions/A/Quagga
0x00000001ab679000 	/System/Library/PrivateFrameworks/CMCapture.framework/Versions/A/CMCapture
0x000000019b9be000 	/System/Library/Frameworks/CoreMediaIO.framework/Versions/A/CoreMediaIO
0x000000023e0b5000 	/System/Library/PrivateFrameworks/CMCaptureDevice.framework/Versions/A/CMCaptureDevice
0x0000000199393000 	/System/Library/PrivateFrameworks/CoreBrightness.framework/Versions/A/CoreBrightness
0x000000023f23e000 	/System/Library/PrivateFrameworks/CinematicFraming.framework/Versions/A/CinematicFraming
0x0000000261990000 	/System/Library/PrivateFrameworks/ModelManagerServices.framework/Versions/A/ModelManagerServices
0x00000001cf5cf000 	/System/Library/PrivateFrameworks/CPMS.framework/Versions/A/CPMS
0x00000002791dd000 	/System/Library/PrivateFrameworks/SystemStatus.framework/Versions/A/SystemStatus
0x00000001b3528000 	/System/Library/Frameworks/CoreMotion.framework/Versions/A/CoreMotion
0x00000001c3af1000 	/System/Library/PrivateFrameworks/TimeSync.framework/Versions/A/TimeSync
0x0000000247bc3000 	/System/Library/PrivateFrameworks/DistributedSensing.framework/Versions/A/DistributedSensing
0x00000001beee8000 	/System/Library/PrivateFrameworks/MobileBluetooth.framework/Versions/A/MobileBluetooth
0x00000001c57ae000 	/System/Library/PrivateFrameworks/IOKitten.framework/Versions/A/IOKitten
0x000000023b36e000 	/System/Library/PrivateFrameworks/AppleIntelligenceReporting.framework/Versions/A/AppleIntelligenceReporting
0x000000019657a000 	/System/Library/PrivateFrameworks/CoreEmoji.framework/Versions/A/CoreEmoji
0x0000000188e09000 	/usr/lib/libCRFSuite.dylib
0x000000018a0e9000 	/System/Library/PrivateFrameworks/LanguageModeling.framework/Versions/A/LanguageModeling
0x000000019528d000 	/System/Library/PrivateFrameworks/CoreNLP.framework/Versions/A/CoreNLP
0x000000018f05f000 	/System/Library/PrivateFrameworks/Montreal.framework/Versions/A/Montreal
0x00000001976ea000 	/usr/lib/libcmph.dylib
0x0000000196911000 	/usr/lib/libmecab.dylib
0x000000019785b000 	/usr/lib/libThaiTokenizer.dylib
0x00000002529f8000 	/System/Library/PrivateFrameworks/GenerativeModelsFoundation.framework/Versions/A/GenerativeModelsFoundation
0x000000027bfba000 	/System/Library/PrivateFrameworks/TokenGeneration.framework/Versions/A/TokenGeneration
0x00000002527cc000 	/System/Library/PrivateFrameworks/GenerativeFunctions.framework/Versions/A/GenerativeFunctions
0x000000025281a000 	/System/Library/PrivateFrameworks/GenerativeFunctionsFoundation.framework/Versions/A/GenerativeFunctionsFoundation
0x0000000261656000 	/System/Library/PrivateFrameworks/ModelCatalog.framework/Versions/A/ModelCatalog
0x000000026e7fc000 	/System/Library/PrivateFrameworks/SensitiveContentAnalysisML.framework/Versions/A/SensitiveContentAnalysisML
0x00000002528b0000 	/System/Library/PrivateFrameworks/GenerativeFunctionsInstrumentation.framework/Versions/A/GenerativeFunctionsInstrumentation
0x000000026b674000 	/System/Library/PrivateFrameworks/PromptKit.framework/Versions/A/PromptKit
0x000000026b08b000 	/System/Library/PrivateFrameworks/ProactiveDaemonSupport.framework/Versions/A/ProactiveDaemonSupport
0x000000027c1f2000 	/System/Library/PrivateFrameworks/TokenGenerationCore.framework/Versions/A/TokenGenerationCore
0x00000001b55b5000 	/System/Library/PrivateFrameworks/Trial.framework/Versions/A/Trial
0x00000001b5536000 	/System/Library/PrivateFrameworks/TrialProto.framework/Versions/A/TrialProto
0x000000023af9a000 	/System/Library/PrivateFrameworks/AppleFlatBuffers.framework/Versions/A/AppleFlatBuffers
0x000000026eacc000 	/System/Library/PrivateFrameworks/SentencePieceInternal.framework/Versions/A/SentencePieceInternal
0x00000001a009d000 	/System/Library/Frameworks/Vision.framework/Versions/A/Vision
0x0000000246387000 	/System/Library/PrivateFrameworks/CoreSceneUnderstanding.framework/Versions/A/CoreSceneUnderstanding
0x0000000280e32000 	/System/Library/PrivateFrameworks/VisionCore.framework/Versions/A/VisionCore
0x000000019a346000 	/System/Library/PrivateFrameworks/DataDetectorsCore.framework/Versions/A/DataDetectorsCore
0x00000001bde76000 	/System/Library/Frameworks/Vision.framework/libfaceCore.dylib
0x00000001be990000 	/System/Library/PrivateFrameworks/Futhark.framework/Versions/A/Futhark
0x00000001c28ce000 	/System/Library/PrivateFrameworks/InertiaCam.framework/Versions/A/InertiaCam
0x00000001be71d000 	/System/Library/PrivateFrameworks/TextRecognition.framework/Versions/A/TextRecognition
0x000000022ec5b000 	/System/Library/Frameworks/DataDetection.framework/Versions/A/DataDetection
0x00000001b8946000 	/System/Library/PrivateFrameworks/TextInput.framework/Versions/A/TextInput
0x0000000198df5000 	/System/Library/PrivateFrameworks/CVNLP.framework/Versions/A/CVNLP
0x00000001daec6000 	/System/Library/PrivateFrameworks/HIDDisplay.framework/Versions/A/HIDDisplay
0x000000019bba2000 	/usr/lib/libcups.2.dylib
0x000000019bc38000 	/System/Library/Frameworks/Kerberos.framework/Versions/A/Kerberos
0x000000019b8a9000 	/usr/lib/libresolv.9.dylib
0x00000001992ae000 	/System/Library/PrivateFrameworks/Heimdal.framework/Versions/A/Heimdal
0x00000001a4a16000 	/System/Library/Frameworks/Kerberos.framework/Versions/A/Libraries/libHeimdalProxy.dylib
0x000000019bc9c000 	/System/Library/PrivateFrameworks/CommonAuth.framework/Versions/A/CommonAuth
0x00000001ad8f8000 	/System/Library/PrivateFrameworks/AXCoreUtilities.framework/Versions/A/AXCoreUtilities
0x00000001bdcc1000 	/System/Library/PrivateFrameworks/AttributeGraph.framework/Versions/A/AttributeGraph
0x000000028a44f000 	/usr/lib/libAXSafeCategoryBundle.dylib
0x00000002353ca000 	/System/Library/Frameworks/TabularData.framework/Versions/A/TabularData
0x000000023c21a000 	/System/Library/PrivateFrameworks/ArgumentParserInternal.framework/Versions/A/ArgumentParserInternal
0x000000019643c000 	/System/Library/Frameworks/Accelerate.framework/Versions/A/Frameworks/vecLib.framework/Versions/A/libvDSP.dylib
0x00000001979aa000 	/System/Library/Frameworks/Accelerate.framework/Versions/A/Frameworks/vecLib.framework/Versions/A/libLAPACK.dylib
0x0000000196973000 	/System/Library/Frameworks/Accelerate.framework/Versions/A/Frameworks/vecLib.framework/Versions/A/libLinearAlgebra.dylib
0x00000001978a1000 	/System/Library/Frameworks/Accelerate.framework/Versions/A/Frameworks/vecLib.framework/Versions/A/libSparseBLAS.dylib
0x00000001979a5000 	/System/Library/Frameworks/Accelerate.framework/Versions/A/Frameworks/vecLib.framework/Versions/A/libQuadrature.dylib
0x00000001953b4000 	/System/Library/Frameworks/Accelerate.framework/Versions/A/Frameworks/vecLib.framework/Versions/A/libBNNS.dylib
0x0000000188c07000 	/System/Library/Frameworks/Accelerate.framework/Versions/A/Frameworks/vecLib.framework/Versions/A/libSparse.dylib
0x000000022e740000 	/System/Library/Frameworks/CoreTransferable.framework/Versions/A/CoreTransferable
0x000000019bc01000 	/System/Library/PrivateFrameworks/NetAuth.framework/Versions/A/NetAuth
0x0000000192296000 	/System/Library/PrivateFrameworks/login.framework/Versions/A/Frameworks/loginsupport.framework/Versions/A/loginsupport
0x000000018d42e000 	/System/Library/PrivateFrameworks/UIFoundation.framework/Versions/A/UIFoundation
0x00000001968db000 	/usr/lib/libCheckFix.dylib
0x000000019141c000 	/System/Library/PrivateFrameworks/MetadataUtilities.framework/Versions/A/MetadataUtilities
0x00000002569de000 	/System/Library/PrivateFrameworks/InstalledContentLibrary.framework/Versions/A/InstalledContentLibrary
0x000000018bb72000 	/System/Library/PrivateFrameworks/CoreServicesStore.framework/Versions/A/CoreServicesStore
0x00000001920e1000 	/usr/lib/libapp_launch_measurement.dylib
0x00000001c8405000 	/System/Library/PrivateFrameworks/MobileSystemServices.framework/Versions/A/MobileSystemServices
0x0000000198c7a000 	/usr/lib/libxslt.1.dylib
0x000000019689a000 	/System/Library/PrivateFrameworks/BackgroundTaskManagement.framework/Versions/A/BackgroundTaskManagement
0x00000001a40a8000 	/usr/lib/libcurl.4.dylib
0x000000028b153000 	/usr/lib/libcrypto.46.dylib
0x000000028bcf2000 	/usr/lib/libssl.48.dylib
0x00000001a3d82000 	/System/Library/Frameworks/LDAP.framework/Versions/A/LDAP
0x00000001a3dbe000 	/System/Library/PrivateFrameworks/TrustEvaluationAgent.framework/Versions/A/TrustEvaluationAgent
0x000000019b8c6000 	/usr/lib/libsasl2.2.dylib
0x00000001a7025000 	/System/Library/Frameworks/Cocoa.framework/Versions/A/Cocoa
0x000000018bd0b000 	/System/Library/Frameworks/AppKit.framework/Versions/C/AppKit
0x00000002400be000 	/System/Library/PrivateFrameworks/CollectionViewCore.framework/Versions/A/CollectionViewCore
0x000000019494f000 	/System/Library/PrivateFrameworks/XCTTargetBootstrap.framework/Versions/A/XCTTargetBootstrap
0x000000019a398000 	/System/Library/PrivateFrameworks/UserActivity.framework/Versions/A/UserActivity
0x0000000249b2c000 	/System/Library/PrivateFrameworks/FrontBoard.framework/Versions/A/FrontBoard
0x000000027dc02000 	/System/Library/PrivateFrameworks/UIIntelligenceSupport.framework/Versions/A/UIIntelligenceSupport
0x0000000234453000 	/System/Library/Frameworks/SwiftUICore.framework/Versions/A/SwiftUICore
0x0000000284797000 	/System/Library/PrivateFrameworks/WritingTools.framework/Versions/A/WritingTools
0x0000000283592000 	/System/Library/PrivateFrameworks/WindowManagement.framework/Versions/A/WindowManagement
0x0000000249861000 	/System/Library/PrivateFrameworks/FocusEngine.framework/Versions/A/FocusEngine
0x000000024726d000 	/System/Library/PrivateFrameworks/DesignLibrary.framework/Versions/A/DesignLibrary
0x000000019493a000 	/System/Library/PrivateFrameworks/DFRFoundation.framework/Versions/A/DFRFoundation
0x000000027eb4b000 	/System/Library/PrivateFrameworks/UpdateCycle.framework/Versions/A/UpdateCycle
0x000000019463e000 	/System/Library/Frameworks/Carbon.framework/Versions/A/Frameworks/HIToolbox.framework/Versions/A/HIToolbox
0x000000019f963000 	/System/Library/Frameworks/Carbon.framework/Versions/A/Frameworks/SpeechRecognition.framework/Versions/A/SpeechRecognition
0x0000000192068000 	/System/Library/PrivateFrameworks/PerformanceAnalysis.framework/Versions/A/PerformanceAnalysis
0x000000019fcf3000 	/System/Library/Frameworks/Accessibility.framework/Versions/A/Accessibility
0x00000002353b0000 	/System/Library/Frameworks/Symbols.framework/Versions/A/Symbols
0x0000000252dc1000 	/System/Library/PrivateFrameworks/Gestures.framework/Versions/A/Gestures
0x000000028c11a000 	/usr/lib/swift/libswiftSpatial.dylib
0x00000001b19fd000 	/usr/lib/swift/libswiftCoreGraphics.dylib
0x00000001a0737000 	/usr/lib/swift/libswiftFoundation.dylib
0x00000001ebf6f000 	/usr/lib/swift/libswiftSwiftOnoneSupport.dylib
0x000000028c3a0000 	/usr/lib/swift/libswiftsys_time.dylib
0x00000001d6bb0000 	/System/Library/PrivateFrameworks/CoreMaterial.framework/Versions/A/CoreMaterial
0x000000028a94b000 	/usr/lib/libSpatial.dylib
0x000000028a36c000 	/System/Library/SubFrameworks/UIUtilities.framework/Versions/A/UIUtilities
0x000000010a010000 	/Users/bowieconnors/Documents/GitHub/Install/java/java-runtime-gamma/Contents/Home/lib/server/libjvm.dylib
0x0000000104c40000 	/Users/bowieconnors/Documents/GitHub/Install/java/java-runtime-gamma/Contents/Home/lib/libjimage.dylib
0x0000000104cc8000 	/Users/bowieconnors/Documents/GitHub/Install/java/java-runtime-gamma/Contents/Home/lib/libjava.dylib
0x0000000104f9c000 	/Users/bowieconnors/Documents/GitHub/Install/java/java-runtime-gamma/Contents/Home/lib/libnio.dylib
0x0000000109200000 	/Users/bowieconnors/Documents/GitHub/Install/java/java-runtime-gamma/Contents/Home/lib/libnet.dylib
0x0000000104fbc000 	/Users/bowieconnors/Documents/GitHub/Install/java/java-runtime-gamma/Contents/Home/lib/libzip.dylib
0x0000000104fd4000 	/Users/bowieconnors/Documents/GitHub/Install/java/java-runtime-gamma/Contents/Home/lib/libverify.dylib
0x0000000109224000 	/Users/bowieconnors/Documents/GitHub/Install/java/java-runtime-gamma/Contents/Home/lib/libmanagement.dylib
0x0000000109238000 	/Users/bowieconnors/Documents/GitHub/Install/java/java-runtime-gamma/Contents/Home/lib/libmanagement_ext.dylib
0x000000010924c000 	/Users/bowieconnors/Documents/GitHub/Install/java/java-runtime-gamma/Contents/Home/lib/libextnet.dylib
0x0000000109288000 	/Users/bowieconnors/Documents/GitHub/Install/natives/forge-47.4.15/jna9789566497181087887.tmp
0x0000000136f00000 	/Users/bowieconnors/Documents/GitHub/Install/natives/forge-47.4.15/liblwjgl.dylib
0x0000000136f48000 	/Users/bowieconnors/Documents/GitHub/Install/natives/forge-47.4.15/libjemalloc.dylib
0x0000000137098000 	/Users/bowieconnors/Documents/GitHub/Install/natives/forge-47.4.15/libglfw.dylib
0x0000000155300000 	/Users/bowieconnors/Documents/GitHub/Install/java/java-runtime-gamma/Contents/Home/lib/libawt.dylib
0x0000000155178000 	/Users/bowieconnors/Documents/GitHub/Install/java/java-runtime-gamma/Contents/Home/lib/libmlib_image.dylib
0x0000000230197000 	/System/Library/Frameworks/JavaRuntimeSupport.framework/Versions/A/JavaRuntimeSupport
0x00000001b3527000 	/System/Library/Frameworks/Carbon.framework/Versions/A/Carbon
0x00000001a9726000 	/System/Library/Frameworks/Carbon.framework/Versions/A/Frameworks/CommonPanels.framework/Versions/A/CommonPanels
0x00000001a4093000 	/System/Library/Frameworks/Carbon.framework/Versions/A/Frameworks/Help.framework/Versions/A/Help
0x00000001a972a000 	/System/Library/Frameworks/Carbon.framework/Versions/A/Frameworks/ImageCapture.framework/Versions/A/ImageCapture
0x00000001a9705000 	/System/Library/Frameworks/Carbon.framework/Versions/A/Frameworks/OpenScripting.framework/Versions/A/OpenScripting
0x00000001a9725000 	/System/Library/Frameworks/Carbon.framework/Versions/A/Frameworks/Ink.framework/Versions/A/Ink
0x00000001a9722000 	/System/Library/Frameworks/Carbon.framework/Versions/A/Frameworks/SecurityHI.framework/Versions/A/SecurityHI
0x000000028a7bf000 	/usr/lib/libInterpreterSecurity.dylib
0x00000001ca181000 	/System/Library/PrivateFrameworks/XprotectFramework.framework/Versions/A/XprotectFramework
0x00000001acd09000 	/System/Library/PrivateFrameworks/yara.framework/Versions/A/yara
0x000000028a73c000 	/usr/lib/libEndpointSecuritySystem.dylib
0x00000001554d0000 	/Users/bowieconnors/Documents/GitHub/Install/java/java-runtime-gamma/Contents/Home/lib/libawt_lwawt.dylib
0x0000000155108000 	/Users/bowieconnors/Documents/GitHub/Install/java/java-runtime-gamma/Contents/Home/lib/libosxapp.dylib
0x00000001b1a66000 	/System/Library/Frameworks/ExceptionHandling.framework/Versions/A/ExceptionHandling
0x00000001092d8000 	/private/var/folders/yb/q5rljk2d6zq7cvp6w66whrs80000gp/T/libtmp12025901212950923334libjunixsocket-native-2.6.2.dylib
0x0000000155418000 	/Users/bowieconnors/Documents/GitHub/Install/natives/forge-47.4.15/liblwjgl_stb.dylib
0x000000022d561000 	/System/Library/Frameworks/AppIntents.framework/Versions/A/AppIntents
0x0000000233b22000 	/System/Library/Frameworks/RelevanceKit.framework/Versions/A/RelevanceKit
0x0000000197487000 	/System/Library/Frameworks/CoreSpotlight.framework/Versions/A/CoreSpotlight
0x000000025af10000 	/System/Library/PrivateFrameworks/LinkServices.framework/Versions/A/LinkServices
0x00000001a09fc000 	/System/Library/Frameworks/Contacts.framework/Versions/A/Contacts
0x0000000239be4000 	/System/Library/PrivateFrameworks/AppIntentsTypeSupport.framework/Versions/A/AppIntentsTypeSupport
0x0000000247cbf000 	/System/Library/PrivateFrameworks/DoNotDisturb.framework/Versions/A/DoNotDisturb
0x000000025ad5e000 	/System/Library/PrivateFrameworks/LinkMetadata.framework/Versions/A/LinkMetadata
0x00000001b4b6d000 	/usr/lib/swift/libswiftIntents.dylib
0x00000001b9efa000 	/System/Library/PrivateFrameworks/IntentsCore.framework/Versions/A/IntentsCore
0x000000023cb2a000 	/System/Library/PrivateFrameworks/AvailabilityKit.framework/Versions/A/AvailabilityKit
0x00000002397c7000 	/System/Library/PrivateFrameworks/AppIntentSchemas.framework/Versions/A/AppIntentSchemas
0x000000022f6ae000 	/System/Library/Frameworks/GeoToolbox.framework/Versions/A/GeoToolbox
0x000000024f65e000 	/System/Library/PrivateFrameworks/GRDBInternal.framework/Versions/A/GRDBInternal
0x0000000277d49000 	/System/Library/PrivateFrameworks/StatusKit.framework/Versions/A/StatusKit
0x00000001a0813000 	/System/Library/PrivateFrameworks/ContactsPersistence.framework/Versions/A/ContactsPersistence
0x000000019f967000 	/System/Library/PrivateFrameworks/AppleLDAP.framework/Versions/A/AppleLDAP
0x00000001a4446000 	/System/Library/Frameworks/ClassKit.framework/Versions/A/ClassKit
0x00000001a66f5000 	/System/Library/PrivateFrameworks/CoreSuggestions.framework/Versions/A/CoreSuggestions
0x00000001a0738000 	/System/Library/PrivateFrameworks/ContactsFoundation.framework/Versions/A/ContactsFoundation
0x00000001a1ecf000 	/System/Library/PrivateFrameworks/vCard.framework/Versions/A/vCard
0x000000024068f000 	/System/Library/PrivateFrameworks/ContactsMetrics.framework/Versions/A/ContactsMetrics
0x000000019936f000 	/System/Library/PrivateFrameworks/login.framework/Versions/A/login
0x000000025f344000 	/System/Library/PrivateFrameworks/ManagedOrganizationContacts.framework/Versions/A/ManagedOrganizationContacts
0x000000019272c000 	/System/Library/PrivateFrameworks/CloudDocs.framework/Versions/A/CloudDocs
0x00000001ad2ac000 	/System/Library/PrivateFrameworks/ProactiveEventTracker.framework/Versions/A/ProactiveEventTracker
0x00000001a1319000 	/System/Library/PrivateFrameworks/GenerationalStorage.framework/Versions/A/GenerationalStorage
0x000000019bd92000 	/System/Library/PrivateFrameworks/CacheDelete.framework/Versions/A/CacheDelete
0x00000001a4b53000 	/System/Library/Frameworks/QuickLookThumbnailing.framework/Versions/A/QuickLookThumbnailing
0x00000001a1142000 	/System/Library/Frameworks/FileProvider.framework/Versions/A/FileProvider
0x000000018d5fe000 	/System/Library/PrivateFrameworks/DesktopServicesPriv.framework/Versions/A/DesktopServicesPriv
0x00000001b45c8000 	/System/Library/PrivateFrameworks/FTServices.framework/Versions/A/FTServices
0x00000001ac99d000 	/System/Library/PrivateFrameworks/CloudServices.framework/Versions/A/CloudServices
0x0000000193be6000 	/System/Library/Frameworks/CoreLocation.framework/Versions/A/CoreLocation
0x00000001a31d3000 	/System/Library/Frameworks/Intents.framework/Versions/A/Intents
0x00000001970af000 	/System/Library/PrivateFrameworks/AuthKit.framework/Versions/A/AuthKit
0x00000001bb47e000 	/usr/lib/swift/libswiftCoreLocation.dylib
0x000000019d352000 	/System/Library/PrivateFrameworks/Sharing.framework/Versions/A/Sharing
0x000000019ccd7000 	/System/Library/PrivateFrameworks/IDSFoundation.framework/Versions/A/IDSFoundation
0x00000001a384c000 	/System/Library/PrivateFrameworks/Apple80211.framework/Versions/A/Apple80211
0x00000001965e8000 	/System/Library/Frameworks/CoreWLAN.framework/Versions/A/CoreWLAN
0x000000019b4ba000 	/System/Library/PrivateFrameworks/IMFoundation.framework/Versions/A/IMFoundation
0x00000001acd08000 	/System/Library/PrivateFrameworks/Marco.framework/Versions/A/Marco
0x000000018f9c8000 	/System/Library/PrivateFrameworks/CommonUtilities.framework/Versions/A/CommonUtilities
0x00000001a96ed000 	/System/Library/PrivateFrameworks/Engram.framework/Versions/A/Engram
0x0000000284c9e000 	/System/Library/PrivateFrameworks/XPCDistributed.framework/Versions/A/XPCDistributed
0x00000001a968b000 	/usr/lib/libtidy.A.dylib
0x00000001995c2000 	/System/Library/PrivateFrameworks/Bom.framework/Versions/A/Bom
0x000000019b8e6000 	/usr/lib/libParallelCompression.dylib
0x000000019b8d9000 	/System/Library/PrivateFrameworks/MultiverseSupport.framework/Versions/A/MultiverseSupport
0x00000001a1020000 	/System/Library/PrivateFrameworks/DiskManagement.framework/Versions/A/DiskManagement
0x00000001a0f2f000 	/System/Library/PrivateFrameworks/AppleIDAuthSupport.framework/Versions/A/AppleIDAuthSupport
0x0000000236c61000 	/System/Library/PrivateFrameworks/AAAFoundation.framework/Versions/A/AAAFoundation
0x000000019bde1000 	/System/Library/PrivateFrameworks/KeychainCircle.framework/Versions/A/KeychainCircle
0x00000001ad8ee000 	/System/Library/PrivateFrameworks/URLFormatting.framework/Versions/A/URLFormatting
0x00000001a409c000 	/usr/lib/libcsfde.dylib
0x0000000198f60000 	/usr/lib/libCoreStorage.dylib
0x000000019d831000 	/System/Library/PrivateFrameworks/ProtectedCloudStorage.framework/Versions/A/ProtectedCloudStorage
0x00000001a4097000 	/System/Library/PrivateFrameworks/EFILogin.framework/Versions/A/EFILogin
0x00000001a1340000 	/System/Library/PrivateFrameworks/OctagonTrust.framework/Versions/A/OctagonTrust
0x000000019cab1000 	/System/Library/PrivateFrameworks/IDS.framework/Versions/A/IDS
0x00000001a1fa3000 	/System/Library/Frameworks/LocalAuthentication.framework/Versions/A/LocalAuthentication
0x000000025b14e000 	/System/Library/PrivateFrameworks/LocalAuthenticationCore.framework/Versions/A/LocalAuthenticationCore
0x000000025b316000 	/System/Library/PrivateFrameworks/LocalAuthenticationCredentialServices.framework/Versions/A/LocalAuthenticationCredentialServices
0x00000001a2010000 	/System/Library/Frameworks/LocalAuthentication.framework/Support/SharedUtils.framework/Versions/A/SharedUtils
0x000000023c4d5000 	/System/Library/PrivateFrameworks/AsyncAlgorithmsInternal.framework/Versions/A/AsyncAlgorithmsInternal
0x00000001c355c000 	/System/Library/PrivateFrameworks/FTAWD.framework/Versions/A/FTAWD
0x00000001a4adb000 	/System/Library/PrivateFrameworks/IntentsFoundation.framework/Versions/A/IntentsFoundation
0x0000000192299000 	/System/Library/PrivateFrameworks/ApplePushService.framework/Versions/A/ApplePushService
0x0000000192304000 	/System/Library/Frameworks/CloudKit.framework/Versions/A/CloudKit
0x00000001cb58e000 	/System/Library/PrivateFrameworks/DeviceIdentity.framework/Versions/A/DeviceIdentity
0x0000000233fac000 	/System/Library/Frameworks/SharedWithYouCore.framework/Versions/A/SharedWithYouCore
0x000000023fb1d000 	/System/Library/PrivateFrameworks/CloudTelemetry.framework/Versions/A/CloudTelemetry
0x00000001a450e000 	/System/Library/PrivateFrameworks/AppleAccount.framework/Versions/A/AppleAccount
0x00000001a4af6000 	/System/Library/PrivateFrameworks/C2.framework/Versions/A/C2
0x000000023f771000 	/System/Library/PrivateFrameworks/CloudCoreInternal.framework/Versions/A/CloudCoreInternal
0x000000023f4d9000 	/System/Library/PrivateFrameworks/CloudAsset.framework/Versions/A/CloudAsset
0x00000001a4aec000 	/System/Library/Frameworks/PushKit.framework/Versions/A/PushKit
0x000000023fb42000 	/System/Library/PrivateFrameworks/CloudTelemetryTools.framework/Versions/A/CloudTelemetryTools
0x000000023fb33000 	/System/Library/PrivateFrameworks/CloudTelemetryShared.dylib
0x00000001a69cc000 	/System/Library/PrivateFrameworks/RTCReporting.framework/Versions/A/RTCReporting
0x0000000236c84000 	/System/Library/PrivateFrameworks/AAAFoundationSwift.framework/Versions/A/AAAFoundationSwift
0x00000001a4794000 	/System/Library/PrivateFrameworks/AppleIDSSOAuthentication.framework/Versions/A/AppleIDSSOAuthentication
0x0000000191f33000 	/System/Library/PrivateFrameworks/ViewBridge.framework/Versions/A/ViewBridge
0x0000000236237000 	/System/Library/Frameworks/_AppIntents_AppKit.framework/Versions/A/_AppIntents_AppKit
0x000000028a453000 	/usr/lib/libAccessibilityBaseImplementations.dylib
0x0000000165070000 	/usr/lib/libobjc-trampolines.dylib
0x000000028479c000 	/System/Library/PrivateFrameworks/WritingToolsUI.framework/Versions/A/WritingToolsUI
0x00000002525e7000 	/System/Library/PrivateFrameworks/GenerativeAssistantSettings.framework/Versions/A/GenerativeAssistantSettings
0x0000000279ab6000 	/System/Library/PrivateFrameworks/TextComposer.framework/Versions/A/TextComposer
0x00000002525ba000 	/System/Library/PrivateFrameworks/GenerativeAssistantCommon.framework/Versions/A/GenerativeAssistantCommon
0x00000001bc577000 	/System/Library/Frameworks/SwiftUI.framework/Versions/A/SwiftUI
0x00000002394e4000 	/System/Library/PrivateFrameworks/Anvil.framework/Versions/A/Anvil
0x0000000252a6e000 	/System/Library/PrivateFrameworks/GenerativePartnerService.framework/Versions/A/GenerativePartnerService
0x0000000252a99000 	/System/Library/PrivateFrameworks/GenerativePartnerServiceUI.framework/Versions/A/GenerativePartnerServiceUI
0x00000001b4764000 	/System/Library/Frameworks/SafariServices.framework/Versions/A/SafariServices
0x00000001b1af6000 	/System/Library/Frameworks/WebKit.framework/Versions/A/WebKit
0x0000000236276000 	/System/Library/Frameworks/_AuthenticationServices_SwiftUI.framework/Versions/A/_AuthenticationServices_SwiftUI
0x00000001bbaf6000 	/System/Library/PrivateFrameworks/AppStoreDaemon.framework/Versions/A/AppStoreDaemon
0x00000001a707b000 	/System/Library/PrivateFrameworks/AppleMediaServices.framework/Versions/A/AppleMediaServices
0x00000001b7d09000 	/System/Library/PrivateFrameworks/AppleMediaServicesUI.framework/Versions/A/AppleMediaServicesUI
0x00000001eb4c9000 	/System/Library/PrivateFrameworks/JetEngine.framework/Versions/A/JetEngine
0x00000001b5446000 	/System/Library/PrivateFrameworks/OnBoardingKit.framework/Versions/A/OnBoardingKit
0x000000026ee0d000 	/System/Library/PrivateFrameworks/Settings.framework/Versions/A/Settings
0x000000022ef30000 	/System/Library/Frameworks/ExtensionKit.framework/Versions/A/ExtensionKit
0x000000022ef73000 	/System/Library/Frameworks/FSKit.framework/Versions/A/FSKit
0x0000000279992000 	/System/Library/PrivateFrameworks/TextAnimationSupport.framework/Versions/A/TextAnimationSupport
0x000000026bf3a000 	/System/Library/PrivateFrameworks/RecapPerformanceTesting.framework/Versions/A/RecapPerformanceTesting
0x00000001b5436000 	/System/Library/PrivateFrameworks/SignpostCollection.framework/Versions/A/SignpostCollection
0x00000001a69fd000 	/System/Library/Frameworks/WebKit.framework/Versions/A/Frameworks/WebKitLegacy.framework/Versions/A/WebKitLegacy
0x00000001a47e5000 	/System/Library/PrivateFrameworks/CorePrediction.framework/Versions/A/CorePrediction
0x000000019303b000 	/System/Library/Frameworks/WebKit.framework/Versions/A/Frameworks/WebCore.framework/Versions/A/Frameworks/libwebrtc.dylib
0x000000019b94e000 	/System/Library/Frameworks/SecurityInterface.framework/Versions/A/SecurityInterface
0x00000001b5445000 	/System/Library/PrivateFrameworks/WebInspectorUI.framework/Versions/A/WebInspectorUI
0x00000001a972d000 	/System/Library/Frameworks/JavaScriptCore.framework/Versions/A/JavaScriptCore
0x00000001ada3b000 	/System/Library/Frameworks/WebKit.framework/Versions/A/Frameworks/WebCore.framework/Versions/A/WebCore
0x000000022e032000 	/System/Library/Frameworks/BrowserEngineCore.framework/Versions/A/BrowserEngineCore
0x0000000235ded000 	/System/Library/Frameworks/WebKit.framework/Versions/A/Frameworks/WebCore.framework/Versions/A/Frameworks/libANGLE-shared.dylib
0x0000000282fe7000 	/System/Library/PrivateFrameworks/WebGPU.framework/Versions/A/WebGPU
0x00000001b7384000 	/System/Library/Frameworks/SceneKit.framework/Versions/A/SceneKit
0x00000001c8cc2000 	/System/Library/Frameworks/ModelIO.framework/Versions/A/ModelIO
0x000000019d931000 	/System/Library/Frameworks/MetalKit.framework/Versions/A/MetalKit
0x000000019fc75000 	/System/Library/Frameworks/GLKit.framework/Versions/A/GLKit
0x000000028c6f3000 	/usr/lib/usd/libusd_ms.dylib
0x000000027e1a3000 	/System/Library/PrivateFrameworks/USDLib_FormatLoaderProxy.framework/Versions/A/USDLib_FormatLoaderProxy
0x000000028c39b000 	/usr/lib/swift/libswift_errno.dylib
0x00000001b45a9000 	/System/Library/PrivateFrameworks/CoreOptimization.framework/Versions/A/CoreOptimization
0x000000023c9d7000 	/System/Library/PrivateFrameworks/AuthenticationServicesCore.framework/Versions/A/AuthenticationServicesCore
0x00000001bef28000 	/System/Library/Frameworks/AuthenticationServices.framework/Versions/A/AuthenticationServices
0x0000000198ef3000 	/System/Library/PrivateFrameworks/SharedWebCredentials.framework/Versions/A/SharedWebCredentials
0x00000001b6310000 	/System/Library/PrivateFrameworks/SafariCore.framework/Versions/A/SafariCore
0x00000001bea39000 	/System/Library/PrivateFrameworks/SafariFoundation.framework/Versions/A/SafariFoundation
0x000000023dd2a000 	/System/Library/PrivateFrameworks/CBORLibrary.framework/Versions/A/CBORLibrary
0x000000023ed8c000 	/System/Library/PrivateFrameworks/Chirp.framework/Versions/A/Chirp
0x000000023f9e0000 	/System/Library/PrivateFrameworks/CloudSubscriptionFeatures.framework/Versions/A/CloudSubscriptionFeatures
0x00000001ec90a000 	/System/Library/PrivateFrameworks/RemoteManagement.framework/Versions/A/RemoteManagement
0x000000026c329000 	/System/Library/PrivateFrameworks/RemoteManagementModel.framework/Versions/A/RemoteManagementModel
0x000000026c3ba000 	/System/Library/PrivateFrameworks/RemoteManagementStore.framework/Versions/A/RemoteManagementStore
0x000000019d950000 	/usr/lib/libxcselect.dylib
0x00000001be9a8000 	/System/Library/PrivateFrameworks/DifferentialPrivacy.framework/Versions/A/DifferentialPrivacy
0x000000025f34a000 	/System/Library/PrivateFrameworks/ManagedSettingsObjC.framework/Versions/A/ManagedSettingsObjC
0x00000001a5bd4000 	/System/Library/PrivateFrameworks/ConfigurationProfiles.framework/Versions/A/ConfigurationProfiles
0x000000025b3a0000 	/System/Library/PrivateFrameworks/LockdownMode.framework/Versions/A/LockdownMode
0x000000027ee65000 	/System/Library/PrivateFrameworks/VDAF.framework/Versions/A/VDAF
0x00000001a005c000 	/System/Library/PrivateFrameworks/SystemAdministration.framework/Versions/A/SystemAdministration
0x00000001ab20d000 	/System/Library/PrivateFrameworks/PowerlogControl.framework/Versions/A/PowerlogControl
0x00000001ab20f000 	/usr/lib/libUniversalAccess.dylib
0x00000001a7b4b000 	/System/Library/PrivateFrameworks/FamilyControls.framework/Versions/A/FamilyControls
0x000000019f93b000 	/System/Library/Frameworks/DirectoryService.framework/Versions/A/DirectoryService
0x00000001a4129000 	/System/Library/PrivateFrameworks/LoginUIKit.framework/Versions/A/Frameworks/LoginUICore.framework/Versions/A/LoginUICore
0x00000001995c0000 	/usr/lib/libodfde.dylib
0x00000001a7b45000 	/System/Library/PrivateFrameworks/UniversalAccess.framework/Versions/A/Libraries/libUAPreferences.dylib
0x00000001a7b6d000 	/System/Library/PrivateFrameworks/CommerceKit.framework/Versions/A/Frameworks/CommerceCore.framework/Versions/A/CommerceCore
0x000000019b988000 	/System/Library/PrivateFrameworks/CoreFollowUp.framework/Versions/A/CoreFollowUp
0x0000000246d5d000 	/System/Library/PrivateFrameworks/DMCUtilities.framework/Versions/A/DMCUtilities
0x000000025b42f000 	/System/Library/PrivateFrameworks/MDMClientLibrary.framework/Versions/A/MDMClientLibrary
0x000000026c3ae000 	/System/Library/PrivateFrameworks/RemoteManagementProtocol.framework/Versions/A/RemoteManagementProtocol
0x0000000246cbf000 	/System/Library/PrivateFrameworks/DEPClientLibrary.framework/Versions/A/DEPClientLibrary
0x0000000246cec000 	/System/Library/PrivateFrameworks/DMCEnrollmentLibrary.framework/Versions/A/DMCEnrollmentLibrary
0x00000001ab2f4000 	/System/Library/PrivateFrameworks/SetupAssistantFramework.framework/Versions/A/SetupAssistantFramework
0x00000001a483b000 	/System/Library/PrivateFrameworks/AuthKitUI.framework/Versions/A/AuthKitUI
0x00000001a4173000 	/System/Library/PrivateFrameworks/AppSSO.framework/Versions/A/AppSSO
0x00000001bb849000 	/System/Library/PrivateFrameworks/LocalAuthenticationUI.framework/Versions/A/LocalAuthenticationUI
0x00000002698c3000 	/System/Library/PrivateFrameworks/PlatformSSO.framework/Versions/A/PlatformSSO
0x00000002699b1000 	/System/Library/PrivateFrameworks/PlatformSSOCore.framework/Versions/A/PlatformSSOCore
0x0000000230227000 	/System/Library/Frameworks/LocalAuthenticationEmbeddedUI.framework/Versions/A/LocalAuthenticationEmbeddedUI
0x00000001bc341000 	/System/Library/PrivateFrameworks/AOSUI.framework/Versions/A/AOSUI
0x00000001ad06d000 	/System/Library/Frameworks/ContactsUI.framework/Versions/A/ContactsUI
0x00000001a0cbb000 	/System/Library/PrivateFrameworks/FamilyCircle.framework/Versions/A/FamilyCircle
0x00000001ca590000 	/System/Library/Frameworks/LinkPresentation.framework/Versions/A/LinkPresentation
0x00000001acbed000 	/System/Library/PrivateFrameworks/IASUtilities.framework/Versions/A/IASUtilities
0x0000000255e21000 	/System/Library/PrivateFrameworks/IASUtilitiesCore.framework/Versions/A/IASUtilitiesCore
0x000000026c423000 	/System/Library/PrivateFrameworks/RemoteUI.framework/Versions/A/RemoteUI
0x000000025a6b3000 	/System/Library/PrivateFrameworks/LiftUI.framework/Versions/A/LiftUI
0x0000000284dc3000 	/System/Library/PrivateFrameworks/_IconServices_SwiftUI.framework/Versions/A/_IconServices_SwiftUI
0x000000023f916000 	/System/Library/PrivateFrameworks/CloudSettings.framework/Versions/A/CloudSettings
0x00000001a67c8000 	/System/Library/Frameworks/EventKit.framework/Versions/A/EventKit
0x00000001b565f000 	/System/Library/PrivateFrameworks/SearchFoundation.framework/Versions/A/SearchFoundation
0x00000001cc6f7000 	/System/Library/PrivateFrameworks/Email.framework/Versions/A/Email
0x00000001b41b8000 	/System/Library/PrivateFrameworks/CoreRoutine.framework/Versions/A/CoreRoutine
0x00000001ec263000 	/System/Library/PrivateFrameworks/VoiceShortcutClient.framework/Versions/A/VoiceShortcutClient
0x00000001c413d000 	/System/Library/PrivateFrameworks/Categories.framework/Versions/A/Categories
0x00000001bc1e5000 	/System/Library/PrivateFrameworks/ChronoServices.framework/Versions/A/ChronoServices
0x000000023e7c3000 	/System/Library/PrivateFrameworks/CalendarDatabase.framework/Versions/A/CalendarDatabase
0x000000023e704000 	/System/Library/PrivateFrameworks/CalendarDaemon.framework/Versions/A/CalendarDaemon
0x00000001a5b0f000 	/System/Library/PrivateFrameworks/CalendarFoundation.framework/Versions/A/CalendarFoundation
0x00000001a5aca000 	/System/Library/PrivateFrameworks/iCalendar.framework/Versions/A/iCalendar
0x0000000246f62000 	/System/Library/PrivateFrameworks/DataAccessExpress.framework/Versions/A/DataAccessExpress
0x00000001ad1d5000 	/System/Library/PrivateFrameworks/ContactsAutocomplete.framework/Versions/A/ContactsAutocomplete
0x00000001bc131000 	/System/Library/PrivateFrameworks/FTClientServices.framework/Versions/A/FTClientServices
0x00000002783d3000 	/System/Library/PrivateFrameworks/StorageContainersPrivate.framework/Versions/A/StorageContainersPrivate
0x000000028c02a000 	/usr/lib/swift/libswiftCoreMediaIO.dylib
0x00000001aca6e000 	/System/Library/PrivateFrameworks/CoreDAV.framework/Versions/A/CoreDAV
0x00000001a6692000 	/System/Library/PrivateFrameworks/CalDAV.framework/Versions/A/CalDAV
0x00000001b174b000 	/System/Library/PrivateFrameworks/TelephonyUtilities.framework/Versions/A/TelephonyUtilities
0x00000002301e3000 	/System/Library/Frameworks/LiveCommunicationKit.framework/Versions/A/LiveCommunicationKit
0x000000024023b000 	/System/Library/PrivateFrameworks/CommunicationTrust.framework/Versions/A/CommunicationTrust
0x00000001b611f000 	/System/Library/Frameworks/CallKit.framework/Versions/A/CallKit
0x00000001a0cb4000 	/System/Library/PrivateFrameworks/CommunicationsFilter.framework/Versions/A/CommunicationsFilter
0x00000001e0ec0000 	/System/Library/PrivateFrameworks/IMTransferServices.framework/Versions/A/IMTransferServices
0x00000001b45c2000 	/System/Library/PrivateFrameworks/IncomingCallFilter.framework/Versions/A/IncomingCallFilter
0x000000026467b000 	/System/Library/PrivateFrameworks/NeighborhoodActivityConduit.framework/Versions/A/NeighborhoodActivityConduit
0x00000001b86d0000 	/System/Library/PrivateFrameworks/CallHistory.framework/Versions/A/CallHistory
0x000000028a5cc000 	/usr/lib/libBASupport.dylib
0x000000023ec0a000 	/System/Library/PrivateFrameworks/CallsUtilities.framework/Versions/A/CallsUtilities
0x000000023ec16000 	/System/Library/PrivateFrameworks/CallsXPC.framework/Versions/A/CallsXPC
0x00000001eca75000 	/usr/lib/swift/libswiftCallKit.dylib
0x000000023ebfc000 	/System/Library/PrivateFrameworks/CallsPersistence.framework/Versions/A/CallsPersistence
0x0000000233dfa000 	/System/Library/Frameworks/SensitiveContentAnalysis.framework/Versions/A/SensitiveContentAnalysis
0x00000001b974e000 	/System/Library/PrivateFrameworks/PeopleSuggester.framework/Versions/A/PeopleSuggester
0x00000001c2eb7000 	/System/Library/PrivateFrameworks/SpotlightReceiver.framework/Versions/A/SpotlightReceiver
0x0000000284d83000 	/System/Library/PrivateFrameworks/_AppIntentsServices_AppIntents.framework/Versions/A/_AppIntentsServices_AppIntents
0x0000000239949000 	/System/Library/PrivateFrameworks/AppIntentsServices.framework/Versions/A/AppIntentsServices
0x00000001a5ab3000 	/System/Library/PrivateFrameworks/CoreRecents.framework/Versions/A/CoreRecents
0x00000002362f9000 	/System/Library/Frameworks/_GeoToolbox_AppIntents.framework/Versions/A/_GeoToolbox_AppIntents
0x00000001d6556000 	/System/Library/PrivateFrameworks/DiagnosticRequest.framework/Versions/A/DiagnosticRequest
0x000000026bfeb000 	/System/Library/PrivateFrameworks/RegulatoryDomain.framework/Versions/A/RegulatoryDomain
0x000000019fd4e000 	/usr/lib/libCTGreenTeaLogger.dylib
0x000000025b373000 	/System/Library/PrivateFrameworks/LocalStatusKit.framework/Versions/A/LocalStatusKit
0x00000001b1632000 	/System/Library/PrivateFrameworks/CoreParsec.framework/Versions/A/CoreParsec
0x00000001cc6eb000 	/System/Library/PrivateFrameworks/EmailAddressing.framework/Versions/A/EmailAddressing
0x00000001c84cb000 	/System/Library/PrivateFrameworks/EmailCore.framework/Versions/A/EmailCore
0x00000001c95bf000 	/System/Library/PrivateFrameworks/EmailFoundation.framework/Versions/A/EmailFoundation
0x0000000267199000 	/System/Library/PrivateFrameworks/PegasusAPI.framework/Versions/A/PegasusAPI
0x0000000267f55000 	/System/Library/PrivateFrameworks/PegasusConfiguration.framework/Versions/A/PegasusConfiguration
0x000000027c5d0000 	/System/Library/PrivateFrameworks/ToolKit.framework/Versions/A/ToolKit
0x000000026c7dd000 	/System/Library/PrivateFrameworks/ReplicatorEngine.framework/Versions/A/ReplicatorEngine
0x000000026c998000 	/System/Library/PrivateFrameworks/ReplicatorServices.framework/Versions/A/ReplicatorServices
0x0000000279256000 	/System/Library/PrivateFrameworks/SystemWake.framework/Versions/A/SystemWake
0x00000001b62f6000 	/System/Library/PrivateFrameworks/ContextKit.framework/Versions/A/ContextKit
0x00000002407d9000 	/System/Library/PrivateFrameworks/ContextKitCore.framework/Versions/A/ContextKitCore
0x00000001b4859000 	/System/Library/Frameworks/LocalAuthentication.framework/Support/DaemonUtils.framework/Versions/A/DaemonUtils
0x000000025b2d5000 	/System/Library/PrivateFrameworks/LocalAuthenticationCoreUI.framework/Versions/A/LocalAuthenticationCoreUI
0x00000001b7ccf000 	/System/Library/PrivateFrameworks/BridgeXPC.framework/Versions/A/BridgeXPC
0x00000001b5526000 	/System/Library/PrivateFrameworks/CoreKDL.framework/Versions/A/CoreKDL
0x00000001b3b4c000 	/System/Library/PrivateFrameworks/EmbeddedOSSupportHost.framework/Versions/A/EmbeddedOSSupportHost
0x00000001a86a7000 	/System/Library/PrivateFrameworks/LoginUIKit.framework/Versions/A/LoginUIKit
0x00000001c463d000 	/System/Library/PrivateFrameworks/StorageKit.framework/Versions/A/StorageKit
0x000000022b736000 	/System/Library/Frameworks/DeviceCheck.framework/Versions/A/DeviceCheck
0x000000024796a000 	/System/Library/PrivateFrameworks/DiskImages2.framework/Versions/A/DiskImages2
0x00000001c46b7000 	/System/Library/PrivateFrameworks/CoreWLANKit.framework/Versions/A/CoreWLANKit
0x000000028233d000 	/System/Library/PrivateFrameworks/Wallpaper.framework/Versions/A/Wallpaper
0x000000028c045000 	/usr/lib/swift/libswiftGLKit.dylib
0x000000028c051000 	/usr/lib/swift/libswiftMetalKit.dylib
0x000000028c053000 	/usr/lib/swift/libswiftModelIO.dylib
0x000000028c116000 	/usr/lib/swift/libswiftSceneKit.dylib
0x00000001cd673000 	/System/Library/PrivateFrameworks/DynamicDesktop.framework/Versions/A/DynamicDesktop
0x00000002824d0000 	/System/Library/PrivateFrameworks/WallpaperFoundation.framework/Versions/A/WallpaperFoundation
0x000000028252f000 	/System/Library/PrivateFrameworks/WallpaperTypes.framework/Versions/A/WallpaperTypes
0x00000001e2cb6000 	/System/Library/PrivateFrameworks/SystemDesktopAppearance.framework/Versions/A/SystemDesktopAppearance
0x0000000287e94000 	/System/Library/PrivateFrameworks/icloudMCCKit.framework/Versions/A/icloudMCCKit
0x000000023ac95000 	/System/Library/PrivateFrameworks/AppleAccountUI.framework/Versions/A/AppleAccountUI
0x00000001d6b7c000 	/System/Library/PrivateFrameworks/PreferencePanesSupport.framework/Versions/A/PreferencePanesSupport
0x00000001bc4ef000 	/System/Library/PrivateFrameworks/FindMyDeviceUI.framework/Versions/A/FindMyDeviceUI
0x0000000285a6b000 	/System/Library/PrivateFrameworks/iCloudQuotaUI.framework/Versions/A/iCloudQuotaUI
0x00000001d6d2d000 	/System/Library/PrivateFrameworks/CoreCDPUI.framework/Versions/A/CoreCDPUI
0x00000001b604f000 	/System/Library/PrivateFrameworks/CoreFollowUpUI.framework/Versions/A/CoreFollowUpUI
0x00000001c313b000 	/System/Library/PrivateFrameworks/IMCore.framework/Versions/A/IMCore
0x00000001ab274000 	/System/Library/PrivateFrameworks/CoreCDP.framework/Versions/A/CoreCDP
0x00000001a7066000 	/System/Library/PrivateFrameworks/AskPermission.framework/Versions/A/AskPermission
0x00000001b9e6e000 	/System/Library/Frameworks/Quartz.framework/Versions/A/Quartz
0x00000001c6ba1000 	/System/Library/PrivateFrameworks/CloudPhotoServicesConfiguration.framework/Versions/A/CloudPhotoServicesConfiguration
0x00000001b84f0000 	/System/Library/PrivateFrameworks/CommerceKit.framework/Versions/A/CommerceKit
0x00000001c859d000 	/System/Library/PrivateFrameworks/FindMyMac.framework/Versions/A/FindMyMac
0x00000001c846d000 	/System/Library/Frameworks/PreferencePanes.framework/Versions/A/PreferencePanes
0x00000001bb937000 	/System/Library/Frameworks/AddressBook.framework/Versions/A/AddressBook
0x00000001a5ef9000 	/System/Library/PrivateFrameworks/AOSAccounts.framework/Versions/A/AOSAccounts
0x00000001a0056000 	/System/Library/PrivateFrameworks/AppleSRP.framework/Versions/A/AppleSRP
0x00000001a4a26000 	/System/Library/PrivateFrameworks/NetFSServer.framework/Versions/A/NetFSServer
0x00000001b725b000 	/System/Library/Frameworks/PDFKit.framework/Versions/A/PDFKit
0x000000028c069000 	/usr/lib/swift/libswiftPassKit.dylib
0x00000001dae01000 	/System/Library/Frameworks/PassKit.framework/Versions/A/PassKit
0x00000001a87b6000 	/System/Library/PrivateFrameworks/PassKitCore.framework/Versions/A/PassKitCore
0x0000000266ab2000 	/System/Library/PrivateFrameworks/PassKitMacHelperTemp.framework/Versions/A/PassKitMacHelperTemp
0x000000028a527000 	/usr/lib/libAppleSSE.dylib
0x00000001b48a1000 	/System/Library/PrivateFrameworks/BiometricKit.framework/Versions/A/BiometricKit
0x000000026cff6000 	/System/Library/PrivateFrameworks/SEService.framework/Versions/A/SEService
0x000000022f03d000 	/System/Library/Frameworks/FinanceKit.framework/Versions/A/FinanceKit
0x00000001b9f1a000 	/System/Library/PrivateFrameworks/NearField.framework/Versions/A/NearField
0x000000026cf6d000 	/System/Library/PrivateFrameworks/SESShared.framework/Versions/A/SESShared
0x000000026d25f000 	/System/Library/PrivateFrameworks/STSXPCHelperClient.framework/Versions/A/STSXPCHelperClient
0x00000001bbd51000 	/usr/lib/libnfshared.dylib
0x0000000278fd6000 	/System/Library/PrivateFrameworks/Symptoms.framework/Versions/A/Frameworks/SymptomPresentationFeed.framework/Versions/A/SymptomPresentationFeed
0x000000023b76d000 	/System/Library/PrivateFrameworks/AppleMediaServicesKitInternal.framework/Versions/A/AppleMediaServicesKitInternal
0x0000000278d11000 	/System/Library/PrivateFrameworks/SymptomShared.framework/Versions/A/SymptomShared
0x00000001ddd44000 	/System/Library/PrivateFrameworks/PassKitUIFoundation.framework/Versions/A/PassKitUIFoundation
0x000000019f979000 	/System/Library/Frameworks/MapKit.framework/Versions/A/MapKit
0x0000000252b3d000 	/System/Library/PrivateFrameworks/GeoAnalytics.framework/Versions/A/GeoAnalytics
0x00000001bbd7f000 	/System/Library/PrivateFrameworks/Navigation.framework/Versions/A/Navigation
0x00000001c5c22000 	/System/Library/PrivateFrameworks/VectorKit.framework/Versions/A/VectorKit
0x00000001accb6000 	/System/Library/PrivateFrameworks/VirtualGarage.framework/Versions/A/VirtualGarage
0x00000001bbf7c000 	/System/Library/Frameworks/ExternalAccessory.framework/ExternalAccessory
0x00000001bbf97000 	/System/Library/PrivateFrameworks/IAP.framework/Versions/A/IAP
0x000000019fc3b000 	/System/Library/PrivateFrameworks/IOPlatformPluginFamily.framework/Versions/A/IOPlatformPluginFamily
0x000000023cb2d000 	/System/Library/PrivateFrameworks/AvatarKit.framework/Versions/A/AvatarKit
0x000000023cbec000 	/System/Library/PrivateFrameworks/AvatarPersistence.framework/Versions/A/AvatarPersistence
0x0000000235767000 	/System/Library/Frameworks/TipKit.framework/Versions/A/TipKit
0x00000001a826d000 	/System/Library/PrivateFrameworks/IMSharedUtilities.framework/Versions/A/IMSharedUtilities
0x000000028c00a000 	/usr/lib/swift/libswiftAppleArchive.dylib
0x000000027ef61000 	/System/Library/PrivateFrameworks/VFX.framework/Versions/A/VFX
0x00000001d89a7000 	/System/Library/PrivateFrameworks/AppleCVA.framework/Versions/A/AppleCVA
0x000000023cbeb000 	/System/Library/PrivateFrameworks/AvatarKitContent.framework/Versions/A/AvatarKitContent
0x0000000230f90000 	/System/Library/Frameworks/MetalFX.framework/Versions/A/MetalFX
0x0000000240352000 	/System/Library/PrivateFrameworks/CompositorNonUI.framework/Versions/A/CompositorNonUI
0x000000022d2ac000 	/System/Library/Frameworks/ARKit.framework/Versions/A/ARKit
0x0000000237f94000 	/System/Library/PrivateFrameworks/ARKitCore.framework/Versions/A/ARKitCore
0x000000028a618000 	/usr/lib/libDisplayWarpSupport.dylib
0x0000000242624000 	/System/Library/PrivateFrameworks/CoreComposite.framework/Versions/A/CoreComposite
0x000000028afe7000 	/usr/lib/libchannel.dylib
0x000000028bc63000 	/usr/lib/librealtime_safety.dylib
0x0000000238020000 	/System/Library/PrivateFrameworks/ARKitFoundation.framework/Versions/A/ARKitFoundation
0x000000023ad31000 	/System/Library/PrivateFrameworks/AppleDepth.framework/Versions/A/AppleDepth
0x000000023aeae000 	/System/Library/PrivateFrameworks/AppleDepthCore.framework/Versions/A/AppleDepthCore
0x000000019fd76000 	/System/Library/PrivateFrameworks/CoreAppleCVA.framework/Versions/A/CoreAppleCVA
0x00000001acdec000 	/System/Library/PrivateFrameworks/ContactsUICore.framework/Versions/A/ContactsUICore
0x00000001b46cd000 	/System/Library/PrivateFrameworks/ContactsDonation.framework/Versions/A/ContactsDonation
0x00000001b3f89000 	/System/Library/PrivateFrameworks/DataDetectors.framework/Versions/A/DataDetectors
0x00000001a667e000 	/System/Library/Frameworks/MediaLibrary.framework/Versions/A/MediaLibrary
0x00000001a0ca3000 	/System/Library/PrivateFrameworks/PersonaKit.framework/Versions/A/PersonaKit
0x00000001acdd9000 	/System/Library/PrivateFrameworks/PersonaUI.framework/Versions/A/PersonaUI
0x00000001c7e83000 	/System/Library/PrivateFrameworks/Transparency.framework/Versions/A/Transparency
0x00000002494c9000 	/System/Library/PrivateFrameworks/FindMyLocate.framework/Versions/A/FindMyLocate
0x00000001b5fcc000 	/System/Library/PrivateFrameworks/IntlPreferences.framework/Versions/A/IntlPreferences
0x0000000246682000 	/System/Library/PrivateFrameworks/CoreTransparency.framework/Versions/A/CoreTransparency
0x000000024939d000 	/System/Library/PrivateFrameworks/FindMyCommon.framework/Versions/A/FindMyCommon
0x0000000249170000 	/System/Library/PrivateFrameworks/FindMyBase.framework/Versions/A/FindMyBase
0x0000000232a25000 	/System/Library/Frameworks/NearbyInteraction.framework/Versions/A/NearbyInteraction
0x00000001a0892000 	/System/Library/PrivateFrameworks/AddressBookCore.framework/Versions/A/AddressBookCore
0x00000001bbad4000 	/System/Library/PrivateFrameworks/ToneKit.framework/Versions/A/ToneKit
0x00000001b6013000 	/System/Library/PrivateFrameworks/ToneLibrary.framework/Versions/A/ToneLibrary
0x000000024065b000 	/System/Library/PrivateFrameworks/ContactsAccounts.framework/Versions/A/ContactsAccounts
0x00000001b9d85000 	/System/Library/PrivateFrameworks/Lookup.framework/Versions/A/Lookup
0x0000000233346000 	/System/Library/Frameworks/QuickLookUI.framework/Versions/A/QuickLookUI
0x0000000233d73000 	/System/Library/Frameworks/ScreenCaptureKit.framework/Versions/A/ScreenCaptureKit
0x00000001b6d7a000 	/System/Library/Frameworks/Quartz.framework/Versions/A/Frameworks/QuartzComposer.framework/Versions/A/QuartzComposer
0x00000001b5fa3000 	/System/Library/Frameworks/Quartz.framework/Versions/A/Frameworks/QuartzFilters.framework/Versions/A/QuartzFilters
0x00000001b502a000 	/System/Library/Frameworks/Quartz.framework/Versions/A/Frameworks/ImageKit.framework/Versions/A/ImageKit
0x000000022d0ad000 	/System/Library/Frameworks/OpenCL.framework/Versions/A/OpenCL
0x00000001b3526000 	/System/Library/PrivateFrameworks/CorePDF.framework/Versions/A/CorePDF
0x000000019d8ca000 	/System/Library/Frameworks/QuickLook.framework/Versions/A/QuickLook
0x00000001a86a2000 	/System/Library/PrivateFrameworks/DisplayServices.framework/Versions/A/DisplayServices
0x00000001b5f27000 	/System/Library/Frameworks/ImageCaptureCore.framework/Versions/A/ImageCaptureCore
0x0000000280e7f000 	/System/Library/PrivateFrameworks/VisionKitCore.framework/Versions/A/VisionKitCore
0x00000001b1602000 	/System/Library/PrivateFrameworks/QuickLookSupport.framework/Versions/A/QuickLookSupport
0x000000025fc3f000 	/System/Library/PrivateFrameworks/MediaAnalysisServices.framework/Versions/A/MediaAnalysisServices
0x00000001b8d0e000 	/System/Library/PrivateFrameworks/PhotoLibraryServices.framework/Versions/A/PhotoLibraryServices
0x00000001b5b38000 	/System/Library/Frameworks/Photos.framework/Versions/A/Photos
0x00000001ca990000 	/System/Library/PrivateFrameworks/PhotosFormats.framework/Versions/A/PhotosFormats
0x000000027ffba000 	/System/Library/PrivateFrameworks/VectorSearch.framework/Versions/A/VectorSearch
0x00000001c6bcd000 	/System/Library/PrivateFrameworks/CloudPhotoLibrary.framework/Versions/A/CloudPhotoLibrary
0x00000001d042a000 	/System/Library/PrivateFrameworks/CloudPhotoServices.framework/Versions/A/CloudPhotoServices
0x00000001cc86e000 	/System/Library/PrivateFrameworks/CoreMediaStream.framework/Versions/A/CoreMediaStream
0x00000001a1372000 	/System/Library/PrivateFrameworks/CPAnalytics.framework/Versions/A/CPAnalytics
0x00000001c8bf9000 	/System/Library/PrivateFrameworks/MediaConversionService.framework/Versions/A/MediaConversionService
0x00000001a8259000 	/System/Library/PrivateFrameworks/PhotoFoundation.framework/Versions/A/PhotoFoundation
0x0000000268581000 	/System/Library/PrivateFrameworks/PhotoLibraryServicesCore.framework/Versions/A/PhotoLibraryServicesCore
0x00000001c2822000 	/System/Library/PrivateFrameworks/MMCS.framework/Versions/A/MMCS
0x00000001a64d9000 	/System/Library/PrivateFrameworks/ChunkingLibrary.framework/Versions/A/ChunkingLibrary
0x00000001a0023000 	/System/Library/PrivateFrameworks/AssetCacheServices.framework/Versions/A/AssetCacheServices
0x00000001a201e000 	/System/Library/PrivateFrameworks/AVFoundationCF.framework/Versions/A/AVFoundationCF
0x00000001e0db7000 	/usr/lib/swift/libswiftDemangle.dylib
0x0000000256010000 	/System/Library/PrivateFrameworks/ImageCaptureDevices.framework/Versions/A/ImageCaptureDevices
0x00000001b424e000 	/System/Library/PrivateFrameworks/MediaStream.framework/Versions/A/MediaStream
0x00000001c90e7000 	/System/Library/PrivateFrameworks/NeutrinoCore.framework/Versions/A/NeutrinoCore
0x000000018f254000 	/System/Library/PrivateFrameworks/NLP.framework/Versions/A/NLP
0x00000001cf17f000 	/System/Library/PrivateFrameworks/PhotoImaging.framework/Versions/A/PhotoImaging
0x00000001d03eb000 	/System/Library/PrivateFrameworks/PhotosImagingFoundation.framework/Versions/A/PhotosImagingFoundation
0x000000026912e000 	/System/Library/PrivateFrameworks/PhotosIntelligenceCore.framework/Versions/A/PhotosIntelligenceCore
0x00000001a24b6000 	/System/Library/PrivateFrameworks/EmbeddedAcousticRecognition.framework/Versions/A/EmbeddedAcousticRecognition
0x00000001bdd07000 	/System/Library/PrivateFrameworks/EmojiFoundation.framework/Versions/A/EmojiFoundation
0x00000001c6e47000 	/System/Library/PrivateFrameworks/SDAPI.framework/Versions/A/SDAPI
0x0000000259d7a000 	/System/Library/PrivateFrameworks/IsolatedContextLogging.framework/Versions/A/IsolatedContextLogging
0x00000001d0439000 	/System/Library/PrivateFrameworks/AutoLoop.framework/Versions/A/AutoLoop
0x0000000269d54000 	/System/Library/PrivateFrameworks/Portrait.framework/Versions/A/Portrait
0x0000000249bee000 	/System/Library/PrivateFrameworks/FusionTracker.framework/Versions/A/FusionTracker
0x00000001b67fd000 	/System/Library/PrivateFrameworks/iTunesCloud.framework/Versions/A/iTunesCloud
0x00000001bfc30000 	/System/Library/PrivateFrameworks/DAAPKit.framework/Versions/A/DAAPKit
0x00000001b199c000 	/System/Library/PrivateFrameworks/DeviceManagement.framework/Versions/A/DeviceManagement
0x00000001d64a8000 	/System/Library/PrivateFrameworks/ScreenTimeUI.framework/Versions/A/ScreenTimeUI
0x00000001b3f83000 	/System/Library/PrivateFrameworks/QuickLookNonBaseSystem.framework/Versions/A/QuickLookNonBaseSystem
0x00000001b47a4000 	/System/Library/PrivateFrameworks/Catalyst.framework/Versions/A/Catalyst
0x00000001b61c7000 	/System/Library/PrivateFrameworks/ScreenTimeCore.framework/Versions/A/ScreenTimeCore
0x00000001c9ded000 	/System/Library/PrivateFrameworks/ScreenTimeServiceUI.framework/Versions/A/ScreenTimeServiceUI
0x00000001c29b4000 	/System/Library/PrivateFrameworks/ConfigurationEngineModel.framework/Versions/A/ConfigurationEngineModel
0x00000001c5bdc000 	/System/Library/PrivateFrameworks/UsageTracking.framework/Versions/A/UsageTracking
0x000000022ec8a000 	/System/Library/Frameworks/DeviceActivity.framework/Versions/A/DeviceActivity
0x00000001c5bab000 	/System/Library/PrivateFrameworks/KnowledgeMonitor.framework/Versions/A/KnowledgeMonitor
0x00000001ddcea000 	/System/Library/PrivateFrameworks/BluetoothManager.framework/Versions/A/BluetoothManager
0x000000023031a000 	/System/Library/Frameworks/ManagedSettings.framework/Versions/A/ManagedSettings
0x000000025f38f000 	/System/Library/PrivateFrameworks/ManagedSettingsSupport.framework/Versions/A/ManagedSettingsSupport
0x00000001daed2000 	/System/Library/Frameworks/ReplayKit.framework/Versions/A/ReplayKit
0x00000001a96bf000 	/System/Library/PrivateFrameworks/MarkupUI.framework/Versions/A/MarkupUI
0x00000001b3f5a000 	/System/Library/PrivateFrameworks/SidecarCore.framework/Versions/A/SidecarCore
0x00000001b6c2e000 	/System/Library/PrivateFrameworks/AnnotationKit.framework/Versions/A/AnnotationKit
0x00000001b525d000 	/System/Library/Frameworks/PencilKit.framework/Versions/A/PencilKit
0x00000001b5421000 	/System/Library/PrivateFrameworks/SidecarUI.framework/Versions/A/SidecarUI
0x00000001b4bc8000 	/System/Library/PrivateFrameworks/CoreHandwriting.framework/Versions/A/CoreHandwriting
0x0000000188e3e000 	/usr/lib/libmecabra.dylib
0x00000001ad3e7000 	/System/Library/PrivateFrameworks/Calculate.framework/Versions/A/Calculate
0x0000000198ca5000 	/usr/lib/libChineseTokenizer.dylib
0x00000001ec82f000 	/System/Library/PrivateFrameworks/ScreenReaderCore.framework/Versions/A/ScreenReaderCore
0x0000000278365000 	/System/Library/PrivateFrameworks/StocksKit.framework/Versions/A/StocksKit
0x00000001ac38e000 	/System/Library/PrivateFrameworks/OAuth.framework/Versions/A/OAuth
0x000000027805b000 	/System/Library/PrivateFrameworks/StocksCore.framework/Versions/A/StocksCore
0x000000027956c000 	/System/Library/PrivateFrameworks/TeaFoundation.framework/Versions/A/TeaFoundation
0x0000000279753000 	/System/Library/PrivateFrameworks/TeaSettings.framework/Versions/A/TeaSettings
0x00000001e24d3000 	/System/Library/PrivateFrameworks/NewsCore.framework/Versions/A/NewsCore
0x0000000279509000 	/System/Library/PrivateFrameworks/TeaDB.framework/Versions/A/TeaDB
0x00000001dee62000 	/System/Library/PrivateFrameworks/RemoteConfiguration.framework/Versions/A/RemoteConfiguration
0x00000001e20ba000 	/System/Library/PrivateFrameworks/NewsTransport.framework/Versions/A/NewsTransport
0x00000001e24c3000 	/System/Library/PrivateFrameworks/NewsFoundation.framework/Versions/A/NewsFoundation
0x0000000264c82000 	/System/Library/PrivateFrameworks/NewsURLBucket.framework/Versions/A/NewsURLBucket
0x00000001b890d000 	/System/Library/PrivateFrameworks/MobileInstallation.framework/Versions/A/MobileInstallation
0x00000002358d0000 	/System/Library/Frameworks/Translation.framework/Versions/A/Translation
0x00000001d1e14000 	/System/Library/PrivateFrameworks/RevealCore.framework/Versions/A/RevealCore
0x00000001d1e08000 	/System/Library/PrivateFrameworks/Reveal.framework/Versions/A/Reveal
0x00000001c9a98000 	/System/Library/Frameworks/Speech.framework/Versions/A/Speech
0x0000000236dc3000 	/System/Library/PrivateFrameworks/AIMLExperimentationAnalytics.framework/Versions/A/AIMLExperimentationAnalytics
0x0000000239269000 	/System/Library/PrivateFrameworks/AlgorithmsInternal.framework/Versions/A/AlgorithmsInternal
0x000000027ced5000 	/System/Library/PrivateFrameworks/TranslationUIServices.framework/Versions/A/TranslationUIServices
0x000000027bc27000 	/System/Library/PrivateFrameworks/TipKitCore.framework/Versions/A/TipKitCore
0x00000001bdd8c000 	/System/Library/PrivateFrameworks/CoreCDPInternal.framework/Versions/A/CoreCDPInternal
0x00000002567ea000 	/System/Library/PrivateFrameworks/InputAnalytics.framework/Versions/A/InputAnalytics
0x00000001c3a35000 	/System/Library/Frameworks/InstantMessage.framework/Versions/A/InstantMessage
0x00000001bb842000 	/System/Library/PrivateFrameworks/IDSKVStore.framework/Versions/A/IDSKVStore
0x00000001bb4e5000 	/System/Library/PrivateFrameworks/IMDPersistence.framework/Versions/A/IMDPersistence
0x000000027ee5b000 	/System/Library/PrivateFrameworks/UserSafety.framework/Versions/A/UserSafety
0x00000001dcd74000 	/System/Library/PrivateFrameworks/BlastDoor.framework/Versions/A/BlastDoor
0x000000025aee1000 	/System/Library/PrivateFrameworks/LinkPresentationStyleSheetParsing.framework/Versions/A/LinkPresentationStyleSheetParsing
0x0000000269f15000 	/System/Library/PrivateFrameworks/PosterFoundation.framework/Versions/A/PosterFoundation
0x0000000269fa3000 	/System/Library/PrivateFrameworks/PosterModel.framework/Versions/A/PosterModel
0x0000000269f7d000 	/System/Library/PrivateFrameworks/PosterFuturesKit.framework/Versions/A/PosterFuturesKit
0x0000000248f48000 	/System/Library/PrivateFrameworks/FeedbackService.framework/Versions/A/FeedbackService
0x00000001b4621000 	/System/Library/PrivateFrameworks/CoreSDB.framework/Versions/A/CoreSDB
0x000000023c2ac000 	/System/Library/PrivateFrameworks/AskToCore.framework/Versions/A/AskToCore
0x00000001d6d2a000 	/System/Library/PrivateFrameworks/MachineSettings.framework/Versions/A/MachineSettings
0x00000001c83e6000 	/System/Library/PrivateFrameworks/BezelServices.framework/Versions/A/BezelServices
0x00000001bfcbb000 	/System/Library/PrivateFrameworks/SPOwner.framework/Versions/A/SPOwner
0x00000001b8555000 	/System/Library/PrivateFrameworks/FMCore.framework/Versions/A/FMCore
0x00000002859bd000 	/System/Library/PrivateFrameworks/iCloudQuota.framework/Versions/A/iCloudQuota
0x00000001acd52000 	/System/Library/PrivateFrameworks/CoreRecognition.framework/Versions/A/CoreRecognition
0x00000001c84a6000 	/System/Library/PrivateFrameworks/InAppMessages.framework/Versions/A/InAppMessages
0x00000001eb3e2000 	/System/Library/PrivateFrameworks/JetUI.framework/Versions/A/JetUI
0x000000025a0d9000 	/System/Library/PrivateFrameworks/JetPack.framework/Versions/A/JetPack
0x00000001c849d000 	/System/Library/PrivateFrameworks/InAppMessagesCore.framework/Versions/A/InAppMessagesCore
0x0000000284dd3000 	/System/Library/PrivateFrameworks/_JetEngine_SwiftUI.framework/Versions/A/_JetEngine_SwiftUI
0x0000000278fff000 	/System/Library/PrivateFrameworks/Synapse.framework/Versions/A/Synapse
0x000000023e552000 	/System/Library/PrivateFrameworks/CSExattrCrypto.framework/Versions/A/CSExattrCrypto
0x00000001b9a7c000 	/System/Library/PrivateFrameworks/StoreFoundation.framework/Versions/A/StoreFoundation
0x00000001b854f000 	/System/Library/PrivateFrameworks/ServerInformation.framework/Versions/A/ServerInformation
0x00000001b7f65000 	/System/Library/PrivateFrameworks/Install.framework/Frameworks/DistributionKit.framework/Versions/A/DistributionKit
0x00000001b13d6000 	/System/Library/PrivateFrameworks/PackageKit.framework/Versions/A/PackageKit
0x00000001b7f88000 	/System/Library/PrivateFrameworks/OSPersonalization.framework/Versions/A/OSPersonalization
0x00000001b9fe2000 	/System/Library/PrivateFrameworks/BridgeOSSoftwareUpdate.framework/Versions/A/BridgeOSSoftwareUpdate
0x00000001b4ac7000 	/System/Library/PrivateFrameworks/StorageManagement.framework/Versions/A/StorageManagement
0x00000001c9918000 	/usr/lib/libauthinstall.dylib
0x00000001b9feb000 	/System/Library/PrivateFrameworks/InstallerDiagnostics.framework/Versions/A/InstallerDiagnostics
0x00000001c9fd4000 	/usr/lib/libcrypto.42.dylib
0x000000028c546000 	/usr/lib/updaters/libAppleTconUARPUpdater.dylib
0x000000028c6db000 	/usr/lib/updaters/libT200Updater.dylib
0x00000001b9fd0000 	/System/Library/PrivateFrameworks/GPUInfo.framework/Versions/A/GPUInfo
0x00000001c85a3000 	/System/Library/PrivateFrameworks/MobileActivationMacOS.framework/Versions/A/MobileActivationMacOS
0x00000001ac2d3000 	/System/Library/PrivateFrameworks/AccountsDaemon.framework/Versions/A/AccountsDaemon
0x00000001ba02e000 	/System/Library/PrivateFrameworks/AOSKit.framework/Versions/A/AOSKit
0x0000000198dd4000 	/System/Library/PrivateFrameworks/AppSSOCore.framework/Versions/A/AppSSOCore
0x000000023ccf8000 	/System/Library/PrivateFrameworks/BackgroundSystemTasks.framework/Versions/A/BackgroundSystemTasks
0x00000001a4a60000 	/System/Library/PrivateFrameworks/DuetActivityScheduler.framework/Versions/A/DuetActivityScheduler
0x00000001c6af8000 	/System/Library/PrivateFrameworks/NetworkServiceProxy.framework/Versions/A/NetworkServiceProxy
0x000000019fcaf000 	/usr/lib/libnetworkextension.dylib
0x0000000278d21000 	/System/Library/PrivateFrameworks/Symptoms.framework/Versions/A/Frameworks/SymptomAnalytics.framework/Versions/A/SymptomAnalytics
0x000000019c7e7000 	/System/Library/Frameworks/NetworkExtension.framework/Versions/A/NetworkExtension
0x00000001a317c000 	/System/Library/PrivateFrameworks/CoreDuetContext.framework/Versions/A/CoreDuetContext
0x000000018d8a8000 	/System/Library/PrivateFrameworks/CoreDuet.framework/Versions/A/CoreDuet
0x00000001a7f93000 	/System/Library/PrivateFrameworks/AssistantServices.framework/Versions/A/AssistantServices
0x00000001a2161000 	/System/Library/PrivateFrameworks/SAObjects.framework/Versions/A/SAObjects
0x00000001a7b7a000 	/System/Library/PrivateFrameworks/MediaRemote.framework/Versions/A/MediaRemote
0x000000027588f000 	/System/Library/PrivateFrameworks/SiriTTSService.framework/Versions/A/SiriTTSService
0x000000026ff8b000 	/System/Library/PrivateFrameworks/SiriCrossDeviceArbitration.framework/Versions/A/SiriCrossDeviceArbitration
0x0000000248ad2000 	/System/Library/PrivateFrameworks/FaceTimeNameUtility.framework/Versions/A/FaceTimeNameUtility
0x000000026ffdf000 	/System/Library/PrivateFrameworks/SiriCrossDeviceArbitrationFeedback.framework/Versions/A/SiriCrossDeviceArbitrationFeedback
0x00000001c8e2b000 	/System/Library/PrivateFrameworks/UIKitServices.framework/Versions/A/UIKitServices
0x00000001acb62000 	/System/Library/PrivateFrameworks/MediaServices.framework/Versions/A/MediaServices
0x000000019921d000 	/System/Library/PrivateFrameworks/PersistentConnection.framework/Versions/A/PersistentConnection
0x0000000277172000 	/System/Library/PrivateFrameworks/SonicFoundation.framework/Versions/A/SonicFoundation
0x00000001bc542000 	/usr/lib/libtailspin.dylib
0x00000001d054b000 	/System/Library/PrivateFrameworks/Osprey.framework/Versions/A/Osprey
0x0000000274f0f000 	/System/Library/PrivateFrameworks/SiriTTS.framework/Versions/A/SiriTTS
0x0000000273acf000 	/System/Library/PrivateFrameworks/SiriPowerInstrumentation.framework/Versions/A/SiriPowerInstrumentation
0x0000000279507000 	/System/Library/PrivateFrameworks/TailspinSymbolication.framework/Versions/A/TailspinSymbolication
0x0000000246e28000 	/System/Library/PrivateFrameworks/Darwinup.framework/Versions/A/Darwinup
0x00000001c8c34000 	/System/Library/PrivateFrameworks/SignpostSupport.framework/Versions/A/SignpostSupport
0x00000001b45ae000 	/System/Library/PrivateFrameworks/FeatureFlagsSupport.framework/Versions/A/FeatureFlagsSupport
0x00000001c82f4000 	/System/Library/PrivateFrameworks/ktrace.framework/Versions/A/ktrace
0x00000001c8e63000 	/System/Library/PrivateFrameworks/SampleAnalysis.framework/Versions/A/SampleAnalysis
0x00000001d1de2000 	/System/Library/PrivateFrameworks/kperfdata.framework/Versions/A/kperfdata
0x000000019da08000 	/usr/lib/libdscsym.dylib
0x00000001d22b7000 	/System/Library/PrivateFrameworks/BulkSymbolication.framework/Versions/A/BulkSymbolication
0x00000001a5bae000 	/System/Library/PrivateFrameworks/CoreDuetDaemonProtocol.framework/Versions/A/CoreDuetDaemonProtocol
0x00000001b98fd000 	/System/Library/PrivateFrameworks/CaptiveNetwork.framework/Versions/A/CaptiveNetwork
0x00000001a3fa7000 	/System/Library/PrivateFrameworks/EAP8021X.framework/Versions/A/EAP8021X
0x0000000246bee000 	/System/Library/PrivateFrameworks/CryptoKitPrivate.framework/Versions/A/CryptoKitPrivate
0x00000001b3b7c000 	/System/Library/PrivateFrameworks/FindMyDevice.framework/Versions/A/FindMyDevice
0x00000001a8795000 	/System/Library/PrivateFrameworks/FMCoreLite.framework/Versions/A/FMCoreLite
0x00000001968cc000 	/System/Library/Frameworks/ServiceManagement.framework/Versions/A/ServiceManagement
0x00000001bb463000 	/System/Library/Frameworks/Accelerate.framework/Versions/A/Frameworks/vImage.framework/Versions/A/Libraries/libCGInterfaces.dylib
0x0000000328820000 	/System/Library/Extensions/AGXMetal13_3.bundle/Contents/MacOS/AGXMetal13_3
0x00000001ac9fc000 	/System/Library/PrivateFrameworks/IOGPU.framework/Versions/A/IOGPU
0x000000022cf2b000 	/System/Library/Frameworks/OpenGL.framework/Versions/A/Resources/GLEngine.bundle/GLEngine
0x000000022cdcb000 	/System/Library/Frameworks/OpenGL.framework/Versions/A/Libraries/libGLProgrammability.dylib
0x0000000165104000 	/System/Library/Extensions/AppleMetalOpenGLRenderer.bundle/Contents/MacOS/AppleMetalOpenGLRenderer
0x000000022d089000 	/System/Library/Frameworks/OpenGL.framework/Versions/A/Resources/GLRendererFloat.bundle/GLRendererFloat
0x00000001666cc000 	/Users/bowieconnors/Documents/GitHub/Install/natives/forge-47.4.15/liblwjgl_opengl.dylib
0x0000000167210000 	/private/var/folders/yb/q5rljk2d6zq7cvp6w66whrs80000gp/T/libjcocoa12173940691680060621.dylib
0x00000001bea90000 	/System/Library/CoreServices/RawCamera.bundle/Contents/MacOS/RawCamera
0x000000033a524000 	/Users/bowieconnors/Documents/GitHub/Install/natives/forge-47.4.15/libopenal.dylib
0x0000000340878000 	/Users/bowieconnors/Documents/GitHub/Install/java/java-runtime-gamma/Contents/Home/lib/libfontmanager.dylib
0x0000000341794000 	/Users/bowieconnors/Documents/GitHub/Install/java/java-runtime-gamma/Contents/Home/lib/libfreetype.dylib
0x00000001c4150000 	/System/Library/PrivateFrameworks/TextToSpeech.framework/Versions/A/TextToSpeech
0x00000001c93f2000 	/System/Library/PrivateFrameworks/AXAssetLoader.framework/Versions/A/AXAssetLoader
0x0000000278b05000 	/System/Library/PrivateFrameworks/SwiftSQLite.framework/Versions/A/SwiftSQLite
0x000000023865f000 	/System/Library/PrivateFrameworks/AccessibilityUtilities.framework/Versions/A/AccessibilityUtilities
0x00000001b3e29000 	/System/Library/PrivateFrameworks/AccessibilitySharedSupport.framework/Versions/A/AccessibilitySharedSupport
0x00000001d64f7000 	/System/Library/PrivateFrameworks/AXRuntime.framework/Versions/A/AXRuntime
0x00000001b990b000 	/System/Library/PrivateFrameworks/UniversalAccess.framework/Versions/A/UniversalAccess
0x000000026d612000 	/System/Library/PrivateFrameworks/Sage.framework/Versions/A/Sage
0x00000001c82e4000 	/System/Library/PrivateFrameworks/AccessibilitySupport.framework/Versions/A/AccessibilitySupport
0x00000001c9f90000 	/System/Library/PrivateFrameworks/UniversalAccess.framework/Versions/A/Frameworks/UniversalAccessCore.framework/Versions/A/UniversalAccessCore
0x00000001d228e000 	/System/Library/PrivateFrameworks/AccessibilitySupport.framework/Versions/A/Frameworks/AccessibilityEvents.framework/Versions/A/AccessibilityEvents
0x00000001c900e000 	/System/Library/PrivateFrameworks/AccessibilitySupport.framework/Versions/A/Frameworks/AccessibilityFoundation.framework/Versions/A/AccessibilityFoundation
0x00000001d21b7000 	/System/Library/PrivateFrameworks/AccessibilitySupport.framework/Versions/A/Frameworks/AccessibilityKit.framework/Versions/A/AccessibilityKit
0x00000001d2221000 	/System/Library/PrivateFrameworks/AccessibilitySupport.framework/Versions/A/Frameworks/AccessibilityVisuals.framework/Versions/A/AccessibilityVisuals
0x00000001a212c000 	/System/Library/PrivateFrameworks/BatteryUIKit.framework/Versions/A/BatteryUIKit
0x000000027e921000 	/System/Library/PrivateFrameworks/UniversalControl.framework/Versions/A/UniversalControl
0x00000001a4a18000 	/usr/lib/libScreenReader.dylib
0x0000000279d21000 	/System/Library/PrivateFrameworks/TextInputUI.framework/Versions/A/TextInputUI
0x0000000279d57000 	/System/Library/PrivateFrameworks/TextInputUIMacHelper.framework/Versions/A/TextInputUIMacHelper
0x00000001bea80000 	/System/Library/PrivateFrameworks/SafariPlatformSupport.framework/Versions/A/SafariPlatformSupport
0x0000000370724000 	/private/var/folders/yb/q5rljk2d6zq7cvp6w66whrs80000gp/T/libopus4j-1eb5d9e3e7c729c7d3e18224b0a53fb6/libopus4j.dylib
0x00000003704c0000 	/private/var/folders/yb/q5rljk2d6zq7cvp6w66whrs80000gp/T/librnnoise4j-dd0bc92191c29275673e4f820630aa49/librnnoise4j.dylib
0x00000003704dc000 	/private/var/folders/yb/q5rljk2d6zq7cvp6w66whrs80000gp/T/libspeex4j-f75720920af514f7fd1a458b9748f906/libspeex4j.dylib
0x0000000370530000 	/private/var/folders/yb/q5rljk2d6zq7cvp6w66whrs80000gp/T/liblame4j-616f7ca627be4f4f2d2039debf359014/liblame4j.dylib
0x0000000379288000 	/System/Library/Components/CoreAudio.component/Contents/MacOS/CoreAudio
0x000000016fdbc000 	/System/Library/Frameworks/Security.framework/Versions/A/PlugIns/csparser.bundle/Contents/MacOS/csparser
0x000000031c800000 	/Users/bowieconnors/Documents/GitHub/Instances/The-Forest---Development/config/spark/tmp/spark-18dbdd7bbf4b-libasyncProfiler.so.tmp


VM Arguments:
jvm_args: -Xss1M -Djava.library.path=/Users/bowieconnors/Documents/GitHub/Install/natives/forge-47.4.15 -Djna.tmpdir=/Users/bowieconnors/Documents/GitHub/Install/natives/forge-47.4.15 -Dorg.lwjgl.system.SharedLibraryExtractPath=/Users/bowieconnors/Documents/GitHub/Install/natives/forge-47.4.15 -Dio.netty.native.workdir=/Users/bowieconnors/Documents/GitHub/Install/natives/forge-47.4.15 -Dminecraft.launcher.brand=CurseForge -Dminecraft.launcher.version=1.310.1.35445 -Djava.net.preferIPv6Addresses=system -DignoreList=bootstraplauncher,securejarhandler,asm-commons,asm-util,asm-analysis,asm-tree,asm,JarJarFileSystems,client-extra,fmlcore,javafmllanguage,lowcodelanguage,mclanguage,forge-,forge-47.4.15.jar,forge-47.4.15 -DmergeModules=jna-5.10.0.jar,jna-platform-5.10.0.jar -DlibraryDirectory=/Users/bowieconnors/Documents/GitHub/Install/libraries --module-path=/Users/bowieconnors/Documents/GitHub/Install/libraries/cpw/mods/bootstraplauncher/1.1.2/bootstraplauncher-1.1.2.jar:/Users/bowieconnors/Documents/GitHub/Install/libraries/cpw/mods/securejarhandler/2.1.10/securejarhandler-2.1.10.jar:/Users/bowieconnors/Documents/GitHub/Install/libraries/org/ow2/asm/asm-commons/9.8/asm-commons-9.8.jar:/Users/bowieconnors/Documents/GitHub/Install/libraries/org/ow2/asm/asm-util/9.8/asm-util-9.8.jar:/Users/bowieconnors/Documents/GitHub/Install/libraries/org/ow2/asm/asm-analysis/9.8/asm-analysis-9.8.jar:/Users/bowieconnors/Documents/GitHub/Install/libraries/org/ow2/asm/asm-tree/9.8/asm-tree-9.8.jar:/Users/bowieconnors/Documents/GitHub/Install/libraries/org/ow2/asm/asm/9.8/asm-9.8.jar:/Users/bowieconnors/Documents/GitHub/Install/libraries/net/minecraftforge/JarJarFileSystems/0.3.19/JarJarFileSystems-0.3.19.jar --add-modules=ALL-MODULE-PATH --add-opens=java.base/java.util.jar=cpw.mods.securejarhandler --add-opens=java.base/java.lang.invoke=cpw.mods.securejarhandler --add-exports=java.base/sun.security.util=cpw.mods.securejarhandler --add-exports=jdk.naming.dns/com.sun.jndi.dns=java.naming -Xmx10016m -Xms256m -Dfml.ignorePatchDiscrepancies=true -Dfml.ignoreInvalidMinecraftCertificates=true -DlibraryDirectory=/Users/bowieconnors/Documents/GitHub/Install/libraries -Duser.language=en -DCFInstanceId=c5e93fd9-9045-4aff-be40-92f8a3e24ad6 -Dlog4j.configurationFile=/Users/bowieconnors/Documents/GitHub/Install/assets/log_configs/client-1.12.xml 
java_command: cpw.mods.bootstraplauncher.BootstrapLauncher --username _Apotheotic_ --version forge-47.4.15 --gameDir /Users/bowieconnors/Documents/GitHub/Instances/The-Forest---Development/ --assetsDir /Users/bowieconnors/Documents/GitHub/Install/assets --assetIndex 5 --uuid aa88add0bc484e1dbc7ddeac2d196c19 --accessToken eyJraWQiOiIwNDkxODEiLCJhbGciOiJSUzI1NiJ9.eyJ4dWlkIjoiMjUzNTQzNjg5MzY3ODk4OSIsImFnZyI6IkFkdWx0Iiwic3ViIjoiYmY4YzkyNWQtYjQxMy00ODQ1LThhMDEtNzI1YzBiZWZlMmIyIiwiYXV0aCI6IlhCT1giLCJwZmlkIjoiNURFN0M0MzUwM0Y1MEEwRiIsIm5zIjoiZGVmYXVsdCIsInJvbGVzIjpbXSwiaXNzIjoiYXV0aGVudGljYXRpb24iLCJmbGFncyI6WyJtdWx0aXBsYXllciJdLCJwcm9maWxlcyI6eyJtYyI6ImFhODhhZGQwLWJjNDgtNGUxZC1iYzdkLWRlYWMyZDE5NmMxOSJ9LCJtaWQiOiI1REU3QzQzNTAzRjUwQTBGIiwicG1pZCI6ImQ3NTk2MTA3LWI1MDctNWI3Ny1hZGY5LTkyZGQ4NDYyNzc3NiIsInBsYXRmb3JtIjoiUENfTEFVTkNIRVIiLCJ0aWQiOiJFOTlCMCIsInBmZCI6W3sidHlwZSI6Im1jIiwiaWQiOiJhYTg4YWRkMC1iYzQ4LTRlMWQtYmM3ZC1kZWFjMmQxOTZjMTkiLCJuYW1lIjoiX0Fwb3RoZW90aWNfIn1dLCJ4aWQiOiIyNTM1NDM2ODkzNjc4OTg5IiwibmJmIjoxNzgzNDE4MzE5LCJleHAiOjE3ODM1MDQ3MTksImlhdCI6MTc4MzQxODMxOSwiYWlkIjoiZDViMmUwNzktMmMyYy00YWRlLTlkYWItMWMxZWIyMDQxNjJhIn0.hZsuZLCLvaEwwXSMbdLpI9Ux3wP9ZKkomw2CjiuaqLvrEYe_i3iM19QOa-gGMuALXsAA2oRR2_r4DNhk3UbAvXQ3n39comgIBK24L9XNpcyewXpIdsX9RfFUQ4gEUglBCgcLdpk_TIlAi7TQiZQuOtc-ubFi0JoRYWfrnmzSg-dFUV3mVjwEzHiz8LDOeqj1ed7XFj5vBL1cMyTpmnx6Wh7h5McLHVxmWPDirxFmFqtj9d12qKWpCDEpa9tXWVh_8njI93KmwmtgDhc6wmZDN9A3tXsZeUIKQLyQ1OWRulGXGubJ_XY4jc9ffGtto7PvKcP3S9H6vFfNFARdVnNGCw --clientId 253e44-50abf3-e39cc3-82f0e7-6ebef1 --xuid 2535436893678989 --userType msa --versionType release --width 1024 --height 768 --quickPlayPath /Users/bowieconnors/Documents/GitHub/Quickplay/c5e93fd9-9045-4aff-be40-92f8a3e24ad6.json    --launchTarget forgeclient --fml.forgeVersion 47.4.15 --fml.mcVersion 1.20.1 --fml.forgeGroup net.minecraftforge --fml.mcpVersion 20230612.114412
java_class_path (initial): /Users/bowieconnors/Documents/GitHub/Install/libraries/cpw/mods/securejarhandler/2.1.10/securejarhandler-2.1.10.jar:/Users/bowieconnors/Documents/GitHub/Install/libraries/org/ow2/asm/asm/9.8/asm-9.8.jar:/Users/bowieconnors/Documents/GitHub/Install/libraries/org/ow2/asm/asm-commons/9.8/asm-commons-9.8.jar:/Users/bowieconnors/Documents/GitHub/Install/libraries/org/ow2/asm/asm-tree/9.8/asm-tree-9.8.jar:/Users/bowieconnors/Documents/GitHub/Install/libraries/org/ow2/asm/asm-util/9.8/asm-util-9.8.jar:/Users/bowieconnors/Documents/GitHub/Install/libraries/org/ow2/asm/asm-analysis/9.8/asm-analysis-9.8.jar:/Users/bowieconnors/Documents/GitHub/Install/libraries/net/minecraftforge/accesstransformers/8.0.4/accesstransformers-8.0.4.jar:/Users/bowieconnors/Documents/GitHub/Install/libraries/org/antlr/antlr4-runtime/4.9.1/antlr4-runtime-4.9.1.jar:/Users/bowieconnors/Documents/GitHub/Install/libraries/net/minecraftforge/eventbus/6.0.5/eventbus-6.0.5.jar:/Users/bowieconnors/Documents/GitHub/Install/libraries/net/minecraftforge/forgespi/7.0.1/forgespi-7.0.1.jar:/Users/bowieconnors/Documents/GitHub/Install/libraries/net/minecraftforge/coremods/5.2.4/coremods-5.2.4.jar:/Users/bowieconnors/Documents/GitHub/Install/libraries/cpw/mods/modlauncher/10.0.9/modlauncher-10.0.9.jar:/Users/bowieconnors/Documents/GitHub/Install/libraries/net/minecraftforge/unsafe/0.2.0/unsafe-0.2.0.jar:/Users/bowieconnors/Documents/GitHub/Install/libraries/net/minecraftforge/mergetool/1.1.5/mergetool-1.1.5-api.jar:/Users/bowieconnors/Documents/GitHub/Install/libraries/com/electronwill/night-config/core/3.6.4/core-3.6.4.jar:/Users/bowieconnors/Documents/GitHub/Install/libraries/com/electronwill/night-config/toml/3.6.4/toml-3.6.4.jar:/Users/bowieconnors/Documents/GitHub/Install/libraries/org/apache/maven/maven-artifact/3.8.5/maven-artifact-3.8.5.jar:/Users/bowieconnors/Documents/GitHub/Install/libraries/net/jodah/typetools/0.6.3/typetools-0.6.3.jar:/Users/bowieconnors/Documents/GitHub/I
Launcher Type: SUN_STANDARD

[Global flags]
     intx CICompilerCount                          = 4                                         {product} {ergonomic}
     uint ConcGCThreads                            = 2                                         {product} {ergonomic}
     uint G1ConcRefinementThreads                  = 8                                         {product} {ergonomic}
   size_t G1HeapRegionSize                         = 8388608                                   {product} {ergonomic}
    uintx GCDrainStackTargetSize                   = 64                                        {product} {ergonomic}
   size_t InitialHeapSize                          = 268435456                                 {product} {command line}
   size_t MarkStackSize                            = 4194304                                   {product} {ergonomic}
   size_t MaxHeapSize                              = 10502537216                               {product} {command line}
   size_t MaxNewSize                               = 6299844608                                {product} {ergonomic}
   size_t MinHeapDeltaBytes                        = 8388608                                   {product} {ergonomic}
   size_t MinHeapSize                              = 268435456                                 {product} {command line}
    uintx NonNMethodCodeHeapSize                   = 5839564                                {pd product} {ergonomic}
    uintx NonProfiledCodeHeapSize                  = 122909338                              {pd product} {ergonomic}
    uintx ProfiledCodeHeapSize                     = 122909338                              {pd product} {ergonomic}
    uintx ReservedCodeCacheSize                    = 251658240                              {pd product} {ergonomic}
     bool SegmentedCodeCache                       = true                                      {product} {ergonomic}
   size_t SoftMaxHeapSize                          = 10502537216                            {manageable} {ergonomic}
     intx ThreadStackSize                          = 1024                                   {pd product} {command line}
     bool UseCompressedClassPointers               = true                           {product lp64_product} {ergonomic}
     bool UseCompressedOops                        = true                           {product lp64_product} {ergonomic}
     bool UseG1GC                                  = true                                      {product} {ergonomic}
     bool UseNUMA                                  = false                                     {product} {ergonomic}
     bool UseNUMAInterleaving                      = false                                     {product} {ergonomic}

Logging:
Log output configuration:
 #0: stdout all=warning,jni+resolve=error uptime,level,tags (reconfigured)
 #1: stderr all=off uptime,level,tags

Environment Variables:
PATH=/usr/bin:/bin:/usr/sbin:/sbin
SHELL=/bin/zsh
TMPDIR=/var/folders/yb/q5rljk2d6zq7cvp6w66whrs80000gp/T/

Active Locale:
LC_ALL=C
LC_COLLATE=C
LC_CTYPE=C
LC_MESSAGES=C
LC_MONETARY=C
LC_NUMERIC=C
LC_TIME=C

Signal Handlers:
   SIGSEGV: crash_handler in libjvm.dylib, mask=11100110000111110111111111111111, flags=SA_RESTART|SA_SIGINFO, unblocked
    SIGBUS: crash_handler in libjvm.dylib, mask=11100110000111110111111111111111, flags=SA_RESTART|SA_SIGINFO, unblocked
    SIGFPE: crash_handler in libjvm.dylib, mask=11100110000111110111111111111111, flags=SA_RESTART|SA_SIGINFO, unblocked
   SIGPIPE: javaSignalHandler in libjvm.dylib, mask=11100110000111110111111111111111, flags=SA_RESTART|SA_SIGINFO, blocked
   SIGXFSZ: javaSignalHandler in libjvm.dylib, mask=11100110000111110111111111111111, flags=SA_RESTART|SA_SIGINFO, blocked
    SIGILL: crash_handler in libjvm.dylib, mask=11100110000111110111111111111111, flags=SA_RESTART|SA_SIGINFO, unblocked
   SIGUSR2: SR_handler in libjvm.dylib, mask=00000000000000000000000000000000, flags=SA_RESTART|SA_SIGINFO, blocked
    SIGHUP: UserHandler in libjvm.dylib, mask=11100110000111110111111111111111, flags=SA_RESTART|SA_SIGINFO, blocked
    SIGINT: UserHandler in libjvm.dylib, mask=11100110000111110111111111111111, flags=SA_RESTART|SA_SIGINFO, blocked
   SIGTERM: UserHandler in libjvm.dylib, mask=11100110000111110111111111111111, flags=SA_RESTART|SA_SIGINFO, blocked
   SIGQUIT: UserHandler in libjvm.dylib, mask=11100110000111110111111111111111, flags=SA_RESTART|SA_SIGINFO, blocked
   SIGTRAP: crash_handler in libjvm.dylib, mask=11100110000111110111111111111111, flags=SA_RESTART|SA_SIGINFO, unblocked


---------------  S Y S T E M  ---------------

OS:
uname: Darwin 25.5.0 Darwin Kernel Version 25.5.0: Mon Apr 27 20:38:00 PDT 2026; root:xnu-12377.121.6~2/RELEASE_ARM64_T8103 arm64
OS uptime: 3 days 7:10 hours
rlimit (soft/hard): STACK 8176k/65520k , CORE 0k/infinity , NPROC 2666/4000 , NOFILE 10240/infinity , AS infinity/infinity , CPU infinity/infinity , DATA infinity/infinity , FSIZE infinity/infinity , MEMLOCK infinity/infinity , RSS infinity/infinity
load average: 5.97 4.69 3.56

CPU: total 8 (initial active 8) 0x61:0x0:0x1b588bb3:0, fp, simd, crc, lse
machdep.cpu.brand_string:Apple M1
hw.cachelinesize:128
hw.l1icachesize:131072
hw.l1dcachesize:65536
hw.l2cachesize:4194304

Memory: 16k page, physical 16777216k(166080k free), swap 1048576k(776448k free)

vm_info: OpenJDK 64-Bit Server VM (17.0.8+7) for bsd-aarch64 JRE (17.0.8+7), built on Jul 18 2023 20:57:52 by "admin" with clang Apple LLVM 12.0.0 (clang-1200.0.32.29)

END.
