[10:46:40] [main/INFO]: ModLauncher running: args [--username, _Apotheotic_, --version, forge-47.4.15, --gameDir, /Users/bowieconnors/Documents/GitHub/Instances/The-Forest---Development/, --assetsDir, /Users/bowieconnors/Documents/GitHub/Install/assets, --assetIndex, 5, --uuid, aa88add0bc484e1dbc7ddeac2d196c19, --accessToken, ❄❄❄❄❄❄❄❄, --clientId, 751d2a-ce205b-4bc8e7-ca80e4-20d673, --xuid, 2535436893678989, --userType, msa, --versionType, release, --width, 1024, --height, 768, --quickPlayPath, /Users/bowieconnors/Documents/GitHub/Quickplay/c5e93fd9-9045-4aff-be40-92f8a3e24ad6.json, , , , --launchTarget, forgeclient, --fml.forgeVersion, 47.4.15, --fml.mcVersion, 1.20.1, --fml.forgeGroup, net.minecraftforge, --fml.mcpVersion, 20230612.114412]
[10:46:40] [main/INFO]: ModLauncher 10.0.9+10.0.9+main.dcd20f30 starting: java version 21.0.11 by Eclipse Adoptium; OS Mac OS X arch aarch64 version 26.5.2
[10:46:41] [main/INFO]: Loading ImmediateWindowProvider SimpleCustomEarlyLoading
[10:46:41] [main/INFO]: Failed to find ImmediateWindowProvider SimpleCustomEarlyLoading, disabling
[10:46:42] [main/INFO]: Starting Essential Loader (stage2) version 1.8.0 (4dad5866273e5beba83449a1e0460378) [stable]
[10:46:42] [main/WARN]: Stream injection failed; legacy loggers may retain blocking behavior.
[10:46:42] [main/INFO]: Launching CrashAssistantApp (CrashAssistant-forge-1.19-1.20.1-1.11.11.jar)
[10:46:42] [main/WARN]: Closed old CrashAssistantApp process to prevent confusing the player with window containing information from old crash.
[10:46:43] [main/INFO]: SpongePowered MIXIN Subsystem Version=0.8.5 Source=union:/Users/bowieconnors/Documents/GitHub/Install/libraries/org/spongepowered/mixin/0.8.5/mixin-0.8.5.jar%2394!/ Service=ModLauncher Env=CLIENT
[10:46:43] [main/INFO]: Found mod file 1.1.0+1.20.1forge.jar of type MOD with provider {mods folder locator at /Users/bowieconnors/Documents/GitHub/Instances/The-Forest---Development/mods}
[10:46:43] [main/INFO]: Found mod file addonslib-forge-1.20.1-1.11.jar of type MOD with provider {mods folder locator at /Users/bowieconnors/Documents/GitHub/Instances/The-Forest---Development/mods}
[10:46:43] [main/INFO]: Found mod file alexsdelight-1.5.jar of type MOD with provider {mods folder locator at /Users/bowieconnors/Documents/GitHub/Instances/The-Forest---Development/mods}
[10:46:43] [main/INFO]: Found mod file alexsmobs-1.22.9.jar of type MOD with provider {mods folder locator at /Users/bowieconnors/Documents/GitHub/Instances/The-Forest---Development/mods}
[10:46:43] [main/INFO]: Found mod file alltheleaks-1.1.1+1.20.1-forge.jar of type MOD with provider {mods folder locator at /Users/bowieconnors/Documents/GitHub/Instances/The-Forest---Development/mods}
[10:46:43] [main/INFO]: Found mod file almanac-1.20.x-forge-1.0.2.jar of type MOD with provider {mods folder locator at /Users/bowieconnors/Documents/GitHub/Instances/The-Forest---Development/mods}
[10:46:43] [main/INFO]: Found mod file AlwaysEat-5.2.jar of type MOD with provider {mods folder locator at /Users/bowieconnors/Documents/GitHub/Instances/The-Forest---Development/mods}
[10:46:43] [main/INFO]: Found mod file and_there_was_only_one_bed-1.20.1-1.0.jar of type MOD with provider {mods folder locator at /Users/bowieconnors/Documents/GitHub/Instances/The-Forest---Development/mods}
[10:46:43] [main/INFO]: Found mod file anomaly_rephased-2.0.0b31-forge-1.20.1.jar of type MOD with provider {mods folder locator at /Users/bowieconnors/Documents/GitHub/Instances/The-Forest---Development/mods}
[10:46:43] [main/INFO]: Found mod file Antlers_of_Hunger_0.1.2_1.20.1_VIBRANT.jar of type MOD with provider {mods folder locator at /Users/bowieconnors/Documents/GitHub/Instances/The-Forest---Development/mods}
[10:46:43] [main/INFO]: Found mod file appleskin-forge-mc1.20.1-2.5.1.jar of type MOD with provider {mods folder locator at /Users/bowieconnors/Documents/GitHub/Instances/The-Forest---Development/mods}
[10:46:43] [main/INFO]: Found mod file architectury-9.2.14-forge.jar of type MOD with provider {mods folder locator at /Users/bowieconnors/Documents/GitHub/Instances/The-Forest---Development/mods}
[10:46:43] [main/INFO]: Found mod file autohud-8.7+1.20.1-forge.jar of type MOD with provider {mods folder locator at /Users/bowieconnors/Documents/GitHub/Instances/The-Forest---Development/mods}
[10:46:43] [main/INFO]: Found mod file backpacked-forge-1.20.1-3.0.9.jar of type MOD with provider {mods folder locator at /Users/bowieconnors/Documents/GitHub/Instances/The-Forest---Development/mods}
[10:46:43] [main/INFO]: Found mod file BadMobs-1.20.1-19.0.4.jar of type MOD with provider {mods folder locator at /Users/bowieconnors/Documents/GitHub/Instances/The-Forest---Development/mods}
[10:46:43] [main/INFO]: Found mod file BadOptimizations-2.4.1-1.20.1.jar of type MOD with provider {mods folder locator at /Users/bowieconnors/Documents/GitHub/Instances/The-Forest---Development/mods}
[10:46:43] [main/INFO]: Found mod file balm-forge-1.20.1-7.3.42.jar of type MOD with provider {mods folder locator at /Users/bowieconnors/Documents/GitHub/Instances/The-Forest---Development/mods}
[10:46:43] [main/INFO]: Found mod file BetterCompatibilityChecker-forge-4.0.8+mc1.20.1.jar of type MOD with provider {mods folder locator at /Users/bowieconnors/Documents/GitHub/Instances/The-Forest---Development/mods}
[10:46:43] [main/INFO]: Found mod file betterdays-1.20.1-3.3.4.5-FORGE.jar of type MOD with provider {mods folder locator at /Users/bowieconnors/Documents/GitHub/Instances/The-Forest---Development/mods}
[10:46:43] [main/INFO]: Found mod file BetterThirdPerson-Forge-1.20-1.9.0.jar of type MOD with provider {mods folder locator at /Users/bowieconnors/Documents/GitHub/Instances/The-Forest---Development/mods}
[10:46:43] [main/INFO]: Found mod file biomemusic-1.20.1-4.1.jar of type MOD with provider {mods folder locator at /Users/bowieconnors/Documents/GitHub/Instances/The-Forest---Development/mods}
[10:46:43] [main/INFO]: Found mod file BiomeParticleWeather-v4.1.0-1.20.1-Forge.jar of type MOD with provider {mods folder locator at /Users/bowieconnors/Documents/GitHub/Instances/The-Forest---Development/mods}
[10:46:43] [main/INFO]: Found mod file biomereplacer-2.1-hippo-forge.jar of type MOD with provider {mods folder locator at /Users/bowieconnors/Documents/GitHub/Instances/The-Forest---Development/mods}
[10:46:43] [main/INFO]: Found mod file BiomesOPlenty-forge-1.20.1-19.0.0.96.jar of type MOD with provider {mods folder locator at /Users/bowieconnors/Documents/GitHub/Instances/The-Forest---Development/mods}
[10:46:43] [main/INFO]: Found mod file biomespawnpoint-1.20.1-2.4.jar of type MOD with provider {mods folder locator at /Users/bowieconnors/Documents/GitHub/Instances/The-Forest---Development/mods}
[10:46:43] [main/INFO]: Found mod file bloodybits-2.0.2-1.20.1.jar of type MOD with provider {mods folder locator at /Users/bowieconnors/Documents/GitHub/Instances/The-Forest---Development/mods}
[10:46:43] [main/INFO]: Found mod file bloodybitsfix-1.0.1.jar of type MOD with provider {mods folder locator at /Users/bowieconnors/Documents/GitHub/Instances/The-Forest---Development/mods}
[10:46:43] [main/INFO]: Found mod file Bookshelf-Forge-1.20.1-20.2.15.jar of type MOD with provider {mods folder locator at /Users/bowieconnors/Documents/GitHub/Instances/The-Forest---Development/mods}
[10:46:43] [main/INFO]: Found mod file butchery-5.2-forge-1.20.1.jar of type MOD with provider {mods folder locator at /Users/bowieconnors/Documents/GitHub/Instances/The-Forest---Development/mods}
[10:46:43] [main/INFO]: Found mod file butchery_alexs_mobs-1.0.1-BETA-forge-1.20.1.jar of type MOD with provider {mods folder locator at /Users/bowieconnors/Documents/GitHub/Instances/The-Forest---Development/mods}
[10:46:43] [main/INFO]: Found mod file CameraOverhaul-v2.1.1-forge+mc[1.20-1.20.5].jar of type MOD with provider {mods folder locator at /Users/bowieconnors/Documents/GitHub/Instances/The-Forest---Development/mods}
[10:46:43] [main/INFO]: Found mod file campsite_structures-1.20.1-FORGE-1.0.4.jar of type MOD with provider {mods folder locator at /Users/bowieconnors/Documents/GitHub/Instances/The-Forest---Development/mods}
[10:46:43] [main/INFO]: Found mod file cavedust-2.0.4-1.20.1-forge.jar of type MOD with provider {mods folder locator at /Users/bowieconnors/Documents/GitHub/Instances/The-Forest---Development/mods}
[10:46:43] [main/INFO]: Found mod file chat_heads-0.15.6-forge-1.20.jar of type MOD with provider {mods folder locator at /Users/bowieconnors/Documents/GitHub/Instances/The-Forest---Development/mods}
[10:46:43] [main/INFO]: Found mod file chatanimation-forge-1.3.0+mc1.20.1.jar of type MOD with provider {mods folder locator at /Users/bowieconnors/Documents/GitHub/Instances/The-Forest---Development/mods}
[10:46:43] [main/INFO]: Found mod file Chimes-v2.1.1-1.20.1-Forge.jar of type MOD with provider {mods folder locator at /Users/bowieconnors/Documents/GitHub/Instances/The-Forest---Development/mods}
[10:46:43] [main/INFO]: Found mod file chloride-FORGE-mc1.20.1-v1.8.1.jar of type MOD with provider {mods folder locator at /Users/bowieconnors/Documents/GitHub/Instances/The-Forest---Development/mods}
[10:46:43] [main/INFO]: Found mod file Chunky-1.3.146.jar of type MOD with provider {mods folder locator at /Users/bowieconnors/Documents/GitHub/Instances/The-Forest---Development/mods}
[10:46:43] [main/INFO]: Found mod file citadel-2.6.3-1.20.1.jar of type MOD with provider {mods folder locator at /Users/bowieconnors/Documents/GitHub/Instances/The-Forest---Development/mods}
[10:46:43] [main/INFO]: Found mod file cleanswing-1.20-1.8.jar of type MOD with provider {mods folder locator at /Users/bowieconnors/Documents/GitHub/Instances/The-Forest---Development/mods}
[10:46:43] [main/INFO]: Found mod file clientcrafting-1.20.1-2.1.jar of type MOD with provider {mods folder locator at /Users/bowieconnors/Documents/GitHub/Instances/The-Forest---Development/mods}
[10:46:43] [main/INFO]: Found mod file cloth-config-11.1.136-forge.jar of type MOD with provider {mods folder locator at /Users/bowieconnors/Documents/GitHub/Instances/The-Forest---Development/mods}
[10:46:43] [main/INFO]: Found mod file Clumps-forge-1.20.1-12.0.0.4.jar of type MOD with provider {mods folder locator at /Users/bowieconnors/Documents/GitHub/Instances/The-Forest---Development/mods}
[10:46:43] [main/INFO]: Found mod file collective-1.20.1-8.39.jar of type MOD with provider {mods folder locator at /Users/bowieconnors/Documents/GitHub/Instances/The-Forest---Development/mods}
[10:46:43] [main/INFO]: Found mod file comforts-forge-6.4.0+1.20.1.jar of type MOD with provider {mods folder locator at /Users/bowieconnors/Documents/GitHub/Instances/The-Forest---Development/mods}
[10:46:43] [main/INFO]: Found mod file configurableextramobdrops-1.20.1-3.7.jar of type MOD with provider {mods folder locator at /Users/bowieconnors/Documents/GitHub/Instances/The-Forest---Development/mods}
[10:46:43] [main/INFO]: Found mod file configured-forge-1.20.1-2.2.3.jar of type MOD with provider {mods folder locator at /Users/bowieconnors/Documents/GitHub/Instances/The-Forest---Development/mods}
[10:46:43] [main/INFO]: Found mod file connectivity-1.20.1-7.6.jar of type MOD with provider {mods folder locator at /Users/bowieconnors/Documents/GitHub/Instances/The-Forest---Development/mods}
[10:46:43] [main/INFO]: Found mod file Controlling-forge-1.20.1-12.0.2.jar of type MOD with provider {mods folder locator at /Users/bowieconnors/Documents/GitHub/Instances/The-Forest---Development/mods}
[10:46:43] [main/INFO]: Found mod file cookyourfood--mc1.20.1--1.11.jar of type MOD with provider {mods folder locator at /Users/bowieconnors/Documents/GitHub/Instances/The-Forest---Development/mods}
[10:46:43] [main/INFO]: Found mod file coroutil-forge-1.20.1-1.3.7.jar of type MOD with provider {mods folder locator at /Users/bowieconnors/Documents/GitHub/Instances/The-Forest---Development/mods}
[10:46:43] [main/INFO]: Found mod file cosycritters-0.3.3+1.20.1-forge.jar of type MOD with provider {mods folder locator at /Users/bowieconnors/Documents/GitHub/Instances/The-Forest---Development/mods}
[10:46:43] [main/INFO]: Found mod file CraftTweaker-forge-1.20.1-14.0.60.jar of type MOD with provider {mods folder locator at /Users/bowieconnors/Documents/GitHub/Instances/The-Forest---Development/mods}
[10:46:43] [main/INFO]: Found mod file CreativeCore_FORGE_v2.12.39_mc1.20.1.jar of type MOD with provider {mods folder locator at /Users/bowieconnors/Documents/GitHub/Instances/The-Forest---Development/mods}
[10:46:43] [main/INFO]: Found mod file CTM-1.20.1-1.1.10.jar of type MOD with provider {mods folder locator at /Users/bowieconnors/Documents/GitHub/Instances/The-Forest---Development/mods}
[10:46:43] [main/INFO]: Found mod file cupboard-1.20.1-4.0.jar of type MOD with provider {mods folder locator at /Users/bowieconnors/Documents/GitHub/Instances/The-Forest---Development/mods}
[10:46:43] [main/INFO]: Found mod file curios-forge-5.14.1+1.20.1.jar of type MOD with provider {mods folder locator at /Users/bowieconnors/Documents/GitHub/Instances/The-Forest---Development/mods}
[10:46:43] [main/INFO]: Found mod file CustomStartingGear-1.20-2.0.3.jar of type MOD with provider {mods folder locator at /Users/bowieconnors/Documents/GitHub/Instances/The-Forest---Development/mods}
[10:46:43] [main/INFO]: Found mod file darkness-forge-1.20.1-2.0.103-fork.jar of type MOD with provider {mods folder locator at /Users/bowieconnors/Documents/GitHub/Instances/The-Forest---Development/mods}
[10:46:43] [main/INFO]: Found mod file DayCount-1.6.0-Forge-mc1.20.jar of type MOD with provider {mods folder locator at /Users/bowieconnors/Documents/GitHub/Instances/The-Forest---Development/mods}
[10:46:43] [main/INFO]: Found mod file defaultoptions-forge-1.20.1-18.0.5.jar of type MOD with provider {mods folder locator at /Users/bowieconnors/Documents/GitHub/Instances/The-Forest---Development/mods}
[10:46:43] [main/INFO]: Found mod file DefaultWorldType-1.20.1-4.0.5.jar of type MOD with provider {mods folder locator at /Users/bowieconnors/Documents/GitHub/Instances/The-Forest---Development/mods}
[10:46:43] [main/INFO]: Found mod file Drip Sounds-0.5.2+1.20.4-Forge.jar of type MOD with provider {mods folder locator at /Users/bowieconnors/Documents/GitHub/Instances/The-Forest---Development/mods}
[10:46:43] [main/INFO]: Found mod file drippyloadingscreen_forge_3.1.0_MC_1.20.1.jar of type MOD with provider {mods folder locator at /Users/bowieconnors/Documents/GitHub/Instances/The-Forest---Development/mods}
[10:46:43] [main/INFO]: Found mod file dynamic-fps-3.11.4+minecraft-1.20.0-forge.jar of type MOD with provider {mods folder locator at /Users/bowieconnors/Documents/GitHub/Instances/The-Forest---Development/mods}
[10:46:43] [main/INFO]: Found mod file eatinganimation-1.20.1-5.1.0.jar of type MOD with provider {mods folder locator at /Users/bowieconnors/Documents/GitHub/Instances/The-Forest---Development/mods}
[10:46:43] [main/INFO]: Found mod file embeddium-0.3.31+mc1.20.1.jar of type MOD with provider {mods folder locator at /Users/bowieconnors/Documents/GitHub/Instances/The-Forest---Development/mods}
[10:46:43] [main/INFO]: Found mod file EnhancedVisuals_FORGE_v1.8.29_mc1.20.1.jar of type MOD with provider {mods folder locator at /Users/bowieconnors/Documents/GitHub/Instances/The-Forest---Development/mods}
[10:46:43] [main/INFO]: Found mod file entity_model_features-3.2.4-1.20.1-forge.jar of type MOD with provider {mods folder locator at /Users/bowieconnors/Documents/GitHub/Instances/The-Forest---Development/mods}
[10:46:43] [main/INFO]: Found mod file entity_texture_features_1.20.1-forge-7.1.jar of type MOD with provider {mods folder locator at /Users/bowieconnors/Documents/GitHub/Instances/The-Forest---Development/mods}
[10:46:43] [main/INFO]: Found mod file entityculling-forge-1.10.5-mc1.20.1.jar of type MOD with provider {mods folder locator at /Users/bowieconnors/Documents/GitHub/Instances/The-Forest---Development/mods}
[10:46:43] [main/INFO]: Found mod file epicdeathscreen-forge-1.20.1-1.0.0.jar of type MOD with provider {mods folder locator at /Users/bowieconnors/Documents/GitHub/Instances/The-Forest---Development/mods}
[10:46:43] [main/INFO]: Found mod file essentialpatcher-1.20.1-Forge-1.0.5.jar of type MOD with provider {mods folder locator at /Users/bowieconnors/Documents/GitHub/Instances/The-Forest---Development/mods}
[10:46:43] [main/INFO]: Found mod file experimentalsettingsdisabler-1.20.1-3.0.jar of type MOD with provider {mods folder locator at /Users/bowieconnors/Documents/GitHub/Instances/The-Forest---Development/mods}
[10:46:43] [main/INFO]: Found mod file exposure-1.20.1-1.7.16-forge.jar of type MOD with provider {mods folder locator at /Users/bowieconnors/Documents/GitHub/Instances/The-Forest---Development/mods}
[10:46:43] [main/INFO]: Found mod file EyesInTheDarkness-1.20.1-1.3.10.jar of type MOD with provider {mods folder locator at /Users/bowieconnors/Documents/GitHub/Instances/The-Forest---Development/mods}
[10:46:43] [main/INFO]: Found mod file fabric-api-0.92.6+1.11.15+1.20.1.jar of type MOD with provider {mods folder locator at /Users/bowieconnors/Documents/GitHub/Instances/The-Forest---Development/mods}
[10:46:43] [main/INFO]: Found mod file FallingTree-1.20.1-4.3.4.jar of type MOD with provider {mods folder locator at /Users/bowieconnors/Documents/GitHub/Instances/The-Forest---Development/mods}
[10:46:43] [main/INFO]: Found mod file fancymenu_forge_3.8.1_MC_1.20.1.jar of type MOD with provider {mods folder locator at /Users/bowieconnors/Documents/GitHub/Instances/The-Forest---Development/mods}
[10:46:43] [main/INFO]: Found mod file fancytoasts-forge-1.20.1-1.4.7.jar of type MOD with provider {mods folder locator at /Users/bowieconnors/Documents/GitHub/Instances/The-Forest---Development/mods}
[10:46:43] [main/INFO]: Found mod file FarmersDelight-1.20.1-1.3.2.jar of type MOD with provider {mods folder locator at /Users/bowieconnors/Documents/GitHub/Instances/The-Forest---Development/mods}
[10:46:43] [main/INFO]: Found mod file fastasyncworldsave-1.20.1-2.6.jar of type MOD with provider {mods folder locator at /Users/bowieconnors/Documents/GitHub/Instances/The-Forest---Development/mods}
[10:46:43] [main/INFO]: Found mod file FastFurnace-1.20.1-8.0.2.jar of type MOD with provider {mods folder locator at /Users/bowieconnors/Documents/GitHub/Instances/The-Forest---Development/mods}
[10:46:43] [main/INFO]: Found mod file FastWorkbench-1.20.1-8.0.4.jar of type MOD with provider {mods folder locator at /Users/bowieconnors/Documents/GitHub/Instances/The-Forest---Development/mods}
[10:46:43] [main/INFO]: Found mod file ferritecore-6.0.1-forge.jar of type MOD with provider {mods folder locator at /Users/bowieconnors/Documents/GitHub/Instances/The-Forest---Development/mods}
[10:46:43] [main/INFO]: Found mod file firstperson-forge-2.7.2-mc1.20.1.jar of type MOD with provider {mods folder locator at /Users/bowieconnors/Documents/GitHub/Instances/The-Forest---Development/mods}
[10:46:43] [main/INFO]: Found mod file fishingreal-forge-1.20.1-1.9.1-backport.jar of type MOD with provider {mods folder locator at /Users/bowieconnors/Documents/GitHub/Instances/The-Forest---Development/mods}
[10:46:43] [main/INFO]: Found mod file Fog-forge-1.5.3-1.20.1.jar of type MOD with provider {mods folder locator at /Users/bowieconnors/Documents/GitHub/Instances/The-Forest---Development/mods}
[10:46:43] [main/INFO]: Found mod file footprintparticle-0.5.4b-mc1.20(.1).jar of type MOD with provider {mods folder locator at /Users/bowieconnors/Documents/GitHub/Instances/The-Forest---Development/mods}
[10:46:43] [main/INFO]: Found mod file framework-forge-1.20.1-0.8.0.jar of type MOD with provider {mods folder locator at /Users/bowieconnors/Documents/GitHub/Instances/The-Forest---Development/mods}
[10:46:43] [main/INFO]: Found mod file ftb-library-forge-2001.2.13.jar of type MOD with provider {mods folder locator at /Users/bowieconnors/Documents/GitHub/Instances/The-Forest---Development/mods}
[10:46:43] [main/INFO]: Found mod file ftb-ultimine-forge-2001.1.8.jar of type MOD with provider {mods folder locator at /Users/bowieconnors/Documents/GitHub/Instances/The-Forest---Development/mods}
[10:46:43] [main/INFO]: Found mod file fusion-1.3.12-forge-mc1.20.1.jar of type MOD with provider {mods folder locator at /Users/bowieconnors/Documents/GitHub/Instances/The-Forest---Development/mods}
[10:46:43] [main/INFO]: Found mod file fzzy_config-0.7.6+1.20.1+forge.jar of type MOD with provider {mods folder locator at /Users/bowieconnors/Documents/GitHub/Instances/The-Forest---Development/mods}
[10:46:43] [main/INFO]: Found mod file geckolib-forge-1.20.1-4.8.4.jar of type MOD with provider {mods folder locator at /Users/bowieconnors/Documents/GitHub/Instances/The-Forest---Development/mods}
[10:46:43] [main/INFO]: Found mod file GlitchCore-forge-1.20.1-0.0.1.1.jar of type MOD with provider {mods folder locator at /Users/bowieconnors/Documents/GitHub/Instances/The-Forest---Development/mods}
[10:46:43] [main/INFO]: Found mod file gml-4.0.11-all.jar of type LANGPROVIDER with provider {mods folder locator at /Users/bowieconnors/Documents/GitHub/Instances/The-Forest---Development/mods}
[10:46:43] [main/INFO]: Found mod file gpumemleakfix-1.20.1-1.8.jar of type MOD with provider {mods folder locator at /Users/bowieconnors/Documents/GitHub/Instances/The-Forest---Development/mods}
[10:46:43] [main/INFO]: Found mod file HQM-1.20.1-5.16.0-forge.jar of type MOD with provider {mods folder locator at /Users/bowieconnors/Documents/GitHub/Instances/The-Forest---Development/mods}
[10:46:43] [main/INFO]: Found mod file ImmediatelyFast-Forge-1.5.5+1.20.4.jar of type MOD with provider {mods folder locator at /Users/bowieconnors/Documents/GitHub/Instances/The-Forest---Development/mods}
[10:46:43] [main/INFO]: Found mod file immersive_weathering-1.20.1-2.0.5-forge.jar of type MOD with provider {mods folder locator at /Users/bowieconnors/Documents/GitHub/Instances/The-Forest---Development/mods}
[10:46:43] [main/INFO]: Found mod file immersivemessages-forge-1.0.18-1.20.1.jar of type MOD with provider {mods folder locator at /Users/bowieconnors/Documents/GitHub/Instances/The-Forest---Development/mods}
[10:46:43] [main/INFO]: Found mod file InventoryParticles-2.6.0+1.20.1+forge.jar of type MOD with provider {mods folder locator at /Users/bowieconnors/Documents/GitHub/Instances/The-Forest---Development/mods}
[10:46:43] [main/INFO]: Found mod file InvMove-0.9.3+1.20.1-Forge.jar of type MOD with provider {mods folder locator at /Users/bowieconnors/Documents/GitHub/Instances/The-Forest---Development/mods}
[10:46:43] [main/INFO]: Found mod file ItemPhysic_FORGE_v1.8.13_mc1.20.1.jar of type MOD with provider {mods folder locator at /Users/bowieconnors/Documents/GitHub/Instances/The-Forest---Development/mods}
[10:46:43] [main/INFO]: Found mod file jei-1.20.1-forge-15.20.0.112.jar of type MOD with provider {mods folder locator at /Users/bowieconnors/Documents/GitHub/Instances/The-Forest---Development/mods}
[10:46:43] [main/INFO]: Found mod file JustEnoughResources-1.20.1-1.4.0.247.jar of type MOD with provider {mods folder locator at /Users/bowieconnors/Documents/GitHub/Instances/The-Forest---Development/mods}
[10:46:43] [main/INFO]: Found mod file justzoom_forge_2.1.1_MC_1.20.1.jar of type MOD with provider {mods folder locator at /Users/bowieconnors/Documents/GitHub/Instances/The-Forest---Development/mods}
[10:46:43] [main/INFO]: Found mod file Kiwi-1.20.1-Forge-11.10.3.jar of type MOD with provider {mods folder locator at /Users/bowieconnors/Documents/GitHub/Instances/The-Forest---Development/mods}
[10:46:43] [main/INFO]: Found mod file kleeslabs-forge-1.20.1-15.0.12.jar of type MOD with provider {mods folder locator at /Users/bowieconnors/Documents/GitHub/Instances/The-Forest---Development/mods}
[10:46:43] [main/INFO]: Found mod file konkrete_forge_1.8.0_MC_1.20-1.20.1.jar of type MOD with provider {mods folder locator at /Users/bowieconnors/Documents/GitHub/Instances/The-Forest---Development/mods}
[10:46:43] [main/INFO]: Found mod file kotlinforforge-4.12.0-all.jar of type LIBRARY with provider {mods folder locator at /Users/bowieconnors/Documents/GitHub/Instances/The-Forest---Development/mods}
[10:46:43] [main/INFO]: Found mod file Ksyxis-1.4.3.jar of type MOD with provider {mods folder locator at /Users/bowieconnors/Documents/GitHub/Instances/The-Forest---Development/mods}
[10:46:43] [main/INFO]: Found mod file kubejs-forge-2001.6.5-build.16.jar of type MOD with provider {mods folder locator at /Users/bowieconnors/Documents/GitHub/Instances/The-Forest---Development/mods}
[10:46:43] [main/INFO]: Found mod file LeavesBeGone-v8.0.0-1.20.1-Forge.jar of type MOD with provider {mods folder locator at /Users/bowieconnors/Documents/GitHub/Instances/The-Forest---Development/mods}
[10:46:43] [main/INFO]: Found mod file letmedespawn-1.20.x-forge-1.5.0.jar of type MOD with provider {mods folder locator at /Users/bowieconnors/Documents/GitHub/Instances/The-Forest---Development/mods}
[10:46:43] [main/INFO]: Found mod file lexiconfig-forge-1.4.21-epic.jar of type MOD with provider {mods folder locator at /Users/bowieconnors/Documents/GitHub/Instances/The-Forest---Development/mods}
[10:46:43] [main/INFO]: Found mod file lithostitched-forge-1.20.1-1.4.11.jar of type MOD with provider {mods folder locator at /Users/bowieconnors/Documents/GitHub/Instances/The-Forest---Development/mods}
[10:46:43] [main/INFO]: Found mod file lmft-1.0.4+1.20.1-forge.jar of type MOD with provider {mods folder locator at /Users/bowieconnors/Documents/GitHub/Instances/The-Forest---Development/mods}
[10:46:43] [main/INFO]: Found mod file Longwings-v0.9.5-1.20.1-Forge.jar of type MOD with provider {mods folder locator at /Users/bowieconnors/Documents/GitHub/Instances/The-Forest---Development/mods}
[10:46:43] [main/INFO]: Found mod file map_atlases-1.20-6.0.20.jar of type MOD with provider {mods folder locator at /Users/bowieconnors/Documents/GitHub/Instances/The-Forest---Development/mods}
[10:46:43] [main/INFO]: Found mod file matmos_tct-7.7-forge-1.20.1.jar of type MOD with provider {mods folder locator at /Users/bowieconnors/Documents/GitHub/Instances/The-Forest---Development/mods}
[10:46:43] [main/INFO]: Found mod file MaxHealthFix-Forge-1.20.1-12.0.4.jar of type MOD with provider {mods folder locator at /Users/bowieconnors/Documents/GitHub/Instances/The-Forest---Development/mods}
[10:46:43] [main/INFO]: Found mod file mcw-bridges-3.1.2-mc1.20.1forge.jar of type MOD with provider {mods folder locator at /Users/bowieconnors/Documents/GitHub/Instances/The-Forest---Development/mods}
[10:46:43] [main/INFO]: Found mod file mcwbiomesoplenty-1.20.1-1.6.jar of type MOD with provider {mods folder locator at /Users/bowieconnors/Documents/GitHub/Instances/The-Forest---Development/mods}
[10:46:43] [main/INFO]: Found mod file melody_forge_1.0.3_MC_1.20.1-1.20.4.jar of type MOD with provider {mods folder locator at /Users/bowieconnors/Documents/GitHub/Instances/The-Forest---Development/mods}
[10:46:43] [main/INFO]: Found mod file minecraft_gore_edition-0.5-forge-1.20.1d.jar of type MOD with provider {mods folder locator at /Users/bowieconnors/Documents/GitHub/Instances/The-Forest---Development/mods}
[10:46:43] [main/INFO]: Found mod file mnightmares-1.0+forge.1.20.1.jar of type MOD with provider {mods folder locator at /Users/bowieconnors/Documents/GitHub/Instances/The-Forest---Development/mods}
[10:46:43] [main/INFO]: Found mod file mobtimizations-forge-1.20.1-1.0.1.jar of type MOD with provider {mods folder locator at /Users/bowieconnors/Documents/GitHub/Instances/The-Forest---Development/mods}
[10:46:43] [main/INFO]: Found mod file modernfix-forge-5.27.72+mc1.20.1.jar of type MOD with provider {mods folder locator at /Users/bowieconnors/Documents/GitHub/Instances/The-Forest---Development/mods}
[10:46:43] [main/INFO]: Found mod file modernworldcreation_forge_2.0.2_MC_1.20.1.jar of type MOD with provider {mods folder locator at /Users/bowieconnors/Documents/GitHub/Instances/The-Forest---Development/mods}
[10:46:43] [main/INFO]: Found mod file moonlight-1.20-2.16.34-forge.jar of type MOD with provider {mods folder locator at /Users/bowieconnors/Documents/GitHub/Instances/The-Forest---Development/mods}
[10:46:43] [main/INFO]: Found mod file MossyLib-1.5.0+1.20.1+forge.jar of type MOD with provider {mods folder locator at /Users/bowieconnors/Documents/GitHub/Instances/The-Forest---Development/mods}
[10:46:43] [main/INFO]: Found mod file MouseTweaks-forge-mc1.20.1-2.25.1.jar of type MOD with provider {mods folder locator at /Users/bowieconnors/Documents/GitHub/Instances/The-Forest---Development/mods}
[10:46:43] [main/INFO]: Found mod file MRU-1.0.4+1.20.1+forge.jar of type MOD with provider {mods folder locator at /Users/bowieconnors/Documents/GitHub/Instances/The-Forest---Development/mods}
[10:46:43] [main/INFO]: Found mod file naturalist-5.0pre2+forge-1.20.1.jar of type MOD with provider {mods folder locator at /Users/bowieconnors/Documents/GitHub/Instances/The-Forest---Development/mods}
[10:46:43] [main/INFO]: Found mod file Necronomicon-Forge-1.6.0+1.20.1.jar of type MOD with provider {mods folder locator at /Users/bowieconnors/Documents/GitHub/Instances/The-Forest---Development/mods}
[10:46:43] [main/INFO]: Found mod file Neruina-2.1.2-forge+1.20.1.jar of type MOD with provider {mods folder locator at /Users/bowieconnors/Documents/GitHub/Instances/The-Forest---Development/mods}
[10:46:43] [main/INFO]: Found mod file NoChatRestrictions-Forge-MC1.20.1-v1.0.0.jar of type MOD with provider {mods folder locator at /Users/bowieconnors/Documents/GitHub/Instances/The-Forest---Development/mods}
[10:46:43] [main/INFO]: Found mod file nof3-1.0.0.jar of type MOD with provider {mods folder locator at /Users/bowieconnors/Documents/GitHub/Instances/The-Forest---Development/mods}
[10:46:43] [main/INFO]: Found mod file Not Enough Recipe Book-FORGE-0.4.1+1.20.1.jar of type MOD with provider {mods folder locator at /Users/bowieconnors/Documents/GitHub/Instances/The-Forest---Development/mods}
[10:46:43] [main/INFO]: Found mod file notenoughanimations-forge-1.12.4-mc1.20.1.jar of type MOD with provider {mods folder locator at /Users/bowieconnors/Documents/GitHub/Instances/The-Forest---Development/mods}
[10:46:43] [main/INFO]: Found mod file nyfsspiders-Forge-1.20.1-3.0.1.jar of type MOD with provider {mods folder locator at /Users/bowieconnors/Documents/GitHub/Instances/The-Forest---Development/mods}
[10:46:43] [main/INFO]: Found mod file OctoLib-FORGE-0.5.0.1+1.20.1.jar of type MOD with provider {mods folder locator at /Users/bowieconnors/Documents/GitHub/Instances/The-Forest---Development/mods}
[10:46:43] [main/INFO]: Found mod file omegaflashlight-0.7.6-1.20.1.jar of type MOD with provider {mods folder locator at /Users/bowieconnors/Documents/GitHub/Instances/The-Forest---Development/mods}
[10:46:43] [main/INFO]: Found mod file optileaves-1.20.x-1.2.jar of type MOD with provider {mods folder locator at /Users/bowieconnors/Documents/GitHub/Instances/The-Forest---Development/mods}
[10:46:43] [main/INFO]: Found mod file packetfixer-3.3.2-1.18-1.20.4-merged.jar of type MOD with provider {mods folder locator at /Users/bowieconnors/Documents/GitHub/Instances/The-Forest---Development/mods}
[10:46:43] [main/INFO]: Found mod file Pale_Hound-1.20.1-1.10.0.jar of type MOD with provider {mods folder locator at /Users/bowieconnors/Documents/GitHub/Instances/The-Forest---Development/mods}
[10:46:43] [main/INFO]: Found mod file paranormal_activity-1.3.1-1.20.1.jar of type MOD with provider {mods folder locator at /Users/bowieconnors/Documents/GitHub/Instances/The-Forest---Development/mods}
[10:46:43] [main/INFO]: Found mod file particle_core-0.3.3+1.20.1+forge.jar of type MOD with provider {mods folder locator at /Users/bowieconnors/Documents/GitHub/Instances/The-Forest---Development/mods}
[10:46:43] [main/INFO]: Found mod file particlerain-4.0.0-beta.10+1.20.1-forge.jar of type MOD with provider {mods folder locator at /Users/bowieconnors/Documents/GitHub/Instances/The-Forest---Development/mods}
[10:46:43] [main/INFO]: Found mod file Paxi-1.20-Forge-4.0.jar of type MOD with provider {mods folder locator at /Users/bowieconnors/Documents/GitHub/Instances/The-Forest---Development/mods}
[10:46:43] [main/INFO]: Found mod file Placebo-1.20.1-8.6.3.jar of type MOD with provider {mods folder locator at /Users/bowieconnors/Documents/GitHub/Instances/The-Forest---Development/mods}
[10:46:43] [main/INFO]: Found mod file player-animation-lib-forge-1.0.2-rc1+1.20.jar of type MOD with provider {mods folder locator at /Users/bowieconnors/Documents/GitHub/Instances/The-Forest---Development/mods}
[10:46:43] [main/INFO]: Found mod file polymorph-forge-0.49.10+1.20.1.jar of type MOD with provider {mods folder locator at /Users/bowieconnors/Documents/GitHub/Instances/The-Forest---Development/mods}
[10:46:43] [main/INFO]: Found mod file polytone-1.20-3.5.26.jar of type MOD with provider {mods folder locator at /Users/bowieconnors/Documents/GitHub/Instances/The-Forest---Development/mods}
[10:46:43] [main/INFO]: Found mod file PresenceFootsteps-1.20.1-1.9.1-beta.1.jar of type MOD with provider {mods folder locator at /Users/bowieconnors/Documents/GitHub/Instances/The-Forest---Development/mods}
[10:46:43] [main/INFO]: Found mod file PuzzlesLib-v8.1.33-1.20.1-Forge.jar of type MOD with provider {mods folder locator at /Users/bowieconnors/Documents/GitHub/Instances/The-Forest---Development/mods}
[10:46:43] [main/INFO]: Found mod file radium-mc1.20.1-0.12.4+git.26c9d8e.jar of type MOD with provider {mods folder locator at /Users/bowieconnors/Documents/GitHub/Instances/The-Forest---Development/mods}
[10:46:43] [main/INFO]: Found mod file random_advancement-forge-1.20.1-1.0.0.jar of type MOD with provider {mods folder locator at /Users/bowieconnors/Documents/GitHub/Instances/The-Forest---Development/mods}
[10:46:43] [main/INFO]: Found mod file reactivemusic-forge-1.3.5+1.20.1.jar of type MOD with provider {mods folder locator at /Users/bowieconnors/Documents/GitHub/Instances/The-Forest---Development/mods}
[10:46:43] [main/INFO]: Found mod file refurbished_furniture-forge-1.20.1-1.0.20.jar of type MOD with provider {mods folder locator at /Users/bowieconnors/Documents/GitHub/Instances/The-Forest---Development/mods}
[10:46:43] [main/INFO]: Found mod file resourcefulconfig-forge-1.20.1-2.1.3.jar of type MOD with provider {mods folder locator at /Users/bowieconnors/Documents/GitHub/Instances/The-Forest---Development/mods}
[10:46:43] [main/INFO]: Found mod file rhino-forge-2001.2.3-build.10.jar of type MOD with provider {mods folder locator at /Users/bowieconnors/Documents/GitHub/Instances/The-Forest---Development/mods}
[10:46:43] [main/INFO]: Found mod file rmh-forge-1.20.1-1.1.2.jar of type MOD with provider {mods folder locator at /Users/bowieconnors/Documents/GitHub/Instances/The-Forest---Development/mods}
[10:46:43] [main/INFO]: Found mod file Searchables-forge-1.20.1-1.0.3.jar of type MOD with provider {mods folder locator at /Users/bowieconnors/Documents/GitHub/Instances/The-Forest---Development/mods}
[10:46:43] [main/INFO]: Found mod file SereneSeasons-forge-1.20.1-9.1.0.3.jar of type MOD with provider {mods folder locator at /Users/bowieconnors/Documents/GitHub/Instances/The-Forest---Development/mods}
[10:46:43] [main/INFO]: Found mod file simpleradio-forge-1.20.1-4.5.7.9.jar of type MOD with provider {mods folder locator at /Users/bowieconnors/Documents/GitHub/Instances/The-Forest---Development/mods}
[10:46:43] [main/INFO]: Found mod file skinlayers3d-forge-1.11.2-mc1.20.1.jar of type MOD with provider {mods folder locator at /Users/bowieconnors/Documents/GitHub/Instances/The-Forest---Development/mods}
[10:46:43] [main/INFO]: Found mod file SmartBrainLib-forge-1.20.1-1.15.jar of type MOD with provider {mods folder locator at /Users/bowieconnors/Documents/GitHub/Instances/The-Forest---Development/mods}
[10:46:43] [main/INFO]: Found mod file smoothchunk-1.20.1-4.1.jar of type MOD with provider {mods folder locator at /Users/bowieconnors/Documents/GitHub/Instances/The-Forest---Development/mods}
[10:46:43] [main/INFO]: Found mod file smoothswapping-0.9.3.2-1.20.1-forge.jar of type MOD with provider {mods folder locator at /Users/bowieconnors/Documents/GitHub/Instances/The-Forest---Development/mods}
[10:46:43] [main/INFO]: Found mod file SnowRealMagic-1.20.1-Forge-10.7.0.jar of type MOD with provider {mods folder locator at /Users/bowieconnors/Documents/GitHub/Instances/The-Forest---Development/mods}
[10:46:43] [main/INFO]: Found mod file snowundertrees-1.20.1-1.4.12.jar of type MOD with provider {mods folder locator at /Users/bowieconnors/Documents/GitHub/Instances/The-Forest---Development/mods}
[10:46:43] [main/INFO]: Found mod file sodiumdynamiclights-forge-1.0.10-1.20.1.jar of type MOD with provider {mods folder locator at /Users/bowieconnors/Documents/GitHub/Instances/The-Forest---Development/mods}
[10:46:43] [main/INFO]: Found mod file sodiumoptionsapi-forge-1.0.10-1.20.1.jar of type MOD with provider {mods folder locator at /Users/bowieconnors/Documents/GitHub/Instances/The-Forest---Development/mods}
[10:46:43] [main/INFO]: Found mod file sound-physics-remastered-forge-1.20.1-1.5.1.jar of type MOD with provider {mods folder locator at /Users/bowieconnors/Documents/GitHub/Instances/The-Forest---Development/mods}
[10:46:43] [main/INFO]: Found mod file soundofrain-0.6.0.jar of type MOD with provider {mods folder locator at /Users/bowieconnors/Documents/GitHub/Instances/The-Forest---Development/mods}
[10:46:43] [main/INFO]: Found mod file Sounds-2.2.1+1.20.1+forge.jar of type MOD with provider {mods folder locator at /Users/bowieconnors/Documents/GitHub/Instances/The-Forest---Development/mods}
[10:46:43] [main/INFO]: Found mod file sounds_of_the_forest-1.0.2-forge-1.20.1.jar of type MOD with provider {mods folder locator at /Users/bowieconnors/Documents/GitHub/Instances/The-Forest---Development/mods}
[10:46:43] [main/INFO]: Found mod file spark-1.10.53-forge.jar of type MOD with provider {mods folder locator at /Users/bowieconnors/Documents/GitHub/Instances/The-Forest---Development/mods}
[10:46:43] [main/INFO]: Found mod file spelunkers_charm-3.6.0-1.20.1.jar of type MOD with provider {mods folder locator at /Users/bowieconnors/Documents/GitHub/Instances/The-Forest---Development/mods}
[10:46:43] [main/INFO]: Found mod file sscarekindled-1.1.0-1.20.1.jar of type MOD with provider {mods folder locator at /Users/bowieconnors/Documents/GitHub/Instances/The-Forest---Development/mods}
[10:46:43] [main/INFO]: Found mod file starlight-1.1.2+forge.1cda73c.jar of type MOD with provider {mods folder locator at /Users/bowieconnors/Documents/GitHub/Instances/The-Forest---Development/mods}
[10:46:43] [main/INFO]: Found mod file starterstructure-1.20.1-4.2.jar of type MOD with provider {mods folder locator at /Users/bowieconnors/Documents/GitHub/Instances/The-Forest---Development/mods}
[10:46:43] [main/INFO]: Found mod file stop_placing_offhand_torches-alpha-0.1.0.jar of type MOD with provider {mods folder locator at /Users/bowieconnors/Documents/GitHub/Instances/The-Forest---Development/mods}
[10:46:43] [main/INFO]: Found mod file structure_layout_optimizer-forge-1.0.11.jar of type MOD with provider {mods folder locator at /Users/bowieconnors/Documents/GitHub/Instances/The-Forest---Development/mods}
[10:46:43] [main/INFO]: Found mod file structureessentials-1.20.1-5.0.jar of type MOD with provider {mods folder locator at /Users/bowieconnors/Documents/GitHub/Instances/The-Forest---Development/mods}
[10:46:43] [main/INFO]: Found mod file structurify-forge-2.0.33+mc1.20.1.jar of type MOD with provider {mods folder locator at /Users/bowieconnors/Documents/GitHub/Instances/The-Forest---Development/mods}
[10:46:43] [main/INFO]: Found mod file SubtleEffects-forge-1.20.1-1.14.3.jar of type MOD with provider {mods folder locator at /Users/bowieconnors/Documents/GitHub/Instances/The-Forest---Development/mods}
[10:46:43] [main/INFO]: Found mod file tacz-1.20.1-1.1.8-hotfix.jar of type MOD with provider {mods folder locator at /Users/bowieconnors/Documents/GitHub/Instances/The-Forest---Development/mods}
[10:46:43] [main/INFO]: Found mod file tctcore-2.3-forge-1.20.1.jar of type MOD with provider {mods folder locator at /Users/bowieconnors/Documents/GitHub/Instances/The-Forest---Development/mods}
[10:46:43] [main/INFO]: Found mod file TerraBlender-forge-1.20.1-3.0.1.10.jar of type MOD with provider {mods folder locator at /Users/bowieconnors/Documents/GitHub/Instances/The-Forest---Development/mods}
[10:46:43] [main/INFO]: Found mod file Terralith_1.20.x_v2.5.4.jar of type MOD with provider {mods folder locator at /Users/bowieconnors/Documents/GitHub/Instances/The-Forest---Development/mods}
[10:46:43] [main/INFO]: Found mod file The-Stalker-perk_twixxel-1.20.1.jar of type MOD with provider {mods folder locator at /Users/bowieconnors/Documents/GitHub/Instances/The-Forest---Development/mods}
[10:46:43] [main/INFO]: Found mod file the_knocker-1.5.2-forge-1.20.1.jar of type MOD with provider {mods folder locator at /Users/bowieconnors/Documents/GitHub/Instances/The-Forest---Development/mods}
[10:46:43] [main/INFO]: Found mod file the_masked-5.2.0-1.20.1.jar of type MOD with provider {mods folder locator at /Users/bowieconnors/Documents/GitHub/Instances/The-Forest---Development/mods}
[10:46:43] [main/INFO]: Found mod file ThirstyBottles-Forge-1.20.1-7.0.3.jar of type MOD with provider {mods folder locator at /Users/bowieconnors/Documents/GitHub/Instances/The-Forest---Development/mods}
[10:46:43] [main/INFO]: Found mod file ThisRocks-1.20.1-1.5.1.jar of type MOD with provider {mods folder locator at /Users/bowieconnors/Documents/GitHub/Instances/The-Forest---Development/mods}
[10:46:43] [main/INFO]: Found mod file tooltipoverhaul-forge-1.20.1-1.5.2.jar of type MOD with provider {mods folder locator at /Users/bowieconnors/Documents/GitHub/Instances/The-Forest---Development/mods}
[10:46:43] [main/INFO]: Found mod file txnilib-forge-1.0.24-1.20.1.jar of type MOD with provider {mods folder locator at /Users/bowieconnors/Documents/GitHub/Instances/The-Forest---Development/mods}
[10:46:43] [main/INFO]: Found mod file UndergroundBunkers-1.0.5-1.20.x-forge.jar of type MOD with provider {mods folder locator at /Users/bowieconnors/Documents/GitHub/Instances/The-Forest---Development/mods}
[10:46:43] [main/INFO]: Found mod file verdantvibes-1.0.3-1.20.1.jar of type MOD with provider {mods folder locator at /Users/bowieconnors/Documents/GitHub/Instances/The-Forest---Development/mods}
[10:46:43] [main/INFO]: Found mod file visual_keybinder-1.20.1 - 0.1.12.jar of type MOD with provider {mods folder locator at /Users/bowieconnors/Documents/GitHub/Instances/The-Forest---Development/mods}
[10:46:43] [main/INFO]: Found mod file visualhealth-forge-1.20.1-2.0.3.jar of type MOD with provider {mods folder locator at /Users/bowieconnors/Documents/GitHub/Instances/The-Forest---Development/mods}
[10:46:43] [main/INFO]: Found mod file vminus-3.3.2.jar of type MOD with provider {mods folder locator at /Users/bowieconnors/Documents/GitHub/Instances/The-Forest---Development/mods}
[10:46:43] [main/INFO]: Found mod file voicechat-forge-1.20.1-2.6.22.jar of type MOD with provider {mods folder locator at /Users/bowieconnors/Documents/GitHub/Instances/The-Forest---Development/mods}
[10:46:43] [main/INFO]: Found mod file VoidFog-1.20.1-2.0.23.jar of type MOD with provider {mods folder locator at /Users/bowieconnors/Documents/GitHub/Instances/The-Forest---Development/mods}
[10:46:43] [main/INFO]: Found mod file walkietalkie-forge-1.20.1-1.3.0.jar of type MOD with provider {mods folder locator at /Users/bowieconnors/Documents/GitHub/Instances/The-Forest---Development/mods}
[10:46:43] [main/INFO]: Found mod file watut-forge-1.20.1-1.2.3.jar of type MOD with provider {mods folder locator at /Users/bowieconnors/Documents/GitHub/Instances/The-Forest---Development/mods}
[10:46:43] [main/INFO]: Found mod file WhisperingSpirits-forge-1.20.1-v1.4.0.jar of type MOD with provider {mods folder locator at /Users/bowieconnors/Documents/GitHub/Instances/The-Forest---Development/mods}
[10:46:43] [main/INFO]: Found mod file whos_there-1.4.1-forge-1.20.1.jar of type MOD with provider {mods folder locator at /Users/bowieconnors/Documents/GitHub/Instances/The-Forest---Development/mods}
[10:46:43] [main/INFO]: Found mod file worldedit-mod-7.2.15.jar of type MOD with provider {mods folder locator at /Users/bowieconnors/Documents/GitHub/Instances/The-Forest---Development/mods}
[10:46:43] [main/INFO]: Found mod file wscommands-2.0.0-forge-1.19-1.20.1.jar of type MOD with provider {mods folder locator at /Users/bowieconnors/Documents/GitHub/Instances/The-Forest---Development/mods}
[10:46:43] [main/INFO]: Found mod file xercapaint-1.20.1-2.0.0.jar of type MOD with provider {mods folder locator at /Users/bowieconnors/Documents/GitHub/Instances/The-Forest---Development/mods}
[10:46:43] [main/INFO]: Found mod file yet_another_config_lib_v3-3.6.6+1.20.1-forge.jar of type MOD with provider {mods folder locator at /Users/bowieconnors/Documents/GitHub/Instances/The-Forest---Development/mods}
[10:46:43] [main/INFO]: Found mod file YungsApi-1.20-Forge-4.0.6.jar of type MOD with provider {mods folder locator at /Users/bowieconnors/Documents/GitHub/Instances/The-Forest---Development/mods}
[10:46:43] [main/INFO]: Found mod file yuushya-1.20.1-forge-2.2.3.jar of type MOD with provider {mods folder locator at /Users/bowieconnors/Documents/GitHub/Instances/The-Forest---Development/mods}
[10:46:43] [main/INFO]: Found mod file Zeta-1.0-31.jar of type MOD with provider {mods folder locator at /Users/bowieconnors/Documents/GitHub/Instances/The-Forest---Development/mods}
[10:46:43] [main/WARN]: Mod file /Users/bowieconnors/Documents/GitHub/Install/libraries/net/minecraftforge/fmlcore/1.20.1-47.4.15/fmlcore-1.20.1-47.4.15.jar is missing mods.toml file
[10:46:43] [main/WARN]: Mod file /Users/bowieconnors/Documents/GitHub/Install/libraries/net/minecraftforge/javafmllanguage/1.20.1-47.4.15/javafmllanguage-1.20.1-47.4.15.jar is missing mods.toml file
[10:46:43] [main/WARN]: Mod file /Users/bowieconnors/Documents/GitHub/Install/libraries/net/minecraftforge/lowcodelanguage/1.20.1-47.4.15/lowcodelanguage-1.20.1-47.4.15.jar is missing mods.toml file
[10:46:43] [main/WARN]: Mod file /Users/bowieconnors/Documents/GitHub/Install/libraries/net/minecraftforge/mclanguage/1.20.1-47.4.15/mclanguage-1.20.1-47.4.15.jar is missing mods.toml file
[10:46:43] [main/INFO]: Found mod file fmlcore-1.20.1-47.4.15.jar of type LIBRARY with provider net.minecraftforge.fml.loading.moddiscovery.MinecraftLocator@47e51549
[10:46:43] [main/INFO]: Found mod file javafmllanguage-1.20.1-47.4.15.jar of type LANGPROVIDER with provider net.minecraftforge.fml.loading.moddiscovery.MinecraftLocator@47e51549
[10:46:43] [main/INFO]: Found mod file lowcodelanguage-1.20.1-47.4.15.jar of type LANGPROVIDER with provider net.minecraftforge.fml.loading.moddiscovery.MinecraftLocator@47e51549
[10:46:43] [main/INFO]: Found mod file mclanguage-1.20.1-47.4.15.jar of type LANGPROVIDER with provider net.minecraftforge.fml.loading.moddiscovery.MinecraftLocator@47e51549
[10:46:43] [main/INFO]: Found mod file client-1.20.1-20230612.114412-srg.jar of type MOD with provider net.minecraftforge.fml.loading.moddiscovery.MinecraftLocator@47e51549
[10:46:43] [main/INFO]: Found mod file forge-1.20.1-47.4.15-universal.jar of type MOD with provider net.minecraftforge.fml.loading.moddiscovery.MinecraftLocator@47e51549
[10:46:43] [main/INFO]: Found mod file crash_assistant-forge.jar of type MOD with provider dev.kostromdan.mods.crash_assistant.core_mod.services.CrashAssistantDependencyLocator@1e0fdb2f
[10:46:43] [CrashAssistantApp process logger/INFO]: CrashAssistantApp process successfully started.
[10:46:44] [main/WARN]: Attempted to select a dependency jar for JarJar which was passed in as source: fabric_api. Using Mod File: /Users/bowieconnors/Documents/GitHub/Instances/The-Forest---Development/mods/fabric-api-0.92.6+1.11.15+1.20.1.jar
[10:46:44] [main/WARN]: Attempted to select a dependency jar for JarJar which was passed in as source: architectury. Using Mod File: /Users/bowieconnors/Documents/GitHub/Instances/The-Forest---Development/mods/architectury-9.2.14-forge.jar
[10:46:44] [main/WARN]: Attempted to select a dependency jar for JarJar which was passed in as source: yet_another_config_lib_v3. Using Mod File: /Users/bowieconnors/Documents/GitHub/Instances/The-Forest---Development/mods/yet_another_config_lib_v3-3.6.6+1.20.1-forge.jar
[10:46:44] [main/INFO]: Found 111 dependencies adding them to mods collection
[10:46:44] [main/INFO]: Found mod file kuma-api-forge-20.1.12+1.20.1.jar of type MOD with provider net.minecraftforge.fml.loading.moddiscovery.JarInJarDependencyLocator@1af677f8
[10:46:44] [main/INFO]: Found mod file fabric-renderer-api-v1-3.2.2+cf68abbe77.jar of type MOD with provider net.minecraftforge.fml.loading.moddiscovery.JarInJarDependencyLocator@1af677f8
[10:46:44] [main/INFO]: Found mod file fabric-item-api-v1-2.1.29+4d0bbcfa77.jar of type MOD with provider net.minecraftforge.fml.loading.moddiscovery.JarInJarDependencyLocator@1af677f8
[10:46:44] [main/INFO]: Found mod file mixinextras-forge-0.5.4.jar of type GAMELIBRARY with provider net.minecraftforge.fml.loading.moddiscovery.JarInJarDependencyLocator@1af677f8
[10:46:44] [main/INFO]: Found mod file imageio-webp-3.12.0.jar of type GAMELIBRARY with provider net.minecraftforge.fml.loading.moddiscovery.JarInJarDependencyLocator@1af677f8
[10:46:44] [main/INFO]: Found mod file fabric-rendering-fluids-v1-3.0.29+4ac5e37a77.jar of type MOD with provider net.minecraftforge.fml.loading.moddiscovery.JarInJarDependencyLocator@1af677f8
[10:46:44] [main/INFO]: Found mod file mclib-20.jar of type GAMELIBRARY with provider net.minecraftforge.fml.loading.moddiscovery.JarInJarDependencyLocator@1af677f8
[10:46:44] [main/INFO]: Found mod file fabric-models-v0-0.4.3+7c3892a477.jar of type MOD with provider net.minecraftforge.fml.loading.moddiscovery.JarInJarDependencyLocator@1af677f8
[10:46:44] [main/INFO]: Found mod file script-mods-4.0.11-all.jar of type LIBRARY with provider net.minecraftforge.fml.loading.moddiscovery.JarInJarDependencyLocator@1af677f8
[10:46:44] [main/INFO]: Found mod file mae-1.1.2.jar of type GAMELIBRARY with provider net.minecraftforge.fml.loading.moddiscovery.JarInJarDependencyLocator@1af677f8
[10:46:44] [main/INFO]: Found mod file fabric-loader-2.6.0+0.15.0+1.20.1-full.jar of type LANGPROVIDER with provider net.minecraftforge.fml.loading.moddiscovery.JarInJarDependencyLocator@1af677f8
[10:46:44] [main/INFO]: Found mod file fabric-convention-tags-v1-1.5.6+fa3d1c0177.jar of type MOD with provider net.minecraftforge.fml.loading.moddiscovery.JarInJarDependencyLocator@1af677f8
[10:46:44] [main/INFO]: Found mod file groovy-4.0.13.jar of type LIBRARY with provider net.minecraftforge.fml.loading.moddiscovery.JarInJarDependencyLocator@1af677f8
[10:46:44] [main/INFO]: Found mod file groovy-nio-4.0.13.jar of type LIBRARY with provider net.minecraftforge.fml.loading.moddiscovery.JarInJarDependencyLocator@1af677f8
[10:46:44] [main/INFO]: Found mod file imageio-core-3.12.0.jar of type GAMELIBRARY with provider net.minecraftforge.fml.loading.moddiscovery.JarInJarDependencyLocator@1af677f8
[10:46:44] [main/INFO]: Found mod file fabric-command-api-v1-1.2.35+f71b366f77.jar of type MOD with provider net.minecraftforge.fml.loading.moddiscovery.JarInJarDependencyLocator@1af677f8
[10:46:44] [main/INFO]: Found mod file fabric-command-api-v2-2.2.14+561530ec77.jar of type MOD with provider net.minecraftforge.fml.loading.moddiscovery.JarInJarDependencyLocator@1af677f8
[10:46:44] [main/INFO]: Found mod file fabric-block-view-api-v2-1.0.3+53347ba977.jar of type MOD with provider net.minecraftforge.fml.loading.moddiscovery.JarInJarDependencyLocator@1af677f8
[10:46:44] [main/INFO]: Found mod file fabric-data-attachment-api-v1-1.0.2+30ef839e77.jar of type MOD with provider net.minecraftforge.fml.loading.moddiscovery.JarInJarDependencyLocator@1af677f8
[10:46:44] [main/INFO]: Found mod file groovy-toml-4.0.13.jar of type LIBRARY with provider net.minecraftforge.fml.loading.moddiscovery.JarInJarDependencyLocator@1af677f8
[10:46:44] [main/INFO]: Found mod file luaj-jse-3.0.8-figura.jar of type GAMELIBRARY with provider net.minecraftforge.fml.loading.moddiscovery.JarInJarDependencyLocator@1af677f8
[10:46:44] [main/INFO]: Found mod file common-lang-3.12.0.jar of type GAMELIBRARY with provider net.minecraftforge.fml.loading.moddiscovery.JarInJarDependencyLocator@1af677f8
[10:46:44] [main/INFO]: Found mod file fabric-screen-api-v1-2.0.9+45a670a577.jar of type MOD with provider net.minecraftforge.fml.loading.moddiscovery.JarInJarDependencyLocator@1af677f8
[10:46:44] [main/INFO]: Found mod file MixinExtras-0.5.4.jar of type GAMELIBRARY with provider net.minecraftforge.fml.loading.moddiscovery.JarInJarDependencyLocator@1af677f8
[10:46:44] [main/INFO]: Found mod file gson-0.2.1.jar of type GAMELIBRARY with provider net.minecraftforge.fml.loading.moddiscovery.JarInJarDependencyLocator@1af677f8
[10:46:44] [main/INFO]: Found mod file fabric-content-registries-v0-4.0.13+a670df1e77.jar of type MOD with provider net.minecraftforge.fml.loading.moddiscovery.JarInJarDependencyLocator@1af677f8
[10:46:44] [main/INFO]: Found mod file capabilitysyncer-1.20.1-4.0.1.jar of type GAMELIBRARY with provider net.minecraftforge.fml.loading.moddiscovery.JarInJarDependencyLocator@1af677f8
[10:46:44] [main/INFO]: Found mod file NanoLiveConfig-1.2.1.jar of type GAMELIBRARY with provider net.minecraftforge.fml.loading.moddiscovery.JarInJarDependencyLocator@1af677f8
[10:46:44] [main/INFO]: Found mod file groovy-datetime-4.0.13.jar of type LIBRARY with provider net.minecraftforge.fml.loading.moddiscovery.JarInJarDependencyLocator@1af677f8
[10:46:44] [main/INFO]: Found mod file bcel-6.6.1.jar of type GAMELIBRARY with provider net.minecraftforge.fml.loading.moddiscovery.JarInJarDependencyLocator@1af677f8
[10:46:44] [main/INFO]: Found mod file fabric-game-rule-api-v1-1.0.41+683d4da877.jar of type MOD with provider net.minecraftforge.fml.loading.moddiscovery.JarInJarDependencyLocator@1af677f8
[10:46:44] [main/INFO]: Found mod file fabric-api-lookup-api-v1-1.6.37+67f9824077.jar of type MOD with provider net.minecraftforge.fml.loading.moddiscovery.JarInJarDependencyLocator@1af677f8
[10:46:44] [main/INFO]: Found mod file mod-4.0.11.jar of type MOD with provider net.minecraftforge.fml.loading.moddiscovery.JarInJarDependencyLocator@1af677f8
[10:46:44] [main/INFO]: Found mod file awcapi-neoforge-1.20.1-1.0.2.jar of type MOD with provider net.minecraftforge.fml.loading.moddiscovery.JarInJarDependencyLocator@1af677f8
[10:46:44] [main/INFO]: Found mod file MixinSquared-0.3.6-beta.1.jar of type GAMELIBRARY with provider net.minecraftforge.fml.loading.moddiscovery.JarInJarDependencyLocator@1af677f8
[10:46:44] [main/INFO]: Found mod file simplebedrockmodel-2.2.2-forge+mc1.20.1.jar of type MOD with provider net.minecraftforge.fml.loading.moddiscovery.JarInJarDependencyLocator@1af677f8
[10:46:44] [main/INFO]: Found mod file cgl-1.20-forge-0.3.3.jar of type MOD with provider net.minecraftforge.fml.loading.moddiscovery.JarInJarDependencyLocator@1af677f8
[10:46:44] [main/INFO]: Found mod file groovy-fat-4.0.11.jar of type LANGPROVIDER with provider net.minecraftforge.fml.loading.moddiscovery.JarInJarDependencyLocator@1af677f8
[10:46:44] [main/INFO]: Found mod file jackson-annotations-2.17.0.jar of type GAMELIBRARY with provider net.minecraftforge.fml.loading.moddiscovery.JarInJarDependencyLocator@1af677f8
[10:46:44] [main/INFO]: Found mod file fabric-entity-events-v1-1.6.1+4ca7515277.jar of type MOD with provider net.minecraftforge.fml.loading.moddiscovery.JarInJarDependencyLocator@1af677f8
[10:46:44] [main/INFO]: Found mod file groovy-macro-library-4.0.13.jar of type LIBRARY with provider net.minecraftforge.fml.loading.moddiscovery.JarInJarDependencyLocator@1af677f8
[10:46:44] [main/INFO]: Found mod file fabric-loot-api-v2-1.2.3+eb28f93e77.jar of type MOD with provider net.minecraftforge.fml.loading.moddiscovery.JarInJarDependencyLocator@1af677f8
[10:46:44] [main/INFO]: Found mod file conditional-mixin-forge-0.6.4.jar of type MOD with provider net.minecraftforge.fml.loading.moddiscovery.JarInJarDependencyLocator@1af677f8
[10:46:44] [main/INFO]: Found mod file TRansition-1.0.21-1.20.1-forge-SNAPSHOT.jar of type MOD with provider net.minecraftforge.fml.loading.moddiscovery.JarInJarDependencyLocator@1af677f8
[10:46:44] [main/INFO]: Found mod file fabric-rendering-data-attachment-v1-0.3.39+a6081afc77.jar of type MOD with provider net.minecraftforge.fml.loading.moddiscovery.JarInJarDependencyLocator@1af677f8
[10:46:44] [main/INFO]: Found mod file fabric-networking-api-v1-1.3.14+fb7c822677.jar of type MOD with provider net.minecraftforge.fml.loading.moddiscovery.JarInJarDependencyLocator@1af677f8
[10:46:44] [main/INFO]: Found mod file fabric-lifecycle-events-v1-2.2.23+afab492177.jar of type MOD with provider net.minecraftforge.fml.loading.moddiscovery.JarInJarDependencyLocator@1af677f8
[10:46:44] [main/INFO]: Found mod file commons-math3-3.6.1.jar of type GAMELIBRARY with provider net.minecraftforge.fml.loading.moddiscovery.JarInJarDependencyLocator@1af677f8
[10:46:44] [main/INFO]: Found mod file fabric-key-binding-api-v1-1.0.38+561530ec77.jar of type MOD with provider net.minecraftforge.fml.loading.moddiscovery.JarInJarDependencyLocator@1af677f8
[10:46:44] [main/INFO]: Found mod file fabric-client-tags-api-v1-1.1.3+5d6761b877.jar of type MOD with provider net.minecraftforge.fml.loading.moddiscovery.JarInJarDependencyLocator@1af677f8
[10:46:44] [main/INFO]: Found mod file japng-0.5.3.jar of type GAMELIBRARY with provider net.minecraftforge.fml.loading.moddiscovery.JarInJarDependencyLocator@1af677f8
[10:46:44] [main/INFO]: Found mod file fabric-transfer-api-v1-3.3.6+25eff73b77.jar of type MOD with provider net.minecraftforge.fml.loading.moddiscovery.JarInJarDependencyLocator@1af677f8
[10:46:44] [main/INFO]: Found mod file fabric-dimensions-v1-2.1.55+8005d10d77.jar of type MOD with provider net.minecraftforge.fml.loading.moddiscovery.JarInJarDependencyLocator@1af677f8
[10:46:44] [main/INFO]: Found mod file jackson-dataformat-toml-2.15.2.jar of type LIBRARY with provider net.minecraftforge.fml.loading.moddiscovery.JarInJarDependencyLocator@1af677f8
[10:46:44] [main/INFO]: Found mod file groovy-macro-4.0.13.jar of type LIBRARY with provider net.minecraftforge.fml.loading.moddiscovery.JarInJarDependencyLocator@1af677f8
[10:46:44] [main/INFO]: Found mod file fabric-model-loading-api-v1-1.0.4+6274ab9d77.jar of type MOD with provider net.minecraftforge.fml.loading.moddiscovery.JarInJarDependencyLocator@1af677f8
[10:46:44] [main/INFO]: Found mod file fabric-screen-handler-api-v1-1.3.33+561530ec77.jar of type MOD with provider net.minecraftforge.fml.loading.moddiscovery.JarInJarDependencyLocator@1af677f8
[10:46:44] [main/INFO]: Found mod file fabric-resource-loader-v0-0.11.12+4b4151c077.jar of type MOD with provider net.minecraftforge.fml.loading.moddiscovery.JarInJarDependencyLocator@1af677f8
[10:46:44] [main/INFO]: Found mod file TRender-1.0.15-1.20.1-forge-SNAPSHOT.jar of type MOD with provider net.minecraftforge.fml.loading.moddiscovery.JarInJarDependencyLocator@1af677f8
[10:46:44] [main/INFO]: Found mod file snakeyaml-2.2.jar of type GAMELIBRARY with provider net.minecraftforge.fml.loading.moddiscovery.JarInJarDependencyLocator@1af677f8
[10:46:44] [main/INFO]: Found mod file fabric-rendering-v1-3.0.9+66e9a48f77.jar of type MOD with provider net.minecraftforge.fml.loading.moddiscovery.JarInJarDependencyLocator@1af677f8
[10:46:44] [main/INFO]: Found mod file libbamboo-2.17+1.20.1-forge.jar of type MOD with provider net.minecraftforge.fml.loading.moddiscovery.JarInJarDependencyLocator@1af677f8
[10:46:44] [main/INFO]: Found mod file groovy-templates-4.0.13.jar of type LIBRARY with provider net.minecraftforge.fml.loading.moddiscovery.JarInJarDependencyLocator@1af677f8
[10:46:44] [main/INFO]: Found mod file fabric-renderer-indigo-1.5.3+b5b2da4177.jar of type MOD with provider net.minecraftforge.fml.loading.moddiscovery.JarInJarDependencyLocator@1af677f8
[10:46:44] [main/INFO]: Found mod file battery-2.0.0.jar of type GAMELIBRARY with provider net.minecraftforge.fml.loading.moddiscovery.JarInJarDependencyLocator@1af677f8
[10:46:44] [main/INFO]: Found mod file groovy-dateutil-4.0.13.jar of type LIBRARY with provider net.minecraftforge.fml.loading.moddiscovery.JarInJarDependencyLocator@1af677f8
[10:46:44] [main/INFO]: Found mod file fabric-mining-level-api-v1-2.1.52+561530ec77.jar of type MOD with provider net.minecraftforge.fml.loading.moddiscovery.JarInJarDependencyLocator@1af677f8
[10:46:44] [main/INFO]: Found mod file groovy-xml-4.0.13.jar of type LIBRARY with provider net.minecraftforge.fml.loading.moddiscovery.JarInJarDependencyLocator@1af677f8
[10:46:44] [main/INFO]: Found mod file github-api-1.318.jar of type GAMELIBRARY with provider net.minecraftforge.fml.loading.moddiscovery.JarInJarDependencyLocator@1af677f8
[10:46:44] [main/INFO]: Found mod file midnightlib-1.4.2-forge.jar of type MOD with provider net.minecraftforge.fml.loading.moddiscovery.JarInJarDependencyLocator@1af677f8
[10:46:44] [main/INFO]: Found mod file jankson-1.2.3.jar of type GAMELIBRARY with provider net.minecraftforge.fml.loading.moddiscovery.JarInJarDependencyLocator@1af677f8
[10:46:44] [main/INFO]: Found mod file whitenoise-1.20.1-forge-1.1.1.jar of type MOD with provider net.minecraftforge.fml.loading.moddiscovery.JarInJarDependencyLocator@1af677f8
[10:46:44] [main/INFO]: Found mod file mixinconstraints-1.1.0.jar of type GAMELIBRARY with provider net.minecraftforge.fml.loading.moddiscovery.JarInJarDependencyLocator@1af677f8
[10:46:44] [main/INFO]: Found mod file groovy-ginq-4.0.13.jar of type LIBRARY with provider net.minecraftforge.fml.loading.moddiscovery.JarInJarDependencyLocator@1af677f8
[10:46:44] [main/INFO]: Found mod file animated-gif-lib-for-java-animated-gif-lib-1.7.jar of type GAMELIBRARY with provider net.minecraftforge.fml.loading.moddiscovery.JarInJarDependencyLocator@1af677f8
[10:46:44] [main/INFO]: Found mod file kfflib-4.12.0.jar of type GAMELIBRARY with provider net.minecraftforge.fml.loading.moddiscovery.JarInJarDependencyLocator@1af677f8
[10:46:44] [main/INFO]: Found mod file waterconfig-gamelib-1.0.0.2.jar of type GAMELIBRARY with provider net.minecraftforge.fml.loading.moddiscovery.JarInJarDependencyLocator@1af677f8
[10:46:44] [main/INFO]: Found mod file fabric-particles-v1-1.1.3+78e1ecb877.jar of type MOD with provider net.minecraftforge.fml.loading.moddiscovery.JarInJarDependencyLocator@1af677f8
[10:46:44] [main/INFO]: Found mod file puzzlesaccessapi-forge-20.1.1.jar of type MOD with provider net.minecraftforge.fml.loading.moddiscovery.JarInJarDependencyLocator@1af677f8
[10:46:44] [main/INFO]: Found mod file fabric-transitive-access-wideners-v1-4.3.2+1880499877.jar of type MOD with provider net.minecraftforge.fml.loading.moddiscovery.JarInJarDependencyLocator@1af677f8
[10:46:44] [main/INFO]: Found mod file fabric-api-base-0.4.32+ef105b4977.jar of type MOD with provider net.minecraftforge.fml.loading.moddiscovery.JarInJarDependencyLocator@1af677f8
[10:46:44] [main/INFO]: Found mod file groovy-json-4.0.13.jar of type LIBRARY with provider net.minecraftforge.fml.loading.moddiscovery.JarInJarDependencyLocator@1af677f8
[10:46:44] [main/INFO]: Found mod file srgutils-0.5.4.jar of type LIBRARY with provider net.minecraftforge.fml.loading.moddiscovery.JarInJarDependencyLocator@1af677f8
[10:46:44] [main/INFO]: Found mod file jackson-core-2.17.0.jar of type GAMELIBRARY with provider net.minecraftforge.fml.loading.moddiscovery.JarInJarDependencyLocator@1af677f8
[10:46:44] [main/INFO]: Found mod file fabric-blockrenderlayer-v1-1.1.42+1d0da21e77.jar of type MOD with provider net.minecraftforge.fml.loading.moddiscovery.JarInJarDependencyLocator@1af677f8
[10:46:44] [main/INFO]: Found mod file mixinsquared-forge-0.3.6-beta.1.jar of type GAMELIBRARY with provider net.minecraftforge.fml.loading.moddiscovery.JarInJarDependencyLocator@1af677f8
[10:46:44] [main/INFO]: Found mod file common-io-3.12.0.jar of type GAMELIBRARY with provider net.minecraftforge.fml.loading.moddiscovery.JarInJarDependencyLocator@1af677f8
[10:46:44] [main/INFO]: Found mod file spectrelib-forge-0.13.17+1.20.1.jar of type MOD with provider net.minecraftforge.fml.loading.moddiscovery.JarInJarDependencyLocator@1af677f8
[10:46:44] [main/INFO]: Found mod file json-0.2.1.jar of type GAMELIBRARY with provider net.minecraftforge.fml.loading.moddiscovery.JarInJarDependencyLocator@1af677f8
[10:46:44] [main/INFO]: Found mod file fabric-block-api-v1-1.0.12+0e6cb7f777.jar of type MOD with provider net.minecraftforge.fml.loading.moddiscovery.JarInJarDependencyLocator@1af677f8
[10:46:44] [main/INFO]: Found mod file fabric-resource-conditions-api-v1-2.3.9+996d00b277.jar of type MOD with provider net.minecraftforge.fml.loading.moddiscovery.JarInJarDependencyLocator@1af677f8
[10:46:44] [main/INFO]: Found mod file kffmod-4.12.0.jar of type MOD with provider net.minecraftforge.fml.loading.moddiscovery.JarInJarDependencyLocator@1af677f8
[10:46:44] [main/INFO]: Found mod file groovy-typecheckers-4.0.13.jar of type LIBRARY with provider net.minecraftforge.fml.loading.moddiscovery.JarInJarDependencyLocator@1af677f8
[10:46:44] [main/INFO]: Found mod file fabric-item-group-api-v1-4.0.14+c9161c2d77.jar of type MOD with provider net.minecraftforge.fml.loading.moddiscovery.JarInJarDependencyLocator@1af677f8
[10:46:44] [main/INFO]: Found mod file common-image-3.12.0.jar of type GAMELIBRARY with provider net.minecraftforge.fml.loading.moddiscovery.JarInJarDependencyLocator@1af677f8
[10:46:44] [main/INFO]: Found mod file kfflang-4.12.0.jar of type LANGPROVIDER with provider net.minecraftforge.fml.loading.moddiscovery.JarInJarDependencyLocator@1af677f8
[10:46:44] [main/INFO]: Found mod file fabric-biome-api-v1-13.0.14+dc36698e77.jar of type MOD with provider net.minecraftforge.fml.loading.moddiscovery.JarInJarDependencyLocator@1af677f8
[10:46:44] [main/INFO]: Found mod file luaj-core-3.0.8-figura.jar of type GAMELIBRARY with provider net.minecraftforge.fml.loading.moddiscovery.JarInJarDependencyLocator@1af677f8
[10:46:44] [main/INFO]: Found mod file fabric-registry-sync-v0-2.3.6+1c0ea72177.jar of type MOD with provider net.minecraftforge.fml.loading.moddiscovery.JarInJarDependencyLocator@1af677f8
[10:46:44] [main/INFO]: Found mod file imageio-metadata-3.12.0.jar of type GAMELIBRARY with provider net.minecraftforge.fml.loading.moddiscovery.JarInJarDependencyLocator@1af677f8
[10:46:44] [main/INFO]: Found mod file fabric-recipe-api-v1-1.0.24+514a076577.jar of type MOD with provider net.minecraftforge.fml.loading.moddiscovery.JarInJarDependencyLocator@1af677f8
[10:46:44] [main/INFO]: Found mod file fabric-object-builder-api-v1-11.1.5+f8c414ce77.jar of type MOD with provider net.minecraftforge.fml.loading.moddiscovery.JarInJarDependencyLocator@1af677f8
[10:46:44] [main/INFO]: Found mod file Reflect-1.6.2.jar of type GAMELIBRARY with provider net.minecraftforge.fml.loading.moddiscovery.JarInJarDependencyLocator@1af677f8
[10:46:44] [main/INFO]: Found mod file groovy-contracts-4.0.13.jar of type LIBRARY with provider net.minecraftforge.fml.loading.moddiscovery.JarInJarDependencyLocator@1af677f8
[10:46:44] [main/INFO]: Found mod file jackson-databind-2.17.0.jar of type GAMELIBRARY with provider net.minecraftforge.fml.loading.moddiscovery.JarInJarDependencyLocator@1af677f8
[10:46:44] [main/INFO]: Found mod file fabric-sound-api-v1-1.0.14+4f23bd8477.jar of type MOD with provider net.minecraftforge.fml.loading.moddiscovery.JarInJarDependencyLocator@1af677f8
[10:46:44] [main/INFO]: Found mod file fabric-message-api-v1-5.1.10+52cc178c77.jar of type MOD with provider net.minecraftforge.fml.loading.moddiscovery.JarInJarDependencyLocator@1af677f8
[10:46:44] [main/INFO]: Found mod file exp4j-0.4.8.jar of type GAMELIBRARY with provider net.minecraftforge.fml.loading.moddiscovery.JarInJarDependencyLocator@1af677f8
[10:46:44] [main/INFO]: Found mod file tomlkt-jvm-0.3.7.jar of type GAMELIBRARY with provider net.minecraftforge.fml.loading.moddiscovery.JarInJarDependencyLocator@1af677f8
[10:46:44] [main/INFO]: Found mod file fabric-data-generation-api-v1-12.3.7+369cb3a477.jar of type MOD with provider net.minecraftforge.fml.loading.moddiscovery.JarInJarDependencyLocator@1af677f8
[10:46:44] [main/INFO]: Found mod file fabric-events-interaction-v0-0.6.5+0f26153f77.jar of type MOD with provider net.minecraftforge.fml.loading.moddiscovery.JarInJarDependencyLocator@1af677f8
[10:46:44] [main/INFO]: Found Kotlin-containing mod Jar[union:/Users/bowieconnors/Documents/GitHub/Instances/The-Forest---Development/mods/kotlinforforge-4.12.0-all.jar%23495!/], checking whether we need to upgrade it..
[10:46:44] [main/INFO]: Found outdated Kotlin core libs 2.2.21 (we ship 2.3.0)
[10:46:44] [main/INFO]: Found up-to-date Kotlin Coroutines libs 1.10.2 (we ship 1.10.2)
[10:46:44] [main/INFO]: Found outdated Kotlin Serialization libs 0.0.0 (we ship 1.9.0)
[10:46:44] [main/INFO]: Generating jar with updated Kotlin at /var/folders/yb/q5rljk2d6zq7cvp6w66whrs80000gp/T/kff-updated-kotlin-6362595048761546495-4.12.0-all.jar
[10:46:45] [main/INFO]: Starting runtime mappings setup...
[10:46:45] [main/INFO]: Injecting ScriptModLocator candidates...
[10:46:45] [main/INFO]: Injected Jimfs file system
[10:46:45] [main/INFO]: Skipped loading script mods from directory /Users/bowieconnors/Documents/GitHub/Instances/The-Forest---Development/mods/scripts as it did not exist.
[10:46:45] [main/INFO]: Injected ScriptModLocator mod candidates. Found 0 valid mod candidates and 0 broken mod files.
[10:46:46] [GML Mappings Thread/INFO]: Loaded runtime mappings in 1336ms
[10:46:46] [GML Mappings Thread/INFO]: Finished runtime mappings setup.
[10:46:48] [main/INFO]: Compatibility level set to JAVA_17
[10:46:48] [main/ERROR]: Mixin config mossylib.mixins.json does not specify "minVersion" property
[10:46:48] [main/ERROR]: Mixin config mossylib-yacl.mixins.json does not specify "minVersion" property
[10:46:48] [main/ERROR]: Mixin config inventory_particles.mixins.json does not specify "minVersion" property
[10:46:48] [main/ERROR]: Mixin config fabric-item-group-api-v1.mixins.json does not specify "minVersion" property
[10:46:48] [main/ERROR]: Mixin config fabric-item-group-api-v1.client.mixins.json does not specify "minVersion" property
[10:46:48] [main/ERROR]: Mixin config fabric-item-api-v1.client.mixins.json does not specify "minVersion" property
[10:46:48] [main/ERROR]: Mixin config firstperson.mixins.json does not specify "minVersion" property
[10:46:48] [main/ERROR]: Mixin config fabric-data-attachment-api-v1.mixins.json does not specify "minVersion" property
[10:46:48] [main/ERROR]: Mixin config fabric-data-attachment-api-v1.client.mixins.json does not specify "minVersion" property
[10:46:48] [main/ERROR]: Mixin config cameraoverhaul.mixins.json does not specify "minVersion" property
[10:46:48] [main/ERROR]: Mixin config reactivemusic-common.mixins.json does not specify "minVersion" property
[10:46:48] [main/ERROR]: Mixin config yuushya.mixins.json does not specify "minVersion" property
[10:46:48] [main/ERROR]: Mixin config yacl.mixins.json does not specify "minVersion" property
[10:46:48] [main/INFO]: Successfully loaded Mixin Connector [ca.spottedleaf.starlight.mixin.MixinConnector]
[10:46:48] [main/INFO]: Successfully loaded Mixin Connector [com.sonicether.soundphysics.MixinConnector]
[10:46:48] [main/INFO]: Propagating FML mod list to Fabric Loader
[10:46:49] [main/INFO]: Launching target 'forgeclient' with arguments [--version, forge-47.4.15, --gameDir, /Users/bowieconnors/Documents/GitHub/Instances/The-Forest---Development, --assetsDir, /Users/bowieconnors/Documents/GitHub/Install/assets, --uuid, aa88add0bc484e1dbc7ddeac2d196c19, --username, _Apotheotic_, --assetIndex, 5, --accessToken, ❄❄❄❄❄❄❄❄, --clientId, 751d2a-ce205b-4bc8e7-ca80e4-20d673, --xuid, 2535436893678989, --userType, msa, --versionType, release, --width, 1024, --height, 768, --quickPlayPath, /Users/bowieconnors/Documents/GitHub/Quickplay/c5e93fd9-9045-4aff-be40-92f8a3e24ad6.json, , , ]
[10:46:49] [main/INFO]: Loaded configuration file for ModernFix 5.27.72+mc1.20.1: 110 options available, 2 override(s) found
[10:46:49] [main/WARN]: Option 'mixin.perf.smart_ingredient_sync' overriden (by mods [crafttweaker]) to 'false'
[10:46:49] [main/WARN]: Option 'mixin.perf.dynamic_resources' overriden (by user configuration) to 'true'
[10:46:49] [main/INFO]: Applying Nashorn fix
[10:46:49] [main/INFO]: Applied Forge config corruption patch
[10:46:49] [main/INFO]: Configuring Minecraft's max.bg.threads option with 5 threads
[10:46:49] [main/WARN]: Reference map '' for chat_heads.forge.mixins.json could not be read. If this is a development environment you can ignore this message
[10:46:49] [main/INFO]: [BiomeReplacer] TerraBlender detected, biome replacements will be injected into it
[10:46:49] [main/INFO]: Loaded configuration file for Embeddium: 325 options available, 0 override(s) found
[10:46:49] [main/INFO]: Searching for graphics cards...
[10:46:49] [main/INFO]: Found graphics card: GraphicsAdapterInfo[vendor=UNKNOWN, name=Apple M1, version=unknown]
[10:46:49] [main/WARN]: Reference map 'lmft-common-refmap.json' for lmft-common.mixins.json could not be read. If this is a development environment you can ignore this message
[10:46:49] [main/WARN]: Reference map 'chatanimation.refmap.json' for chatanimation.mixins.json could not be read. If this is a development environment you can ignore this message
[10:46:49] [main/INFO]: Starting Essential v1.4.1.1 (#31e1806134) [stable]
[10:46:49] [main/INFO]: Loaded configuration file for Radium: 125 options available, 2 override(s) found
[10:46:49] [main/WARN]: Reference map 'puzzlesaccessapi.common.refmap.json' for puzzlesaccessapi.common.mixins.json could not be read. If this is a development environment you can ignore this message
[10:46:49] [main/INFO]: Loading 279 mods:
	- addonslib 1.20.1-1.11
	- alexsdelight 1.5
	- alexsmobs 1.22.9
	- alltheleaks 1.1.1+1.20.1-forge
		\-- mixinsquared 0.3.6-beta.1
	- almanac 1.0.2
	- and_there_was_only_one_bed 1.20.1-1.0
	- anomaly_rephased 2.0.031
	- antlers_of_hunger 0.1.0
	- appleskin 2.5.1+mc1.20.1
	- architectury 9.2.14
	- autohud 8.7
		\-- libbamboo 2.17
	- backpacked 3.0.9
	- badmobs 19.0.4
	- badoptimizations 2.4.1
	- balm 7.3.42
		\-- kuma_api 20.1.12
	- bcc 4.0.8
	- betterdays 3.3.4.5
		\-- whitenoise 1.1.1
	- betterthirdperson 1.9.0
	- biome_replacer 2.1-hippo
	- biomemusic 1.20.1-4.1
	- biomesoplenty 19.0.0.96
	- biomespawnpoint 2.4
	- bloodybits 2.0.2-1.20.1
	- bloodybitsfix 1.0.0
	- bookshelf 20.2.15
	- butchery 5.2
	- butchery_alexs_mobs 1.0.1
	- cameraoverhaul 2.1.1-forge+mc.1.20-1.20.5
	- campsite_structures 1.0.4
	- cavedust 2.0.4
	- chat_heads 0.15.6
	- chatanimation 1.3.0
	- chimes 2.1.1
	- chloride 1.8.1
	- chunky 1.3.146
	- citadel 2.6.3
	- cleanswing 1.8
	- clientcrafting 1.20.1-2.1
	- cloth_config 11.1.136
	- clumps 12.0.0.4
	- collective 8.39
	- comforts 6.4.0+1.20.1
	- commongroovylibrary 0.3.3
	- configurableextramobdrops 3.7
	- configured 2.2.3
	- connectivity 1.20.1-7.6
	- controlling 12.0.2
	- cookyourfood 1.11
	- coroutil 1.20.1-1.3.7
	- cosycritters 0.3.3
	- crafttweaker 14.0.60
	- crash_assistant 1.11.11
	- creativecore 2.12.39
	- ctm 1.20.1-1.1.10
	- cupboard 1.20.1-4.0
	- curios 5.14.1+1.20.1
	- customstartinggear 2.0.3
	- darkness 2.0.103
	- daycount 1.6.0-Forge-mc1.20
	- defaultoptions 18.0.5
	- defaultworldtype 1.20.1-4.0.5
	- drippyloadingscreen 3.1.0
	- dynamic_fps 3.11.4
	- eatinganimation 5.1.0
	- embeddium 0.3.31+mc1.20.1
		\-- rubidium 0.7.1
	- enhancedvisuals 1.8.29
	- entity_model_features 3.2.4
	- entity_texture_features 7.1
	- entityculling 1.10.5
		\-- transition 1.0.21
	- epicdeathscreen 1.0.0
	- essential 1.4.1.1
	- essentialpatcher 1.0.5
	- experimentalsettingsdisabler 3.0
	- exposure 1.7.16
	- eyesinthedarkness 1.3.10
	- fabric_api 0.92.6+1.11.15+1.20.1
		|-- fabric_api_lookup_api_v1 1.6.37+67f9824077
		|-- fabric_biome_api_v1 13.0.14+dc36698e77
		|-- fabric_block_api_v1 1.0.12+0e6cb7f777
		|-- fabric_block_view_api_v2 1.0.3+53347ba977
		|-- fabric_blockrenderlayer_v1 1.1.42+1d0da21e77
		|-- fabric_client_tags_api_v1 1.1.3+5d6761b877
		|-- fabric_command_api_v1 1.2.35+f71b366f77
		|-- fabric_command_api_v2 2.2.14+561530ec77
		|-- fabric_content_registries_v0 4.0.13+a670df1e77
		|-- fabric_convention_tags_v1 1.5.6+fa3d1c0177
		|-- fabric_data_attachment_api_v1 1.0.2+30ef839e77
		|-- fabric_data_generation_api_v1 12.3.7+369cb3a477
		|-- fabric_dimensions_v1 2.1.55+8005d10d77
		|-- fabric_entity_events_v1 1.6.1+4ca7515277
		|-- fabric_events_interaction_v0 0.6.5+0f26153f77
		|-- fabric_game_rule_api_v1 1.0.41+683d4da877
		|-- fabric_item_api_v1 2.1.29+4d0bbcfa77
		|-- fabric_item_group_api_v1 4.0.14+c9161c2d77
		|-- fabric_key_binding_api_v1 1.0.38+561530ec77
		|-- fabric_lifecycle_events_v1 2.2.23+afab492177
		|-- fabric_loot_api_v2 1.2.3+eb28f93e77
		|-- fabric_message_api_v1 5.1.10+52cc178c77
		|-- fabric_mining_level_api_v1 2.1.52+561530ec77
		|-- fabric_model_loading_api_v1 1.0.4+6274ab9d77
		|-- fabric_models_v0 0.4.3+7c3892a477
		|-- fabric_networking_api_v1 1.3.14+fb7c822677
		|-- fabric_object_builder_api_v1 11.1.5+f8c414ce77
		|-- fabric_particles_v1 1.1.3+78e1ecb877
		|-- fabric_recipe_api_v1 1.0.24+514a076577
		|-- fabric_registry_sync_v0 2.3.6+1c0ea72177
		|-- fabric_rendering_data_attachment_v1 0.3.39+a6081afc77
		|-- fabric_rendering_fluids_v1 3.0.29+4ac5e37a77
		|-- fabric_rendering_v1 3.0.9+66e9a48f77
		|-- fabric_resource_conditions_api_v1 2.3.9+996d00b277
		|-- fabric_resource_loader_v0 0.11.12+4b4151c077
		|-- fabric_screen_api_v1 2.0.9+45a670a577
		|-- fabric_screen_handler_api_v1 1.3.33+561530ec77
		|-- fabric_sound_api_v1 1.0.14+4f23bd8477
		|-- fabric_transfer_api_v1 3.3.6+25eff73b77
		\-- fabric_transitive_access_wideners_v1 4.3.2+1880499877
	- fallingtree 4.3.4
	- fancymenu 3.8.1
	- fancytoasts 1.4.7
	- farmersdelight 1.20.1-1.3.2
	- fastasyncworldsave 1.20.1-2.6
	- fastbench 8.0.4
	- fastfurnace 8.0.2
	- ferritecore 6.0.1
	- firstperson 2.7.2
	- fishingreal 1.9.1-backport
	- fog 1.5.3-1.20.1
	- footprintparticle 0.5.4b-mc1.20(.1)
	- forge 47.4.15
	- framework 0.8.0
	- ftblibrary 2001.2.13
	- ftbultimine 2001.1.8
	- fusion 1.3.12
	- fzzy_config 0.7.6+1.20.1+forge
	- geckolib 4.8.4
	- glitchcore 0.0.1.1
	- gml 4.0.11
	- gore_edition 0.5
	- gpumemleakfix 1.20.1-1.8
	- hardcorequesting 1.20.1-5.16.0
	- immediatelyfast 1.5.5+1.20.4
	- immersive_weathering 1.20.1-2.0.5
	- immersivemessages 1.0.18
	- impactfulweather 4.1.0
	- inventory_particles 2.6.0+1.20.1+forge
	- invmove 0.9.3
	- itemphysic 1.8.13
	- jei 15.20.0.112
	- jeresources 1.4.0.247
	- justzoom 2.1.1
	- kiwi 11.10.3+forge
	- kleeslabs 15.0.12
	- konkrete 1.8.0
	- kotlinforforge 4.12.0
	- ksyxis 1.4.3
	- kubejs 2001.6.5-build.16
	- leavesbegone 8.0.0
	- letmedespawn 1.5.0
	- lexiconfig 1.4.21-epic
	- lithostitched 1.4.11
	- lmft 1.0.4+1.20.1
	- longwings 0.9.5
	- map_atlases 1.20-6.0.20
	- matmos_tct 7.7
	- maxhealthfix 12.0.4
	- mcwbiomesoplenty 1.20.1-1.6
	- mcwbridges 3.1.2
	- melody 1.0.2
	- minecraft 1.20.1
	- mnightmares 1.0+forge.1.20.1
	- mobtimizations 1.20.1-1.0.1
	- modernfix 5.27.72+mc1.20.1
	- modernworldcreation 2.0.2
	- moonlight 1.20-2.16.34
	- mossylib 1.5.0+1.20.1+forge
	- mousetweaks 2.25.1
	- mru 1.0.4+1.20.1+forge
	- naturalist 5.0pre2
		\-- midnightlib 1.4.2
	- necronomicon 1.6.0
	- nerb 0.4.1
	- neruina 2.1.2
	- nochatrestrictions 1.20.1-v1.0.0
	- nof3 0.0.1
	- notenoughanimations 1.12.4
		\-- trender 1.0.15
	- nyfsspiders 3.0.1
		\-- awcapi 1.0.2
	- octolib 0.5.0.1
	- old_recording 1.0.0
	- omegaflashlight 0.7.6-1.20.1
	- optileaves 1.1.0
	- packetfixer 3.3.2
	- pale_hound 1.10.0
	- paranormal_activity 1.3.1
	- particle_core 0.3.3+1.20.1+forge
		\-- conditional_mixin 0.6.4
	- particlerain 4.0.0-beta.10
	- paxi 1.20-Forge-4.0
	- placebo 8.6.3
	- playeranimator 1.0.2-rc1+1.20
	- polymorph 0.49.10+1.20.1
		\-- spectrelib 0.13.17+1.20.1
	- polytone 1.20-3.5.26
	- presencefootsteps 1.20.1-1.9.1-beta.1
	- puzzleslib 8.1.33
		\-- puzzlesaccessapi 20.1.1
	- radium 0.12.4+git.26c9d8e
	- random_advancement_forge 1.0.0
	- reactivemusic 1.3.5
	- refurbished_furniture 1.0.20
	- resourcefulconfig 2.1.3
	- rhino 2001.2.3-build.10
	- rmh 1.1.2
	- rocks 1.5.1
	- salwayseat 5.2
	- searchables 1.0.3
	- sereneseasons 9.1.0.3
	- simpleradio 1.20.1-4.5.7.9
	- skinlayers3d 1.11.2
	- smartbrainlib 1.15
	- smoothchunk 1.20.1-4.1
	- smoothswapping 0.9.3.2
	- snowrealmagic 10.7.0
		|-- fabric_api_base 0.4.32+ef105b4977
		|-- fabric_renderer_api_v1 3.2.2+cf68abbe77
		\-- fabric_renderer_indigo 1.5.3+b5b2da4177
	- snowundertrees 1.4.12
	- sodiumdynamiclights 1.0.9
	- sodiumoptionsapi 1.0.10
	- somespookycaveadditions 1.1.0
	- sound_physics_remastered 1.20.1-1.5.1
	- soundofrain 0.6.0
	- sounds 2.2.1+1.20.1+forge
	- sounds_of_the_forest 1.0.2
	- spark 1.10.53
	- spelunkers_charm 3.6.0
	- stalker 1.0.0
	- starlight 1.1.2+forge.1cda73c
	- starterstructure 4.2
	- stop_placing_offhand_torches 0.1.0
	- structure_layout_optimizer 1.0.11
	- structureessentials 1.20.1-5.0
	- structurify 2.0.33
	- subtle_effects 1.14.3
	- tacz 1.1.8-hotfix
		\-- simplebedrockmodel 2.2.2-forge+mc1.20.1
	- tctcore 2.2
	- terrablender 3.0.1.10
	- terralith 2.5.4
	- the_knocker 1.5.2
	- the_masked 5.2.0
	- thirstybottles 7.0.3
	- tooltipoverhaul 1.5.2
	- txnilib 1.0.24
	- underground_bunkers 1.0.5
	- verdantvibes 1.0.3-1.20.1
	- visual_health 1.20.1-2.0.3
	- visual_keybinder 1.20.1 - 0.1.12
	- vminus 3.3.1
	- voicechat 1.20.1-2.6.22
		\-- voicechat_api 2.6.20
	- voidfog 1.20.1-2.0.23
	- walkietalkie 1.3.0
	- waterdripsound 0.5.2
	- watut 1.20.1-1.2.3
	- whispering_spirits 1.4.0
	- whos_there 1.4.1
	- worldedit 7.2.15+6463-5ca4dff
	- wscommands 2.0.0
	- xercapaint 1.20.1-2.0.0
	- yet_another_config_lib_v3 3.6.6+1.20.1-forge
	- yungsapi 1.20-Forge-4.0.6
	- yuushya 2.2.3
	- zeta 1.0-31
[10:46:49] [main/WARN]: Reference map 'coroutil.refmap.json' for coroutil.mixins.json could not be read. If this is a development environment you can ignore this message
[10:46:49] [main/INFO]: Packet Fixer forge 1.19.4-1.20.1 has been applied successfully.
[10:46:49] [main/INFO]: Config version: 6
[10:46:49] [main/INFO]: BadOptimizations config dump:
[10:46:49] [main/INFO]: enable_toast_optimizations: true
[10:46:49] [main/INFO]: ignore_mod_incompatibilities: false
[10:46:49] [main/INFO]: lightmap_time_change_needed_for_update: 1
[10:46:49] [main/INFO]: enable_lightmap_caching: false
[10:46:49] [main/INFO]: enable_particle_manager_optimization: true
[10:46:49] [main/INFO]: enable_entity_renderer_caching: true
[10:46:49] [main/INFO]: log_config: true
[10:46:49] [main/INFO]: enable_remove_redundant_fov_calculations: true
[10:46:49] [main/INFO]: config_version: 6
[10:46:49] [main/INFO]: enable_sky_angle_caching_in_worldrenderer: true
[10:46:49] [main/INFO]: enable_block_entity_renderer_caching: true
[10:46:49] [main/INFO]: skycolor_time_change_needed_for_update: 3
[10:46:49] [main/INFO]: enable_entity_flag_caching: true
[10:46:49] [main/INFO]: ignore_mod_cache_hooks: false
[10:46:49] [main/INFO]: enable_debug_renderer_disable_if_not_needed: true
[10:46:49] [main/INFO]: enable_sky_color_caching: true
[10:46:49] [main/INFO]: enable_remove_tutorial_if_not_demo: true
[10:46:49] [main/INFO]: show_f3_text: true
[10:46:49] [main/INFO]: Disabling enable_sky_color_caching because mod "polytone" is incompatible with it (built-in)
[10:46:50] [main/WARN]: Error loading class: net/irisshaders/batchedentityrendering/impl/FullyBufferedMultiBufferSource (java.lang.ClassNotFoundException: net.irisshaders.batchedentityrendering.impl.FullyBufferedMultiBufferSource)
[10:46:50] [main/WARN]: @Mixin target net.irisshaders.batchedentityrendering.impl.FullyBufferedMultiBufferSource was not found visualhealth-compat.mixins.json:CompatBufferSourceMixin
[10:46:50] [main/WARN]: Error loading class: net/diebuddies/physics/PhysicsMod (java.lang.ClassNotFoundException: net.diebuddies.physics.PhysicsMod)
[10:46:50] [main/WARN]: @Mixin target net.diebuddies.physics.PhysicsMod was not found visualhealth-compat.mixins.json:PhysicsModCompatMixin
[10:46:50] [main/WARN]: Error loading class: net/diebuddies/opengl/TextureHelper (java.lang.ClassNotFoundException: net.diebuddies.opengl.TextureHelper)
[10:46:50] [main/WARN]: @Mixin target net.diebuddies.opengl.TextureHelper was not found visualhealth-compat.mixins.json:PhysicsTextureHelperMixin
[10:46:50] [main/WARN]: Error loading class: com/ultramega/showcaseitem/ShowcaseItemFeature (java.lang.ClassNotFoundException: com.ultramega.showcaseitem.ShowcaseItemFeature)
[10:46:50] [main/WARN]: Error loading class: com/simibubi/create/content/fluids/spout/FillingBySpout (java.lang.ClassNotFoundException: com.simibubi.create.content.fluids.spout.FillingBySpout)
[10:46:50] [main/INFO]: Patching IForgeItemStack#getEnchantmentLevel
[10:46:50] [main/INFO]: Patching IForgeItemStack#getEnchantmentLevel
[10:46:50] [main/WARN]: Error loading class: me/jellysquid/mods/sodium/client/render/occlusion/BlockOcclusionCache (java.lang.ClassNotFoundException: me.jellysquid.mods.sodium.client.render.occlusion.BlockOcclusionCache)
[10:46:50] [main/WARN]: @Mixin target me.jellysquid.mods.sodium.client.render.occlusion.BlockOcclusionCache was not found optileaves.mixins.json:sodiumcompat.BlockOcclusionCacheMixin
[10:46:50] [main/WARN]: Error loading class: uk/co/dotcode/asb/ModUtils (java.lang.ClassNotFoundException: uk.co.dotcode.asb.ModUtils)
[10:46:50] [main/WARN]: @Mixin target uk.co.dotcode.asb.ModUtils was not found mobtimizations.mixins.json:MixinArmorSetBonusesImmuneCheck
[10:46:50] [main/WARN]: Force-disabling mixin 'alloc.blockstate.StateMixin' as option 'mixin.alloc.blockstate' (added by mods [ferritecore]) disables it and children
[10:46:50] [main/INFO]: [OmegaFlashlight] Sodium detection for vanilla LevelRendererSoftLightMixin: present=true (classSignal=me.jellysquid.mods.sodium.client.SodiumClientMod, configSignal=none) -> vanilla soft-light mixin DISABLED (Sodium owns renderSectionLayer; Sodium injection path handles terrain).
[10:46:50] [main/INFO]: Class dev.uncandango.alltheleaks.leaks.common.mods.zeta.Issue69 will be loaded as it matches versions: 1.0-31 in [1.0-19,)
[10:46:50] [main/INFO]: Mixins added to allowed list: [main.RecipeCrawlHandlerMixin]
[10:46:50] [main/INFO]: Class dev.uncandango.alltheleaks.leaks.common.mods.spark.Issue447 will be loaded as it matches versions: 1.10.53 in *
[10:46:50] [main/INFO]: Mixins added to allowed list: [main.ForgeServerSparkPluginMixin]
[10:46:50] [main/INFO]: Class dev.uncandango.alltheleaks.leaks.common.mods.sereneseasons.UntrackedIssue001 will be loaded as it matches versions: 9.1.0.3 in [9.1.0.0,)
[10:46:50] [main/INFO]: Class dev.uncandango.alltheleaks.leaks.common.mods.moonlight.UntrackedIssue001 will be loaded as it matches versions: 1.20-2.16.34 in [1.20-2.13.32,)
[10:46:50] [main/INFO]: Mixins added to allowed list: [main.FakeLevelManagerMixin]
[10:46:50] [main/INFO]: Class dev.uncandango.alltheleaks.leaks.common.mods.minecraft.UntrackedIssue002 will be loaded as it matches versions: 1.20.1 in 1.20.1
[10:46:50] [main/INFO]: Mixins added to allowed list: [main.EntityTickListMixin]
[10:46:50] [main/INFO]: Class dev.uncandango.alltheleaks.leaks.common.mods.minecraft.UntrackedIssue001 will be loaded as it matches versions: 1.20.1 in 1.20.1
[10:46:50] [main/INFO]: Class dev.uncandango.alltheleaks.leaks.common.mods.forge.UntrackedIssue002 will be loaded as it matches versions: 47.4.15 in [47.2,)
[10:46:50] [main/INFO]: Mixins added to allowed list: [accessor.FakePlayerNetHandlerAccessor, accessor.ConnectionAccessor]
[10:46:50] [main/INFO]: Class dev.uncandango.alltheleaks.leaks.common.mods.forge.UntrackedIssue001 will be loaded as it matches versions: 47.4.15 in [47.2,)
[10:46:50] [main/INFO]: Mixins added to allowed list: [main.ServerPlayerMixin, main.PlayerListMixin, accessor.PlayerAdvancementsAccessor]
[10:46:50] [main/INFO]: Class dev.uncandango.alltheleaks.leaks.common.mods.forge.Issue39 will be loaded as it matches versions: 47.4.15 in [47.2,)
[10:46:50] [main/INFO]: Class dev.uncandango.alltheleaks.leaks.common.mods.forge.Issue10684 will be loaded as it matches versions: 47.4.15 in *
[10:46:50] [main/INFO]: Class dev.uncandango.alltheleaks.leaks.common.mods.curios.UntrackedIssue001 will be loaded as it matches versions: 5.14.1+1.20.1 in [5.9.1,)
[10:46:50] [main/INFO]: Mixins added to allowed list: [main.CuriosEventHandlerMixin]
[10:46:50] [main/INFO]: Class dev.uncandango.alltheleaks.leaks.common.mods.citadel.UntrackedIssue001 will be loaded as it matches versions: 2.6.3 in [2.5.4,)
[10:46:50] [main/INFO]: Class dev.uncandango.alltheleaks.leaks.common.mods.architectury.UntrackedIssue001 will be loaded as it matches versions: 9.2.14 in [9.0.8,)
[10:46:50] [main/INFO]: Class dev.uncandango.alltheleaks.leaks.common.mods.alexsmobs.Issue2165 will be loaded as it matches versions: 1.22.9 in [1.22.5,)
[10:46:50] [main/INFO]: Class dev.uncandango.alltheleaks.leaks.client.mods.watut.UntrackedIssue001 will be loaded as it matches versions: 1.20.1-1.2.3 in *
[10:46:50] [main/INFO]: Class dev.uncandango.alltheleaks.leaks.client.mods.sereneseasons.UntrackedIssue001 will be loaded as it matches versions: 9.1.0.3 in [9.1.0.0,)
[10:46:50] [main/INFO]: Class dev.uncandango.alltheleaks.leaks.client.mods.mousetweaks.UntrackedIssue001 will be loaded as it matches versions: 2.25.1 in [2.25.1,)
[10:46:50] [main/INFO]: Class dev.uncandango.alltheleaks.leaks.client.mods.minecraft.UntrackedIssue001 will be loaded as it matches versions: 1.20.1 in 1.20.1
[10:46:50] [main/INFO]: Mixins added to allowed list: [main.ATLItemStackMixin, main.MinecraftMixin, main.SynchedEntityDataMixin]
[10:46:50] [main/INFO]: Class dev.uncandango.alltheleaks.leaks.client.mods.jeresources.UntrackedIssue001 will be loaded as it matches versions: 1.4.0.247 in [1.4.0.247,)
[10:46:50] [main/INFO]: Mixins added to allowed list: [main.MobTableBuilderMixin, main.MobEntryMixin, main.AbstractVillagerEntryMixin]
[10:46:50] [main/INFO]: Class dev.uncandango.alltheleaks.leaks.client.mods.jei.UntrackedIssue001 will be loaded as it matches versions: 15.20.0.112 in [15.8.2.24,)
[10:46:50] [main/INFO]: Mixins added to allowed list: [main.RecipeTransferButtonMixin, main.LazySortedRecipeLayoutListMixin]
[10:46:50] [main/INFO]: Class dev.uncandango.alltheleaks.leaks.client.mods.geckolib.UntrackedIssue001 will be loaded as it matches versions: 4.8.4 in [4.4.8,)
[10:46:50] [main/INFO]: Mixins added to allowed list: [main.GeoModelMixin, main.GeoArmorRendererMixin]
[10:46:50] [main/INFO]: Class dev.uncandango.alltheleaks.leaks.client.mods.ftblibrary.UntrackedIssue001 will be loaded as it matches versions: 2001.2.13 in [2001.2.2,)
[10:46:50] [main/INFO]: Mixins added to allowed list: [accessor.BaseScreenAccessor]
[10:46:50] [main/INFO]: Class dev.uncandango.alltheleaks.leaks.client.mods.entity_texture_features.UntrackedIssue002 will be loaded as it matches versions: 7.1 in [7.0.0,)
[10:46:50] [main/INFO]: Class dev.uncandango.alltheleaks.leaks.client.mods.entity_model_features.UntrackedIssue002 will be loaded as it matches versions: 3.2.4 in [3.0.0,)
[10:46:50] [main/INFO]: Class dev.uncandango.alltheleaks.leaks.client.mods.citadel.UntrackedIssue001 will be loaded as it matches versions: 2.6.3 in [2.5.4,)
[10:46:50] [main/INFO]: Mixins added to allowed list: [main.ModelAnimatorMixin]
[10:46:50] [main/INFO]: Class dev.uncandango.alltheleaks.fix.common.mods.zeta.FixCopyStack will be loaded as it matches versions: 1.0-31 in *
[10:46:50] [main/INFO]: Mixins added to allowed list: [main.StackFixRecipeCrawlHandlerMixin]
[10:46:50] [main/INFO]: Class dev.uncandango.alltheleaks.fix.common.mods.modernfix.CancelRLMixin will be loaded as it matches versions: 5.27.72+mc1.20.1 in [5.0.0,)
[10:46:50] [main/INFO]: Mixins added to cancel list: [org.embeddedt.modernfix.common.mixin.perf.deduplicate_location.MixinResourceLocation]
[10:46:50] [main/INFO]: Class dev.uncandango.alltheleaks.fix.common.mods.kubejs.FixItemStackModification will be loaded as it matches versions: 2001.6.5-build.16 in *
[10:46:50] [main/INFO]: Mixins added to allowed list: [main.IngredientKJSMixin]
[10:46:50] [main/INFO]: Class dev.uncandango.alltheleaks.fix.common.mods.jei.FixItemStackCopy will be loaded as it matches versions: 15.20.0.112 in *
[10:46:50] [main/INFO]: Mixins added to allowed list: [main.SmithingCategoryExtensionMixin, main.NormalizedTypedItemStackMixin, main.IngredientSetMixin]
[10:46:50] [main/INFO]: Class dev.uncandango.alltheleaks.feature.common.mods.minecraft.MemoryMonitor will be loaded as it matches versions: 1.20.1 in 1.20.1
[10:46:50] [main/INFO]: Mixins added to allowed list: [main.PlayerMixin, main.ChunkAccessMixin, main.LevelMixin, main.MinecraftServerMixin]
[10:46:50] [main/INFO]: Class dev.uncandango.alltheleaks.feature.common.mods.minecraft.ClearLeakedLevelChunks will be loaded as it matches versions: 1.20.1 in 1.20.1
[10:46:50] [main/INFO]: Mixins added to allowed list: [accessor.LevelAccessor, main.RebindableTickingBlockEntityWrapperMixin, accessor.LevelChunkAccessor]
[10:46:50] [main/INFO]: Loaded config for: structureessentials.json
[10:46:50] [main/WARN]: Error loading class: net/caffeinemc/mods/sodium/client/model/light/data/ArrayLightDataCache (java.lang.ClassNotFoundException: net.caffeinemc.mods.sodium.client.model.light.data.ArrayLightDataCache)
[10:46:50] [main/WARN]: Error loading class: net/caffeinemc/mods/sodium/client/model/light/flat/FlatLightPipeline (java.lang.ClassNotFoundException: net.caffeinemc.mods.sodium.client.model.light.flat.FlatLightPipeline)
[10:46:50] [main/WARN]: Error loading class: net/caffeinemc/mods/sodium/client/model/light/data/LightDataAccess (java.lang.ClassNotFoundException: net.caffeinemc.mods.sodium.client.model.light.data.LightDataAccess)
[10:46:50] [main/WARN]: Error loading class: net/irisshaders/batchedentityrendering/impl/FullyBufferedMultiBufferSource (java.lang.ClassNotFoundException: net.irisshaders.batchedentityrendering.impl.FullyBufferedMultiBufferSource)
[10:46:50] [main/WARN]: Error loading class: net/irisshaders/iris/layer/InnerWrappedRenderType (java.lang.ClassNotFoundException: net.irisshaders.iris.layer.InnerWrappedRenderType)
[10:46:50] [main/WARN]: Error loading class: net/irisshaders/iris/layer/OuterWrappedRenderType (java.lang.ClassNotFoundException: net.irisshaders.iris.layer.OuterWrappedRenderType)
[10:46:50] [main/WARN]: Error loading class: mezz/modnametooltip/TooltipEventHandler (java.lang.ClassNotFoundException: mezz.modnametooltip.TooltipEventHandler)
[10:46:50] [main/WARN]: Error loading class: me/shedaniel/rei/impl/client/ClientHelperImpl (java.lang.ClassNotFoundException: me.shedaniel.rei.impl.client.ClientHelperImpl)
[10:46:50] [main/WARN]: Error loading class: twilightforest/TFMagicMapData$TFMapDecoration (java.lang.ClassNotFoundException: twilightforest.TFMagicMapData$TFMapDecoration)
[10:46:50] [main/WARN]: Error loading class: com/cravencraft/bloodybits/entity/BloodSprayEntity (java.lang.ClassNotFoundException: com.cravencraft.bloodybits.entity.BloodSprayEntity)
[10:46:50] [main/WARN]: @Mixin target com.cravencraft.bloodybits.entity.BloodSprayEntity was not found mixins.bloodybitsfix.json:BloodSprayEntityMixin
[10:46:50] [main/WARN]: Error loading class: dev/emi/emi/screen/EmiScreenManager (java.lang.ClassNotFoundException: dev.emi.emi.screen.EmiScreenManager)
[10:46:50] [main/WARN]: Error loading class: net/strobel/inventive_inventory/features/sorting/SortingHandler (java.lang.ClassNotFoundException: net.strobel.inventive_inventory.features.sorting.SortingHandler)
[10:46:50] [main/WARN]: Error loading class: de/rubixdev/inventorio/player/InventorioScreenHandler (java.lang.ClassNotFoundException: de.rubixdev.inventorio.player.InventorioScreenHandler)
[10:46:50] [main/WARN]: Error loading class: net/blay09/mods/trashslot/client/deletion/DefaultDeletionProvider (java.lang.ClassNotFoundException: net.blay09.mods.trashslot.client.deletion.DefaultDeletionProvider)
[10:46:50] [main/WARN]: Error loading class: vazkii/quark/addons/oddities/inventory/BackpackMenu (java.lang.ClassNotFoundException: vazkii.quark.addons.oddities.inventory.BackpackMenu)
[10:46:51] [main/WARN]: Error loading class: com/simibubi/create/content/contraptions/AbstractContraptionEntity (java.lang.ClassNotFoundException: com.simibubi.create.content.contraptions.AbstractContraptionEntity)
[10:46:51] [main/WARN]: @Mixin target com.simibubi.create.content.contraptions.AbstractContraptionEntity was not found simpleradio.forge.mixins.json:MixinAbstractContraptionEntity
[10:46:51] [main/WARN]: Error loading class: gg/moonflower/etched/common/blockentity/AlbumJukeboxBlockEntity (java.lang.ClassNotFoundException: gg.moonflower.etched.common.blockentity.AlbumJukeboxBlockEntity)
[10:46:51] [main/WARN]: @Mixin target gg.moonflower.etched.common.blockentity.AlbumJukeboxBlockEntity was not found simpleradio.forge.mixins.json:MixinAlbumJukeboxBlockEntity
[10:46:51] [main/WARN]: Error loading class: com/simibubi/create/content/contraptions/Contraption (java.lang.ClassNotFoundException: com.simibubi.create.content.contraptions.Contraption)
[10:46:51] [main/WARN]: @Mixin target com.simibubi.create.content.contraptions.Contraption was not found simpleradio.forge.mixins.json:MixinContraption
[10:46:51] [main/WARN]: Error loading class: gg/moonflower/etched/api/sound/source/StreamingAudioSource (java.lang.ClassNotFoundException: gg.moonflower.etched.api.sound.source.StreamingAudioSource)
[10:46:51] [main/WARN]: @Mixin target gg.moonflower.etched.api.sound.source.StreamingAudioSource was not found simpleradio.forge.mixins.json:MixinStreamingAudioSource
[10:46:51] [main/WARN]: Error loading class: net/irisshaders/batchedentityrendering/impl/FullyBufferedMultiBufferSource (java.lang.ClassNotFoundException: net.irisshaders.batchedentityrendering.impl.FullyBufferedMultiBufferSource)
[10:46:51] [main/WARN]: Error loading class: net/irisshaders/batchedentityrendering/impl/FullyBufferedMultiBufferSource (java.lang.ClassNotFoundException: net.irisshaders.batchedentityrendering.impl.FullyBufferedMultiBufferSource)
[10:46:51] [main/WARN]: Error loading class: net/caffeinemc/mods/sodium/client/model/light/data/ArrayLightDataCache (java.lang.ClassNotFoundException: net.caffeinemc.mods.sodium.client.model.light.data.ArrayLightDataCache)
[10:46:51] [main/WARN]: Error loading class: net/caffeinemc/mods/sodium/client/model/light/data/ArrayLightDataCache (java.lang.ClassNotFoundException: net.caffeinemc.mods.sodium.client.model.light.data.ArrayLightDataCache)
[10:46:51] [main/WARN]: Error loading class: net/caffeinemc/mods/sodium/client/model/light/flat/FlatLightPipeline (java.lang.ClassNotFoundException: net.caffeinemc.mods.sodium.client.model.light.flat.FlatLightPipeline)
[10:46:51] [main/WARN]: Error loading class: net/caffeinemc/mods/sodium/client/model/light/flat/FlatLightPipeline (java.lang.ClassNotFoundException: net.caffeinemc.mods.sodium.client.model.light.flat.FlatLightPipeline)
[10:46:51] [main/WARN]: Error loading class: net/caffeinemc/mods/sodium/client/model/light/data/LightDataAccess (java.lang.ClassNotFoundException: net.caffeinemc.mods.sodium.client.model.light.data.LightDataAccess)
[10:46:51] [main/WARN]: Error loading class: net/caffeinemc/mods/sodium/client/model/light/data/LightDataAccess (java.lang.ClassNotFoundException: net.caffeinemc.mods.sodium.client.model.light.data.LightDataAccess)
[10:46:51] [main/WARN]: Error loading class: org/jetbrains/annotations/ApiStatus$Internal (java.lang.ClassNotFoundException: org.jetbrains.annotations.ApiStatus$Internal)
[10:46:51] [main/INFO]: Initializing MixinExtras via com.llamalad7.mixinextras.service.MixinExtrasServiceImpl(version=0.5.4).
[10:46:51] [main/WARN]: Static binding violation: PRIVATE @Overwrite method m_216202_ in modernfix-modernfix.mixins.json:perf.tag_id_caching.TagOrElementLocationMixin cannot reduce visibiliy of PUBLIC target method, visibility will be upgraded.
[10:46:51] [main/INFO]: [net.minecraft.client.main.Main:main:99]: Completely ignored arguments: [, , ]
[10:46:52] [pool-3-thread-1/INFO]: ModernFix reached bootstrap stage (12.21 s after launch)
[10:46:52] [pool-3-thread-1/WARN]: @Final field delegatesByName:Ljava/util/Map; in modernfix-modernfix.mixins.json:perf.forge_registry_alloc.ForgeRegistryMixin should be final
[10:46:52] [pool-3-thread-1/WARN]: @Final field delegatesByValue:Ljava/util/Map; in modernfix-modernfix.mixins.json:perf.forge_registry_alloc.ForgeRegistryMixin should be final
[10:46:52] [pool-3-thread-1/INFO]: Injecting BlockStateBase cache population hook into getOpacityIfCached from ca.spottedleaf.starlight.mixin.common.blockstate.BlockStateBaseMixin
[10:46:52] [pool-3-thread-1/INFO]: Injecting BlockStateBase cache population hook into getNeighborPathNodeType from me.jellysquid.mods.lithium.mixin.ai.pathing.AbstractBlockStateMixin
[10:46:52] [pool-3-thread-1/INFO]: Injecting BlockStateBase cache population hook into getPathNodeType from me.jellysquid.mods.lithium.mixin.ai.pathing.AbstractBlockStateMixin
[10:46:52] [pool-3-thread-1/INFO]: Injecting BlockStateBase cache population hook into isConditionallyFullOpaque from ca.spottedleaf.starlight.mixin.common.blockstate.BlockStateBaseMixin
[10:46:52] [pool-3-thread-1/INFO]: Injecting BlockStateBase cache population hook into getAllFlags from me.jellysquid.mods.lithium.mixin.util.block_tracking.AbstractBlockStateMixin
[10:46:52] [pool-3-thread-1/INFO]: Patching IForgeItemStack#getEnchantmentLevel
[10:46:52] [pool-3-thread-1/INFO]: Patching IForgeItemStack#getEnchantmentLevel
[10:46:53] [pool-3-thread-1/INFO]: Loaded config for: biomemusic.json
[10:46:53] [pool-3-thread-1/INFO]: Patching IForgeItemStack#getEnchantmentLevel
[10:46:53] [pool-3-thread-1/INFO]: Patching IForgeItemStack#getEnchantmentLevel
[10:46:53] [pool-3-thread-1/WARN]: @ModifyConstant conflict. Skipping connectivity.mixins.json:ClientBoundCustomPayloadPacketLMixin->@ModifyConstant::modifyLimit(I)I with priority 1, already redirected by packetfixer.v1_19_4.forge.mixins.json:v1_19_4_forge.ClientboundCustomPayloadPacketMixin->@ModifyConstant::packetfixer$newSize(I)I with priority 1000
[10:46:53] [pool-3-thread-1/WARN]: @ModifyConstant conflict. Skipping connectivity.mixins.json:ClientBoundCustomPayloadPacketLMixin->@ModifyConstant::modifyLimit(I)I with priority 1, already redirected by packetfixer.v1_19_4.forge.mixins.json:v1_19_4_forge.ClientboundCustomPayloadPacketMixin->@ModifyConstant::packetfixer$newSize(I)I with priority 1000
[10:46:53] [pool-3-thread-1/INFO]: Vanilla bootstrap took 1526 milliseconds
[10:46:54] [pool-3-thread-1/WARN]: @Inject(@At("INVOKE_ASSIGN")) Shift.BY=2 on refurbished_furniture.common.mixins.json:LevelChunkMixin::handler$fmg000$refurbishedFurniture$AfterRemoveBlockEntity exceeds the maximum allowed value: 0. Increase the value of maxShiftBy to suppress this warning.
[10:46:54] [pool-3-thread-1/WARN]: @ModifyConstant conflict. Skipping packetfixer.v1_19_4.forge.mixins.json:v1_19_4_forge.ServerGamePacketListenerImplMixin->@ModifyConstant::packetfixer$tick(J)J with priority 1000, already redirected by connectivity.mixins.json:ServerPlayNetHandlerMixin->@ModifyConstant::playTimeout(J)J with priority 1001
[10:46:55] [pool-3-thread-1/WARN]: Static binding violation: PRIVATE @Overwrite method m_47505_ in modernfix-modernfix.mixins.json:perf.remove_biome_temperature_cache.BiomeMixin cannot reduce visibiliy of PUBLIC target method, visibility will be upgraded.
[10:46:55] [pool-3-thread-1/WARN]: Method overwrite conflict for m_47505_ in lithium.mixins.json:world.temperature_cache.BiomeMixin, previously written by org.embeddedt.modernfix.common.mixin.perf.remove_biome_temperature_cache.BiomeMixin. Skipping method.
[10:46:56] [Render thread/WARN]: Assets URL 'union:/Users/bowieconnors/Documents/GitHub/Install/libraries/net/minecraft/client/1.20.1-20230612.114412/client-1.20.1-20230612.114412-srg.jar%23603!/assets/.mcassetsroot' uses unexpected schema
[10:46:56] [Render thread/WARN]: Assets URL 'union:/Users/bowieconnors/Documents/GitHub/Install/libraries/net/minecraft/client/1.20.1-20230612.114412/client-1.20.1-20230612.114412-srg.jar%23603!/data/.mcassetsroot' uses unexpected schema
[10:46:56] [Render thread/INFO]: Environment: authHost='https://authserver.mojang.com', accountsHost='https://api.mojang.com', sessionHost='https://sessionserver.mojang.com', servicesHost='https://api.minecraftservices.com', name='PROD'
[10:46:57] [Render thread/INFO]: Successfully supplanted UserApiService with a wrapped version.
[10:46:57] [Render thread/INFO]: Setting user: _Apotheotic_
[10:46:57] [Render thread/INFO]: Bypassed Mojang DFU
[10:46:57] [Render thread/INFO]: BeforeConstant is searching for constants in method with descriptor (Lnet/minecraft/network/chat/Component;Lnet/minecraft/client/GuiMessageTag;)V
[10:46:57] [Render thread/INFO]:   BeforeConstant found STRING constant: value = , stringValue = null
[10:46:57] [Render thread/INFO]:     BeforeConstant found a matching constant TYPE at ordinal 0
[10:46:57] [Render thread/INFO]:       BeforeConstant found LdcInsn 
[10:46:57] [Render thread/INFO]:   BeforeConstant found STRING constant: value = \\r, stringValue = null
[10:46:57] [Render thread/INFO]:     BeforeConstant found a matching constant TYPE at ordinal 1
[10:46:57] [Render thread/INFO]:       BeforeConstant found LdcInsn \\r
[10:46:57] [Render thread/INFO]:   BeforeConstant found STRING constant: value = 
, stringValue = null
[10:46:57] [Render thread/INFO]:     BeforeConstant found a matching constant TYPE at ordinal 2
[10:46:57] [Render thread/INFO]:       BeforeConstant found LdcInsn 

[10:46:57] [Render thread/INFO]:   BeforeConstant found STRING constant: value = \\n, stringValue = null
[10:46:57] [Render thread/INFO]:     BeforeConstant found a matching constant TYPE at ordinal 3
[10:46:57] [Render thread/INFO]:       BeforeConstant found LdcInsn \\n
[10:46:57] [Render thread/INFO]:   BeforeConstant found CLASS constant: value = Ljava/lang/String;, typeValue = null
[10:46:57] [Render thread/INFO]:   BeforeConstant found STRING constant: value = [{}] [CHAT] {}, stringValue = null
[10:46:57] [Render thread/INFO]:     BeforeConstant found a matching constant TYPE at ordinal 4
[10:46:57] [Render thread/INFO]:       BeforeConstant found LdcInsn [{}] [CHAT] {}
[10:46:57] [Render thread/INFO]:   BeforeConstant found STRING constant: value = [CHAT] {}, stringValue = null
[10:46:57] [Render thread/INFO]:     BeforeConstant found a matching constant TYPE at ordinal 5
[10:46:57] [Render thread/INFO]:       BeforeConstant found LdcInsn [CHAT] {}
[10:46:57] [Render thread/INFO]: Registered: key.fancytoasts.config_menu
[10:46:57] [Render thread/INFO]: Registered: fancytoasts:textures/toast/vanilla.png
[10:46:57] [Render thread/INFO]: Registered: fancytoasts:textures/toast/nature.png
[10:46:57] [Render thread/INFO]: Registered: fancytoasts:textures/toast/og.png
[10:46:57] [Render thread/INFO]: Registered: fancytoasts:textures/toast/modern.png
[10:46:57] [Render thread/INFO]: Registered: fancytoasts:textures/toast/steamy.png
[10:46:57] [Render thread/INFO]: Registered: fancytoasts:textures/toast/terracraft.png
[10:46:57] [Render thread/INFO]: Registered: fancytoasts:textures/toast/landspaper.png
[10:46:57] [Render thread/INFO]: Registered: fancytoasts:textures/toast/neon.png
[10:46:57] [Render thread/INFO]: Registered: fancytoasts:animations/toast/standard
[10:46:57] [Render thread/INFO]: Registered: fancytoasts:animations/toast/playful
[10:46:57] [Render thread/INFO]: Registered: fancytoasts:animations/toast/quirky
[10:46:57] [Render thread/INFO]: Registered: fancytoasts:animations/toast/oldlike
[10:46:57] [Render thread/WARN]: key.fancytoasts.config_menu already exists, could not add
[10:46:57] [Render thread/INFO]: Returned extended keys
[10:46:57] [Render thread/INFO]: OptiFine not detected.
[10:46:57] [Render thread/INFO]: options.txt already exists - last modified 1786614336290
[10:46:57] [Render thread/INFO]: Loaded default options for extra-folder
[10:46:57] [Render thread/INFO]: Added resource packs: [vanilla, tacz_resources, mod_resources, -1.21.2 Fresh Moves v3.1 (With Animated Eyes).zip, AHM.zip, AnalogueWatchClock-[1.19.3]-1.2.1.zip, Better-Leaves-9.5.zip, Clear Glass Pack 1.20.zip, DarkAtmosphere2.0.zip, Enhanced Audio r7.zip, FA+Emissive-v1.6.zip, FA+Spiders-v2.2.zip, Foliage+ V1.5.9.4.zip, FreshAnimations_v1.10.4.zip, Hidden-Armor-1.2.0.zip, LowOnFire_1.20.1.zip, Moonlight Mods Dynamic Assets, Realistic Combat Soundpack 2.0.zip, Tactical3DTools[10.2].zip, TaxCreepyMob+M.1.20.1+ResP.1.0.0.zip, fabric, §6Dynamic§9Surroundings §2R19.zip, §6Immersive_Interfaces_Modded§8_1.20.x.zip, §6Immersive§8_§6Interfaces§8.zip, §eExtended_Illumina_NEA_1.20x.zip, §e[FORGE]Eating Animations More Compat.zip, TheForestCustomTextures.zip, §l3D§f+Ladders+v1.1.zip]
[10:46:57] [Render thread/INFO]: Starting DI!
[10:46:57] [Render thread/INFO]: Authenticating to Mojang as _Apotheotic_ (aa88add0-bc48-4e1d-bc7d-deac2d196c19)
[10:46:58] [DefaultDispatcher-worker-3/INFO]: Connecting to Essential Connection Manager...
[10:46:58] [DefaultDispatcher-worker-3/INFO]: Using Default JreDnsResolver
[10:46:58] [DefaultDispatcher-worker-3/INFO]: Using Default JreSocketFactory
[10:46:59] [Render thread/INFO]: Backend library: LWJGL version 3.3.1 build 7
[10:46:59] [WebSocketConnectReadThread-78/INFO]: Connected to Essential Connection Manager.
[10:46:59] [Render thread/INFO]: Loaded client.properties
[10:46:59] [Render thread/INFO]: [org.lwjgl.system.ThreadLocalUtil:<clinit>:136]: [LWJGL] [ThreadLocalUtil] Unsupported JNI version detected, this may result in a crash. Please inform LWJGL developers.
[10:46:59] [Render thread/INFO]: OpenGL Vendor: Apple
[10:46:59] [Render thread/INFO]: OpenGL Renderer: Apple M1
[10:46:59] [Render thread/INFO]: OpenGL Version: 4.1 Metal - 90.5
[10:46:59] [Render thread/INFO]: Initializing ImmediatelyFast 1.5.5+1.20.4 on Apple M1 (Apple) with OpenGL 4.1 Metal - 90.5
[10:46:59] [Render thread/WARN]: Apple GPU detected. Disabling fast buffer upload.
[10:47:00] [Render thread/WARN]: Static binding violation: PRIVATE @Overwrite method m_109501_ in embeddium.mixins.json:core.render.world.WorldRendererMixin cannot reduce visibiliy of PUBLIC target method, visibility will be upgraded.
[10:47:00] [Render thread/WARN]: @Redirect conflict. Skipping forge-badoptimizations.mixins.json:MixinWorldRenderer->@Redirect::getSkyAngle(Lnet/minecraft/client/multiplayer/ClientLevel;F)F with priority 700, already redirected by citadel.mixins.json:client.LevelRendererMixin->@Redirect::citadel_getTimeOfDay(Lnet/minecraft/client/multiplayer/ClientLevel;F)F with priority 1000
[10:47:00] [modloading-worker-0/INFO]: [MODERN WORLD CREATION] Starting version 2.0.2 on Forge..
[10:47:00] [modloading-worker-0/INFO]: Visual Health (FORGE) starting!
[10:47:00] [modloading-worker-0/INFO]: Forge client initialization starting
[10:47:00] [modloading-worker-0/INFO]: Visual Health (CLIENT) starting!
[10:47:00] [modloading-worker-0/INFO]: Loaded 25 entity damage overrides
[10:47:00] [modloading-worker-0/INFO]: Applied 0 color overrides, 0 disabled entities
[10:47:00] [modloading-worker-0/INFO]: Visual Health config loaded: 60% wound density, 5 tiers, passive mobs: true, villagers: true, players: true, color: RED
[10:47:00] [modloading-worker-0/INFO]: Visual Health wound textures will load on first use
[10:47:00] [modloading-worker-0/INFO]: Visual Health client initialization complete!
[10:47:00] [modloading-worker-0/INFO]: Registering Visual Health emissive damage overlay layers to entity renderers
[10:47:00] [modloading-worker-0/WARN]: EntityRenderDispatcher is null, will retry later
[10:47:00] [modloading-worker-0/INFO]: Forge client initialization complete
[10:47:00] [modloading-worker-0/INFO]: Visual Health (FORGE) initialization complete!
[10:47:00] [modloading-worker-0/INFO]: Loaded maxhealthfix for Forge.
[10:47:00] [modloading-worker-0/INFO]: SereneSeasons detected. Overriding weather behavior.
[10:47:00] [modloading-worker-0/INFO]: Added listener to client registration of mod impactfulweather
[10:47:00] [modloading-worker-0/INFO]: client setup
[10:47:00] [modloading-worker-0/ERROR]: Mod mixin into Embeddium internals detected. This instance is now tainted. The Embeddium team does not provide any guarantee of support for issues encountered while such mods are installed.
[10:47:00] [modloading-worker-0/WARN]: Mod(s) [sodiumoptionsapi] are modifying Embeddium class me.jellysquid.mods.sodium.client.gui.SodiumOptionsGUI, which may cause instability.
[10:47:00] [modloading-worker-0/INFO]: [LMFT]: Loaded Config File!
[10:47:00] [modloading-worker-0/INFO]: Better Compatibility Checker starting
[10:47:00] [modloading-worker-0/INFO]: Initialised GML mod. Version: 4.0.11
[10:47:00] [modloading-worker-0/INFO]: Constructing common components for leavesbegone:main
[10:47:00] [modloading-worker-0/INFO]: Loaded net.bivrik.fancytoasts.platform.ForgePlatformHelper@7f5ac80c for service interface net.bivrik.fancytoasts.platform.services.IPlatformHelper
[10:47:00] [modloading-worker-0/INFO]: Loaded net.bivrik.fancytoasts.platform.ForgeJadeHelper@359e0790 for service interface net.bivrik.fancytoasts.platform.services.IJadeHelper
[10:47:00] [modloading-worker-0/INFO]: Loaded net.bivrik.fancytoasts.platform.ForgeFTBQuestsHelper@3d6f4f39 for service interface net.bivrik.fancytoasts.platform.services.IFTBQuestsHelper
[10:47:00] [modloading-worker-0/INFO]: Loaded net.bivrik.fancytoasts.platform.ForgeAetherHelper@719b696e for service interface net.bivrik.fancytoasts.platform.services.IAetherHelper
[10:47:00] [modloading-worker-0/INFO]: Loaded net.bivrik.fancytoasts.platform.ForgeDawnEraHelper@4c518ad7 for service interface net.bivrik.fancytoasts.platform.services.IDawnEraHelper
[10:47:00] [modloading-worker-0/INFO]: Initialization on Forge in a production environment
[10:47:00] [ForkJoinPool.commonPool-worker-4/INFO]: Reading credits from cache './bivrik/mods/fancytoasts.json'...
[10:47:00] [ForkJoinPool.commonPool-worker-1/INFO]: Reading credits from cache './bivrik/common.json'...
[10:47:00] [ForkJoinPool.commonPool-worker-4/INFO]: Successfully read credits
[10:47:00] [ForkJoinPool.commonPool-worker-1/INFO]: Successfully read credits
[10:47:00] [modloading-worker-0/INFO]: Successfully read config file with following content:
[10:47:00] [modloading-worker-0/INFO]: ToastConfigData{path='./config/fancytoasts/toast.json', version='1', textureId='fancytoasts:textures/toast/vanilla.png', animationId='fancytoasts:animations/toast/standard', soundIds='{TASK=minecraft:entity.allay.ambient_with_item, GOAL=minecraft:entity.firework_rocket.twinkle_far, CHALLENGE=minecraft:ui.toast.challenge_complete}'}
[10:47:00] [modloading-worker-0/INFO]: Advanced Wall Climber API initialized!
[10:47:00] [modloading-worker-0/INFO]: Successfully read config file with following content:
[10:47:00] [modloading-worker-0/INFO]: GeneralConfigData{path='./config/fancytoasts/general.json', version='3', isJadeHiding='true', isBossBarHiding='true', isAetherEnabled='true', areSoundsEnabled='true', taskVolume='1.0', goalVolume='1.0', challengeVolume='1.0', loopsStrength='1.0', loopsSpeed='1.0', pitchRandomness='0.05', animationSpeed='1.0', offsetX='0', offsetY='-50', toastAnchor='TOP', toastScreenBehavior='TRANSPARENT', titleDisplayTextType='DEFAULT', descriptionDisplayTextType='DEFAULT'}
[10:47:00] [modloading-worker-0/INFO]: Successfully read config file with following content:
[10:47:00] [modloading-worker-0/INFO]: ToastsFilteringData{path='./config/fancytoasts/toast_filtering.json', version='1', fancyAdvancementToastsEnabled='true', fancyQuestsToastsEnabled='true', advancementToastsEnabled='true', recipeToastsEnabled='true', systemToastsEnabled='true', tutorialToastsEnabled='true', typesToIgnore='{TASK=false, GOAL=false, CHALLENGE=false}', toastsToIgnore='[]'}
[10:47:00] [modloading-worker-0/INFO]: Initializing Sound of Rain mod
[10:47:00] [modloading-worker-0/INFO]: [net.norevy.optileaves.optileaves:<init>:30]: [OptiLeaves] Initializing mod...
[10:47:00] [modloading-worker-0/INFO]: [net.norevy.optileaves.config.optileavesConfig:initializeDefaults:74]: [OptiLeaves] Config initialized with defaults: enabled=true, depth=2, debug=false
[10:47:00] [modloading-worker-0/INFO]: [net.norevy.optileaves.config.optileavesConfig:load:123]: [OptiLeaves] Loading configuration from /Users/bowieconnors/Documents/GitHub/Instances/The-Forest---Development/config/optileaves.json
[10:47:00] [modloading-worker-0/INFO]: [net.norevy.optileaves.config.optileavesConfig:load:146]: [OptiLeaves] Configuration loaded: enabled=true, depth=2, debug=false
[10:47:00] [modloading-worker-0/INFO]: [net.norevy.optileaves.optileaves:<init>:37]: [OptiLeaves] Configuration loaded. Enabled: true, Depth: 2
[10:47:00] [modloading-worker-0/INFO]: Loaded config for: connectivity.json
[10:47:00] [modloading-worker-0/INFO]: forge loader environment detected
[10:47:00] [modloading-worker-0/INFO]: Reading starting inventory config
[10:47:00] [modloading-worker-0/INFO]: Loaded 6 starting items.
[10:47:00] [modloading-worker-0/INFO]: [MossyLib]: MossyLib Initialized
[10:47:00] [modloading-worker-0/INFO]: [MossyLib/Client]: MossyLib Client Initialized
[10:47:00] [modloading-worker-0/INFO]: [Indigo] Registering Indigo renderer!
[10:47:01] [modloading-worker-0/INFO]: [OmegaFlashlight] constructed
[10:47:01] [modloading-worker-0/INFO]: [Inventory Particles]: Inventory Particles Initialized
[10:47:01] [modloading-worker-0/INFO]: [Inventory Particles/Client]: Inventory Particles Client Initialized
[10:47:01] [modloading-worker-0/INFO]: Forge mod loading, version 47.4.15, for MC 1.20.1 with MCP 20230612.114412
[10:47:01] [modloading-worker-0/INFO]: MinecraftForge v47.4.15 Initialized
[10:47:01] [modloading-worker-0/INFO]: Sending ConfigManager...
[10:47:01] [modloading-worker-0/INFO]: Sending ConfigManager took 1.880 ms
[10:47:01] [modloading-worker-0/INFO]: Processing 7 KiwiModule annotations
[10:47:01] [modloading-worker-0/INFO]: [DRIPPY LOADING SCREEN] Loading v3.1.0 in client-side mode on FORGE!
[10:47:01] [modloading-worker-0/INFO]: Loading Fog.
[10:47:01] [modloading-worker-0/INFO]: Deserializing FogConfig from '/Users/bowieconnors/Documents/GitHub/Instances/The-Forest---Development/config/fog/config.json'
[10:47:01] [modloading-worker-0/INFO]: [yalter.mousetweaks.Logger:Log:6]: [Mouse Tweaks] Main.initialize()
[10:47:01] [modloading-worker-0/INFO]: [yalter.mousetweaks.Logger:Log:6]: [Mouse Tweaks] Initialized.
[10:47:01] [modloading-worker-0/INFO]: Necronomicon Initialized
[10:47:01] [modloading-worker-0/INFO]: File exists, reading config for elocindev.necronomicon.NecronomiconConfig.
[10:47:01] [modloading-worker-0/INFO]: Config for elocindev.necronomicon.NecronomiconConfig read successfully.
[10:47:01] [modloading-worker-0/INFO]: there is a brick about to fall through your roof at terminal velocity
[10:47:01] [modloading-worker-0/INFO]: Ksyxis: Loading... (platform: forge, version: 1.4.3, manual: false)
[10:47:01] [modloading-worker-0/INFO]: Ksyxis: Ready to remove unneeded chunks. (mixinVersion: 0.8.5, time: 0 ms)
[10:47:01] [modloading-worker-0/WARN]: Error loading class: net/irisshaders/batchedentityrendering/impl/FullyBufferedMultiBufferSource (java.lang.ClassNotFoundException: net.irisshaders.batchedentityrendering.impl.FullyBufferedMultiBufferSource)
[10:47:01] [modloading-worker-0/INFO]: Compat mixin applied: CompatBufferSourceMixin -> net.raphimc.immediatelyfast.feature.core.BatchableBufferSource (for Iris/ImmediatelyFast)
[10:47:01] [modloading-worker-0/INFO]: Beginning lexicon shelving!
[10:47:01] [modloading-worker-0/INFO]: Shelved lexicon com.codinglitch.lexiconfig.LexiconfigConfig@30ed512c!
[10:47:01] [modloading-worker-0/INFO]: Shelved lexicon com.codinglitch.simpleradio.SimpleRadioServerConfig@2a8248c6!
[10:47:01] [modloading-worker-0/INFO]: Shelved lexicon com.codinglitch.simpleradio.SimpleRadioClientConfig@8acbaf0!
[10:47:01] [modloading-worker-0/INFO]: Kotlin For Forge Enabled!
[10:47:01] [modloading-worker-0/INFO]: Loaded config subtle_effects:general in 795ms
[10:47:01] [modloading-worker-0/INFO]: Constructing common components for puzzleslib:main
[10:47:01] [modloading-worker-0/INFO]: Constructing client components for puzzleslib:main
[10:47:01] [modloading-worker-0/INFO]: Registering config for defaultoptions:common (COMMON) with 3 properties.
[10:47:01] [modloading-worker-0/INFO]: Loading FirstPerson Mod
[10:47:01] [modloading-worker-0/INFO]: Registering config for kleeslabs:common (COMMON) with 3 properties.
[10:47:01] [modloading-worker-0/INFO]: Loaded config subtle_effects:blocks in 115ms
[10:47:01] [modloading-worker-0/INFO]: Doing super early config setup for zeta
[10:47:01] [modloading-worker-0/INFO]: [MELODY] Loading Melody background audio library..
[10:47:01] [modloading-worker-0/WARN]: Modified mixin "dev.uncandango.alltheleaks.mixin.core.main.RecipeCrawlHandlerMixin". Check debug logs for more information.
[10:47:01] [modloading-worker-0/WARN]: Modified mixin "dev.uncandango.alltheleaks.mixin.core.main.RecipeCrawlHandlerMixin". Check debug logs for more information.
[10:47:01] [modloading-worker-0/WARN]: Modified mixin "dev.uncandango.alltheleaks.mixin.core.main.RecipeCrawlHandlerMixin". Check debug logs for more information.
[10:47:01] [modloading-worker-0/INFO]: Loaded config subtle_effects:entities in 49ms
[10:47:01] [modloading-worker-0/INFO]: Fixing MC-151457. Crafting remainder for minecraft:pufferfish_bucket is now minecraft:bucket.
[10:47:01] [modloading-worker-0/INFO]: Fixing MC-151457. Crafting remainder for minecraft:salmon_bucket is now minecraft:bucket.
[10:47:01] [modloading-worker-0/INFO]: Fixing MC-151457. Crafting remainder for minecraft:cod_bucket is now minecraft:bucket.
[10:47:01] [modloading-worker-0/INFO]: Fixing MC-151457. Crafting remainder for minecraft:tropical_fish_bucket is now minecraft:bucket.
[10:47:01] [modloading-worker-0/INFO]: Fixing MC-151457. Crafting remainder for minecraft:axolotl_bucket is now minecraft:bucket.
[10:47:01] [modloading-worker-0/INFO]: Fixing MC-151457. Crafting remainder for minecraft:powder_snow_bucket is now minecraft:bucket.
[10:47:01] [modloading-worker-0/INFO]: Fixing MC-151457. Crafting remainder for minecraft:tadpole_bucket is now minecraft:bucket.
[10:47:01] [modloading-worker-0/INFO]: Loaded config subtle_effects:environment in 71ms
[10:47:01] [modloading-worker-0/INFO]: Loaded config :particle_core_config in 46ms
[10:47:01] [modloading-worker-0/INFO]: Loaded config fzzy_config:keybinds in 36ms
[10:47:01] [modloading-worker-0/INFO]: [ETF]: Modifying ETF Render State constructor because: for EMF
[10:47:01] [modloading-worker-0/INFO]: Loading Entity Model Features, one of the mods ever made!
[10:47:01] [modloading-worker-0/INFO]: [KONKRETE] Successfully initialized!
[10:47:01] [modloading-worker-0/INFO]: [KONKRETE] Server-side libs ready to use!
[10:47:01] [modloading-worker-0/INFO]: Loading Entity Texture Features, why does no one download Solid Mobs :(
[10:47:01] [modloading-worker-0/INFO]: Loaded config subtle_effects:items in 18ms
[10:47:01] [modloading-worker-0/INFO]: Initializing Reactive Music...
[10:47:01] [modloading-worker-0/INFO]: Macaw's Biomes O' Plenty Loading...
[10:47:01] [modloading-worker-0/INFO]: AddonsLib Forge !
[10:47:01] [modloading-worker-0/INFO]: Loading Collective version 8.39.
[10:47:02] [modloading-worker-0/INFO]: [ETF]: 6 new ETF Random Properties registered by entity_model_features
[10:47:02] [modloading-worker-0/INFO]: Macaw's Biomes O' Plenty Is Charged !
[10:47:02] [modloading-worker-0/INFO]: Registering S2C receiver with id architectury:sync_ids
[10:47:02] [modloading-worker-0/INFO]: Registering C2S receiver with id architectury:sync_ids
[10:47:02] [modloading-worker-0/INFO]: Registering S2C receiver with id ftbultimine:send_shape
[10:47:02] [modloading-worker-0/INFO]: Registering C2S receiver with id ftbultimine:key_pressed
[10:47:02] [modloading-worker-0/INFO]: Registering C2S receiver with id ftbultimine:mode_changed
[10:47:02] [modloading-worker-0/INFO]: Registering S2C receiver with id ftbultimine:sync_config_from_server
[10:47:02] [modloading-worker-0/INFO]: Registering C2S receiver with id ftbultimine:sync_config_to_server
[10:47:02] [modloading-worker-0/INFO]: Registering S2C receiver with id ftbultimine:edit_config
[10:47:02] [modloading-worker-0/INFO]: Registering S2C receiver with id ftbultimine:sync_ultimine_time
[10:47:02] [modloading-worker-0/INFO]: Auto-Subscribing EBS class com.matyrobbrt.eatinganimation.EventListeners to bus Lorg/groovymc/gml/bus/type/ForgeBus;
[10:47:02] [modloading-worker-0/INFO]: Auto-Subscribing EBS class com.matyrobbrt.eatinganimation.ClientSetup to bus Lorg/groovymc/gml/bus/type/ModBus;
[10:47:02] [modloading-worker-0/INFO]: Forge please do the world a favor and STOP EXISTING!!
[10:47:02] [modloading-worker-0/INFO]: Registering S2C receiver with id ftblibrary:edit_nbt
[10:47:02] [modloading-worker-0/INFO]: Registering C2S receiver with id ftblibrary:edit_nbt_response
[10:47:02] [modloading-worker-0/INFO]: Registering S2C receiver with id ftblibrary:sync_known_server_registries
[10:47:02] [modloading-worker-0/INFO]: Registering S2C receiver with id ftblibrary:edit_config
[10:47:02] [modloading-worker-0/INFO]: Registering C2S receiver with id walkietalkie:updatewalkietalkie_c2s
[10:47:02] [modloading-worker-0/INFO]: Loaded config for: cupboard.json
[10:47:02] [modloading-worker-0/INFO]: Registering C2S receiver with id walkietalkie:updatespeaker_c2s
[10:47:02] [modloading-worker-0/INFO]: Registering C2S receiver with id walkietalkie:activatekeypressed_c2s
[10:47:02] [modloading-worker-0/INFO]: Registering S2C receiver with id walkietalkie:updatewalkietalkie_s2c
[10:47:02] [modloading-worker-0/WARN]: @ModifyConstant conflict. Skipping packetfixer.v1_19_4.forge.mixins.json:v1_19_4_forge.ServerLoginPacketListenerImplMixin->@ModifyConstant::packetfixer$tick(I)I with priority 1000, already redirected by connectivity.mixins.json:ServerLoginNetHandlerMixin->@ModifyConstant::loginTimeout(I)I with priority 1001
[10:47:02] [modloading-worker-0/INFO]: Loaded common.properties
[10:47:02] [modloading-worker-0/INFO]: Loaded dev.properties
[10:47:02] [modloading-worker-0/INFO]: Looking for KubeJS plugins...
[10:47:02] [modloading-worker-0/INFO]: Registering S2C receiver with id octolib:config_sync
[10:47:02] [modloading-worker-0/INFO]: Found plugin source kubejs
[10:47:02] [modloading-worker-0/WARN]: Plugin dev.latvian.mods.kubejs.integration.forge.gamestages.GameStagesIntegration does not have required mod gamestages loaded, skipping
[10:47:02] [modloading-worker-0/INFO]: Found plugin source exposure
[10:47:02] [modloading-worker-0/INFO]: Found plugin source tacz
[10:47:02] [modloading-worker-0/INFO]: Done in 17.70 ms
[10:47:02] [modloading-worker-0/INFO]: Deserializing Config from '/Users/bowieconnors/Documents/GitHub/Instances/The-Forest---Development/config/autohud.json5'
[10:47:02] [modloading-worker-0/INFO]: [dev.tr7zw.trender.gui.impl.client.LibGuiClient:onInitializeClient:37]: [TRender] Initializing Client...
[10:47:02] [modloading-worker-0/INFO]: NoChatRestrictions Forge mod initialized!
[10:47:02] [modloading-worker-0/INFO]: Chloride is here, lets make your experience taste-able
[10:47:02] [modloading-worker-0/INFO]: Loading Rhino Minecraft remapper...
[10:47:02] [modloading-worker-0/INFO]: Rhino properties loaded.
[10:47:02] [modloading-worker-0/INFO]: Loading mappings for 1.20.1
[10:47:02] [modloading-worker-0/INFO]: Deserializing UISoundsConfig from '/Users/bowieconnors/Documents/GitHub/Instances/The-Forest---Development/config/sounds/ui.json'
[10:47:02] [modloading-worker-0/INFO]: Deserializing ChatSoundsConfig from '/Users/bowieconnors/Documents/GitHub/Instances/The-Forest---Development/config/sounds/chat.json'
[10:47:02] [modloading-worker-0/INFO]: Deserializing ModConfig from '/Users/bowieconnors/Documents/GitHub/Instances/The-Forest---Development/config/sounds/mod_utils.json'
[10:47:02] [modloading-worker-0/INFO]: Deserializing WorldSoundsConfig from '/Users/bowieconnors/Documents/GitHub/Instances/The-Forest---Development/config/sounds/world.json'
[10:47:02] [modloading-worker-0/INFO]: Deserializing EventSoundsConfig from '/Users/bowieconnors/Documents/GitHub/Instances/The-Forest---Development/config/sounds/event.json'
[10:47:02] [modloading-worker-0/INFO]: Done in 0.089 s
[10:47:02] [modloading-worker-0/INFO]: Serializing class dev.imb11.sounds.config.ChatSoundsConfig to '/Users/bowieconnors/Documents/GitHub/Instances/The-Forest---Development/config/sounds/chat.json'
[10:47:02] [modloading-worker-0/INFO]: [net.lizistired.cavedust.CaveDust:initializeClient:27]: /Users/bowieconnors/Documents/GitHub/Instances/The-Forest---Development/config
[10:47:02] [modloading-worker-0/INFO]: Midnight Nightmares initialized
[10:47:02] [modloading-worker-0/INFO]: [FANCYMENU] Loading v3.8.1 in client-side mode on FORGE!
[10:47:02] [modloading-worker-0/INFO]: Deserializing YACLConfig from '/Users/bowieconnors/Documents/GitHub/Instances/The-Forest---Development/config/yacl.json5'
[10:47:02] [modloading-worker-0/INFO]: [JUST ZOOM] Starting version 2.1.1 on Forge..
[10:47:02] [modloading-worker-0/INFO]: Presence Footsteps starting
[10:47:03] [modloading-worker-0/INFO]: Loaded script startup_scripts:potion_stack.js in 0.048 s
[10:47:03] [modloading-worker-0/INFO]: Loaded script startup_scripts:block_properties.js in 0.003 s
[10:47:03] [modloading-worker-0/INFO]: Loaded 2/2 KubeJS startup scripts in 0.441 s with 0 errors and 0 warnings
[10:47:03] [modloading-worker-0/INFO]: Loaded script client_scripts:tooltips.js in 0.002 s
[10:47:03] [modloading-worker-0/INFO]: Loaded 1/1 KubeJS client scripts in 0.018 s with 0 errors and 0 warnings
[10:47:03] [modloading-worker-0/INFO]: Registering C2S receiver with id kubejs:send_data_from_client
[10:47:03] [modloading-worker-0/INFO]: Registering S2C receiver with id kubejs:send_data_from_server
[10:47:03] [modloading-worker-0/INFO]: Registering S2C receiver with id kubejs:paint
[10:47:03] [modloading-worker-0/INFO]: Registering S2C receiver with id kubejs:add_stage
[10:47:03] [modloading-worker-0/INFO]: Registering S2C receiver with id kubejs:remove_stage
[10:47:03] [modloading-worker-0/INFO]: Registering S2C receiver with id kubejs:sync_stages
[10:47:03] [modloading-worker-0/INFO]: Registering C2S receiver with id kubejs:first_click
[10:47:03] [modloading-worker-0/INFO]: Registering S2C receiver with id kubejs:toast
[10:47:03] [modloading-worker-0/INFO]: Registering S2C receiver with id kubejs:reload_startup_scripts
[10:47:03] [modloading-worker-0/INFO]: Registering S2C receiver with id kubejs:display_server_errors
[10:47:03] [modloading-worker-0/INFO]: Registering S2C receiver with id kubejs:display_client_errors
[10:47:03] [modloading-worker-0/INFO]: Yuushya has been loaded successfully!
[10:47:04] [Render thread/INFO]: Module [snowrealmagic:core] initialized
[10:47:04] [Render thread/INFO]: 		block: 7, block_entity_type: 2, entity_type: 1, loot_pool_entry_type: 1
[10:47:04] [Render thread/INFO]: Module [kiwi:data] initialized
[10:47:04] [Render thread/INFO]: 		recipe_serializer: 3
[10:47:05] [Render thread/WARN]: Registry entry listened Registry Entry [minecraft:particle_type / footprintparticle:watermark] was not realized!
[10:47:05] [Render thread/WARN]: Registry entry listened Registry Entry [minecraft:particle_type / footprintparticle:watersplash] was not realized!
[10:47:05] [Render thread/WARN]: Registry entry listened Registry Entry [minecraft:particle_type / footprintparticle:snowdust] was not realized!
[10:47:05] [Render thread/WARN]: Registry entry listened Registry Entry [minecraft:particle_type / footprintparticle:footprint] was not realized!
[10:47:05] [Render thread/WARN]: Registry entry listened Registry Entry [minecraft:particle_type / footprintparticle:watermark] was not realized!
[10:47:05] [Render thread/WARN]: Registry entry listened Registry Entry [minecraft:particle_type / footprintparticle:watersplash] was not realized!
[10:47:05] [Render thread/WARN]: Registry entry listened Registry Entry [minecraft:particle_type / footprintparticle:snowdust] was not realized!
[10:47:05] [Render thread/WARN]: Registry entry listened Registry Entry [minecraft:particle_type / footprintparticle:footprint] was not realized!
[10:47:05] [Render thread/WARN]: Modified mixin "dev.uncandango.alltheleaks.mixin.core.main.GeoModelMixin". Check debug logs for more information.
[10:47:05] [Render thread/INFO]: Initialized block sets in 16ms
[10:47:06] [Render thread/INFO]: Instantiating Mojang DFU
[10:47:06] [Datafixer Bootstrap/INFO]: 188 Datafixer optimizations took 95 milliseconds
[10:47:06] [Render thread/INFO]: Replacing search trees with 'JEI' provider
[10:47:07] [Render thread/INFO]: [OmegaFlashlight] Sodium/Embeddium detected вЂ” NOT loading the vanilla terrain core shaders (terrain lighting goes through chunk-shader injection; this also avoids the 'incompatible core shader' warning).
[10:47:07] [Render thread/INFO]: Registering CHLORIDE built-in packs
[10:47:07] [Render thread/INFO]: Start scanning for gun packs in /Users/bowieconnors/Documents/GitHub/Instances/The-Forest---Development/tacz
[10:47:07] [Render thread/INFO]: - Hunting_guns, Main namespace: qkl
[10:47:07] [Render thread/INFO]: - tacz_default_gun, Main namespace: tacz
[10:47:07] [Render thread/INFO]: Found 2 possible gunpack(s) and added them to resource set.
[10:47:07] [Render thread/INFO]: Block minecraft:birch_leaves had its color provider replaced and will not use per-vertex coloring
[10:47:07] [Render thread/INFO]: loaded in block colorizer
[10:47:07] [Render thread/INFO]: loaded in item colorizer
[10:47:07] [Render thread/WARN]: Mod(s) [entity_texture_features] are modifying Embeddium class me.jellysquid.mods.sodium.client.render.vertex.buffer.SodiumBufferBuilder, which may cause instability.
[10:47:07] [Render thread/WARN]: Mod(s) [omegaflashlight] are modifying Embeddium class me.jellysquid.mods.sodium.client.render.SodiumWorldRenderer, which may cause instability.
[10:47:08] [Render thread/INFO]: [FANCYMENU] Registering resource reload listener..
[10:47:08] [Render thread/WARN]: Error loading class: gg/essential/event/essential/TosAcceptedEvent (java.lang.ClassNotFoundException: gg.essential.event.essential.TosAcceptedEvent)
[10:47:08] [Render thread/INFO]: Instancing error handler class com.illusivesoulworks.polymorph.mixin.IntegratedMixinPlugin
[10:47:08] [Render thread/FATAL]: Mixin apply failed essentialpatcher.mixins.json:gui.WikiToastMixin -> gg.essential.handlers.WikiToastListener: org.spongepowered.asm.mixin.transformer.throwables.InvalidMixinException Unexpecteded ClassMetadataNotFoundException whilst transforming the mixin class: [MAIN Applicator Phase -> essentialpatcher.mixins.json:gui.WikiToastMixin -> Apply Methods -> (Lgg/essential/event/essential/TosAcceptedEvent;Lorg/spongepowered/asm/mixin/injection/callback/CallbackInfo;)V:handler$ghe000$onWikiToast -> Transform LVT -> var=event -> desc=Lgg/essential/event/essential/TosAcceptedEvent;]
org.spongepowered.asm.mixin.transformer.throwables.InvalidMixinException: Unexpecteded ClassMetadataNotFoundException whilst transforming the mixin class: [MAIN Applicator Phase -> essentialpatcher.mixins.json:gui.WikiToastMixin -> Apply Methods -> (Lgg/essential/event/essential/TosAcceptedEvent;Lorg/spongepowered/asm/mixin/injection/callback/CallbackInfo;)V:handler$ghe000$onWikiToast -> Transform LVT -> var=event -> desc=Lgg/essential/event/essential/TosAcceptedEvent;]
	at org.spongepowered.asm.mixin.transformer.MixinTargetContext.transformMethod(MixinTargetContext.java:491) ~[mixin-0.8.5.jar:0.8.5+Jenkins-b310.git-155314e6e91465dad727e621a569906a410cd6f4]
	at org.spongepowered.asm.mixin.transformer.MixinApplicatorStandard.applyNormalMethod(MixinApplicatorStandard.java:532) ~[mixin-0.8.5.jar:0.8.5+Jenkins-b310.git-155314e6e91465dad727e621a569906a410cd6f4]
	at org.spongepowered.asm.mixin.transformer.MixinApplicatorStandard.applyMethods(MixinApplicatorStandard.java:518) ~[mixin-0.8.5.jar:0.8.5+Jenkins-b310.git-155314e6e91465dad727e621a569906a410cd6f4]
	at org.spongepowered.asm.mixin.transformer.MixinApplicatorStandard.applyMixin(MixinApplicatorStandard.java:386) ~[mixin-0.8.5.jar:0.8.5+Jenkins-b310.git-155314e6e91465dad727e621a569906a410cd6f4]
	at org.spongepowered.asm.mixin.transformer.MixinApplicatorStandard.apply(MixinApplicatorStandard.java:325) ~[mixin-0.8.5.jar:0.8.5+Jenkins-b310.git-155314e6e91465dad727e621a569906a410cd6f4]
	at org.spongepowered.asm.mixin.transformer.TargetClassContext.apply(TargetClassContext.java:383) ~[mixin-0.8.5.jar:0.8.5+Jenkins-b310.git-155314e6e91465dad727e621a569906a410cd6f4]
	at org.spongepowered.asm.mixin.transformer.TargetClassContext.applyMixins(TargetClassContext.java:365) ~[mixin-0.8.5.jar:0.8.5+Jenkins-b310.git-155314e6e91465dad727e621a569906a410cd6f4]
	at org.spongepowered.asm.mixin.transformer.MixinProcessor.applyMixins(MixinProcessor.java:363) ~[mixin-0.8.5.jar:0.8.5+Jenkins-b310.git-155314e6e91465dad727e621a569906a410cd6f4]
	at org.spongepowered.asm.mixin.transformer.MixinTransformer.transformClass(MixinTransformer.java:250) ~[mixin-0.8.5.jar:0.8.5+Jenkins-b310.git-155314e6e91465dad727e621a569906a410cd6f4]
	at org.spongepowered.asm.service.modlauncher.MixinTransformationHandler.processClass(MixinTransformationHandler.java:131) ~[mixin-0.8.5.jar:0.8.5+Jenkins-b310.git-155314e6e91465dad727e621a569906a410cd6f4]
	at org.spongepowered.asm.launch.MixinLaunchPluginLegacy.processClass(MixinLaunchPluginLegacy.java:131) ~[mixin-0.8.5.jar:0.8.5+Jenkins-b310.git-155314e6e91465dad727e621a569906a410cd6f4]
	at cpw.mods.modlauncher.serviceapi.ILaunchPluginService.processClassWithFlags(ILaunchPluginService.java:156) ~[modlauncher-10.0.9.jar:10.0.9+10.0.9+main.dcd20f30]
	at cpw.mods.modlauncher.LaunchPluginHandler.offerClassNodeToPlugins(LaunchPluginHandler.java:88) ~[modlauncher-10.0.9.jar:?]
	at cpw.mods.modlauncher.ClassTransformer.transform(ClassTransformer.java:120) ~[modlauncher-10.0.9.jar:?]
	at cpw.mods.modlauncher.TransformingClassLoader.maybeTransformClassBytes(TransformingClassLoader.java:50) ~[modlauncher-10.0.9.jar:?]
	at cpw.mods.cl.ModuleClassLoader.readerToClass(ModuleClassLoader.java:113) ~[securejarhandler-2.1.10.jar:?]
	at cpw.mods.cl.ModuleClassLoader.lambda$findClass$15(ModuleClassLoader.java:219) ~[securejarhandler-2.1.10.jar:?]
	at cpw.mods.cl.ModuleClassLoader.loadFromModule(ModuleClassLoader.java:229) ~[securejarhandler-2.1.10.jar:?]
	at cpw.mods.cl.ModuleClassLoader.findClass(ModuleClassLoader.java:219) ~[securejarhandler-2.1.10.jar:?]
	at cpw.mods.cl.ModuleClassLoader.loadClass(ModuleClassLoader.java:135) ~[securejarhandler-2.1.10.jar:?]
	at java.lang.ClassLoader.loadClass(Unknown Source) ~[?:?]
	at gg.essential.Essential.init(Essential.java:325) ~[Essential%20(forge_1.20.1).jar%231022!/:?]
	at gg.essential.Essential.initialize(Essential.java:188) ~[Essential%20(forge_1.20.1).jar%231022!/:?]
	at gg.essential.lib.kbrewster.eventbus.EventBus$Subscriber.invoke(eventbus.kt:29) ~[Essential%20(forge_1.20.1).jar%231022!/:?]
	at gg.essential.util.EventBus.post(eventbus.kt:131) ~[Essential%20(forge_1.20.1).jar%231022!/:?]
	at gg.essential.mixins.impl.client.MinecraftHook.startGame(MinecraftHook.java:42) ~[Essential%20(forge_1.20.1).jar%231022!/:?]
	at net.minecraft.client.Minecraft.handler$cdg001$init(Minecraft.java:14094) ~[client-1.20.1-20230612.114412-srg.jar%23603!/:?]
	at net.minecraft.client.Minecraft.<init>(Minecraft.java:548) ~[client-1.20.1-20230612.114412-srg.jar%23603!/:?]
	at net.minecraft.client.main.Main.main(Main.java:182) ~[forge-47.4.15.jar:?]
	at jdk.internal.reflect.DirectMethodHandleAccessor.invoke(Unknown Source) ~[?:?]
	at java.lang.reflect.Method.invoke(Unknown Source) ~[?:?]
	at net.minecraftforge.fml.loading.targets.CommonLaunchHandler.runTarget(CommonLaunchHandler.java:111) ~[fmlloader-1.20.1-47.4.15.jar:?]
	at net.minecraftforge.fml.loading.targets.CommonLaunchHandler.clientService(CommonLaunchHandler.java:99) ~[fmlloader-1.20.1-47.4.15.jar:?]
	at net.minecraftforge.fml.loading.targets.CommonClientLaunchHandler.lambda$makeService$0(CommonClientLaunchHandler.java:25) ~[fmlloader-1.20.1-47.4.15.jar:?]
	at cpw.mods.modlauncher.LaunchServiceHandlerDecorator.launch(LaunchServiceHandlerDecorator.java:30) ~[modlauncher-10.0.9.jar:?]
	at cpw.mods.modlauncher.LaunchServiceHandler.launch(LaunchServiceHandler.java:53) ~[modlauncher-10.0.9.jar:?]
	at cpw.mods.modlauncher.LaunchServiceHandler.launch(LaunchServiceHandler.java:71) ~[modlauncher-10.0.9.jar:?]
	at cpw.mods.modlauncher.Launcher.run(Launcher.java:108) ~[modlauncher-10.0.9.jar:?]
	at cpw.mods.modlauncher.Launcher.main(Launcher.java:78) ~[modlauncher-10.0.9.jar:?]
	at cpw.mods.modlauncher.BootstrapLaunchConsumer.accept(BootstrapLaunchConsumer.java:26) ~[modlauncher-10.0.9.jar:?]
	at cpw.mods.modlauncher.BootstrapLaunchConsumer.accept(BootstrapLaunchConsumer.java:23) ~[modlauncher-10.0.9.jar:?]
	at cpw.mods.bootstraplauncher.BootstrapLauncher.main(BootstrapLauncher.java:141) ~[bootstraplauncher-1.1.2.jar:?]
Caused by: org.spongepowered.asm.mixin.throwables.ClassMetadataNotFoundException: gg.essential.event.essential.TosAcceptedEvent
	at org.spongepowered.asm.mixin.transformer.MixinTargetContext.transformSingleDescriptor(MixinTargetContext.java:983) ~[mixin-0.8.5.jar:0.8.5+Jenkins-b310.git-155314e6e91465dad727e621a569906a410cd6f4]
	at org.spongepowered.asm.mixin.transformer.MixinTargetContext.transformSingleDescriptor(MixinTargetContext.java:943) ~[mixin-0.8.5.jar:0.8.5+Jenkins-b310.git-155314e6e91465dad727e621a569906a410cd6f4]
	at org.spongepowered.asm.mixin.transformer.MixinTargetContext.transformLVT(MixinTargetContext.java:544) ~[mixin-0.8.5.jar:0.8.5+Jenkins-b310.git-155314e6e91465dad727e621a569906a410cd6f4]
	at org.spongepowered.asm.mixin.transformer.MixinTargetContext.transformMethod(MixinTargetContext.java:450) ~[mixin-0.8.5.jar:0.8.5+Jenkins-b310.git-155314e6e91465dad727e621a569906a410cd6f4]
	... 41 more
[10:47:08] [Render thread/FATAL]: Preparing crash report with UUID b7e99e84-0ce2-4efc-b75b-6ad3acb1b226
[10:47:08] [Render thread/INFO]: [net.minecraft.server.Bootstrap:m_135875_:151]: ---- Minecraft Crash Report ----
// Embeddium instance tainted by mods: [entity_texture_features, sodiumoptionsapi, omegaflashlight]
// Please do not reach out for Embeddium support without removing these mods first.
// -------
// Oh - I know what I did wrong!

Time: 2026-08-14 10:47:08
Description: Initializing game

org.spongepowered.asm.mixin.transformer.throwables.MixinTransformerError: An unexpected critical error was encountered
	at org.spongepowered.asm.mixin.transformer.MixinProcessor.applyMixins(MixinProcessor.java:392) ~[mixin-0.8.5.jar:0.8.5+Jenkins-b310.git-155314e6e91465dad727e621a569906a410cd6f4] {}
	at org.spongepowered.asm.mixin.transformer.MixinTransformer.transformClass(MixinTransformer.java:250) ~[mixin-0.8.5.jar:0.8.5+Jenkins-b310.git-155314e6e91465dad727e621a569906a410cd6f4] {}
	at org.spongepowered.asm.service.modlauncher.MixinTransformationHandler.processClass(MixinTransformationHandler.java:131) ~[mixin-0.8.5.jar:0.8.5+Jenkins-b310.git-155314e6e91465dad727e621a569906a410cd6f4] {}
	at org.spongepowered.asm.launch.MixinLaunchPluginLegacy.processClass(MixinLaunchPluginLegacy.java:131) ~[mixin-0.8.5.jar:0.8.5+Jenkins-b310.git-155314e6e91465dad727e621a569906a410cd6f4] {}
	at cpw.mods.modlauncher.serviceapi.ILaunchPluginService.processClassWithFlags(ILaunchPluginService.java:156) ~[modlauncher-10.0.9.jar:10.0.9+10.0.9+main.dcd20f30] {}
	at cpw.mods.modlauncher.LaunchPluginHandler.offerClassNodeToPlugins(LaunchPluginHandler.java:88) ~[modlauncher-10.0.9.jar:?] {}
	at cpw.mods.modlauncher.ClassTransformer.transform(ClassTransformer.java:120) ~[modlauncher-10.0.9.jar:?] {}
	at cpw.mods.modlauncher.TransformingClassLoader.maybeTransformClassBytes(TransformingClassLoader.java:50) ~[modlauncher-10.0.9.jar:?] {}
	at cpw.mods.cl.ModuleClassLoader.readerToClass(ModuleClassLoader.java:113) ~[securejarhandler-2.1.10.jar:?] {}
	at cpw.mods.cl.ModuleClassLoader.lambda$findClass$15(ModuleClassLoader.java:219) ~[securejarhandler-2.1.10.jar:?] {}
	at cpw.mods.cl.ModuleClassLoader.loadFromModule(ModuleClassLoader.java:229) ~[securejarhandler-2.1.10.jar:?] {}
	at cpw.mods.cl.ModuleClassLoader.findClass(ModuleClassLoader.java:219) ~[securejarhandler-2.1.10.jar:?] {}
	at cpw.mods.cl.ModuleClassLoader.loadClass(ModuleClassLoader.java:135) ~[securejarhandler-2.1.10.jar:?] {}
	at java.lang.ClassLoader.loadClass(Unknown Source) ~[?:?] {re:mixin}
	at gg.essential.Essential.init(Essential.java:325) ~[Essential%20(forge_1.20.1).jar%231022!/:?] {re:mixin,re:classloading}
	at gg.essential.Essential.initialize(Essential.java:188) ~[Essential%20(forge_1.20.1).jar%231022!/:?] {re:mixin,re:classloading}
	at gg.essential.lib.kbrewster.eventbus.EventBus$Subscriber.invoke(eventbus.kt:29) ~[Essential%20(forge_1.20.1).jar%231022!/:?] {re:classloading}
	at gg.essential.util.EventBus.post(eventbus.kt:131) ~[Essential%20(forge_1.20.1).jar%231022!/:?] {re:mixin,re:classloading}
	at gg.essential.mixins.impl.client.MinecraftHook.startGame(MinecraftHook.java:42) ~[Essential%20(forge_1.20.1).jar%231022!/:?] {re:mixin,re:classloading}
	at net.minecraft.client.Minecraft.handler$cdg001$init(Minecraft.java:14094) ~[client-1.20.1-20230612.114412-srg.jar%23603!/:?] {re:mixin,pl:accesstransformer:B,pl:runtimedistcleaner:A,re:mixin,pl:accesstransformer:B,pl:runtimedistcleaner:A,re:mixin,pl:accesstransformer:B,pl:runtimedistcleaner:A,re:mixin,pl:accesstransformer:B,pl:runtimedistcleaner:A,re:mixin,pl:accesstransformer:B,pl:runtimedistcleaner:A,re:classloading,pl:accesstransformer:B,pl:mixin:APP:mixins.essential.json:compatibility.vanilla.Mixin_CheckThreadSafetyOfOpenScreenMethod,pl:mixin:APP:biomemusic.mixins.json:ClientMusicChoiceMixin,pl:mixin:APP:crash_assistant.mixins.json:MinecraftMixin,pl:mixin:APP:subtle_effects.mixins.json:client.MinecraftMixin,pl:mixin:APP:modernfix-modernfix.mixins.json:perf.dedicated_reload_executor.MinecraftMixin,pl:mixin:APP:modernfix-modernfix.mixins.json:perf.suspend_integrated_server_during_load.MinecraftMixin,pl:mixin:APP:modernfix-modernfix.mixins.json:perf.blast_search_trees.MinecraftMixin,pl:mixin:APP:modernfix-modernfix.mixins.json:bugfix.world_leaks.MinecraftMixin,pl:mixin:APP:modernfix-modernfix.mixins.json:feature.measure_time.MinecraftMixin,pl:mixin:APP:modernfix-modernfix.mixins.json:feature.measure_time.MinecraftMixin_Forge,pl:mixin:APP:balm.mixins.json:MinecraftMixin,pl:mixin:APP:fabric-screen-api-v1.mixins.json:MinecraftClientMixin,pl:mixin:APP:exposure-common.mixins.json:MinecraftMixin,pl:mixin:APP:fancytoasts.mixins.json:MinecraftMixin,pl:mixin:APP:transition.mixins.json:EntityRenderStateMixin,pl:mixin:APP:transition.mixins.json:EntityRendererMixin,pl:mixin:APP:transition.mixins.json:BlockEntityRenderStateMixin,pl:mixin:APP:transition.mixins.json:MinecraftMixin,pl:mixin:APP:itemphysic.mixins.json:MinecraftMixin,pl:mixin:APP:dynamic_fps-common.mixins.json:MinecraftMixin,pl:mixin:APP:mixins.essential.json:client.Mixin_IncreaseMenuFpsLimit,pl:mixin:APP:mixins.essential.json:client.Mixin_RunEssentialTasks,pl:mixin:APP:mixins.essential.json:client.MixinMinecraft,pl:mixin:APP:mixins.essential.json:client.gui.Mixin_FixKeybindUnpressedInScreensThatAllowPlayerMovement,pl:mixin:APP:mixins.essential.json:client.gui.Mixin_RecalculateMenuScale,pl:mixin:APP:mixins.essential.json:client.gui.Mixin_UpdateWindowTitle_AddSPSTitle,pl:mixin:APP:mixins.essential.json:client.gui.Mixin_UpdateWindowTitle_DisplayScreen,pl:mixin:APP:mixins.essential.json:client.gui.Mixin_UpdateWindowTitle_LoadWorld,pl:mixin:APP:mixins.essential.json:compatibility.vanilla.Mixin_FixDisconnectDuringResourcePackReload,pl:mixin:APP:mixins.essential.json:compatibility.vanilla.Mixin_WorkaroundBrokenFramebufferBlitBlending,pl:mixin:APP:mixins.essential.json:events.Mixin_RenderTickEvent_Final,pl:mixin:APP:mixins.essential.json:client.gui.Mixin_AllowMovementDuringScreens_HandleKeybinds,pl:mixin:APP:mixins.essential.json:feature.core.Mixin_GuiOpenedEvent,pl:mixin:APP:mixins.essential.json:feature.core.Mixin_GuiOpenEvent,pl:mixin:APP:mixins.essential.json:feature.skin_overwrites.Mixin_InstallTrustingServicesKeyInfo,pl:mixin:APP:libbamboo.mixins.json:MinecraftClientAccessor,pl:mixin:APP:libbamboo.mixins.json:MinecraftClientMixin,pl:mixin:APP:glitchcore.mixins.json:client.MixinMinecraft,pl:mixin:APP:inventory_particles.mixins.json:family.MinecraftMixin,pl:mixin:APP:inventory_particles.mixins.json:MinecraftClientMixin,pl:mixin:APP:inventory_particles.mixins.json:MinecraftRenderCallMixin,pl:mixin:APP:tooltipoverhaul.mixins.json:MinecraftMixin,pl:mixin:APP:polytone-common.mixins.json:MinecraftMixin,pl:mixin:APP:drippyloadingscreen.mixins.json:client.IMixinMinecraft,pl:mixin:APP:alltheleaks.mixins.json:main.MinecraftMixin,pl:mixin:APP:ksyxis.mixins.json:MinecraftMixin,pl:mixin:APP:notenoughanimations.mixins.json:LivingRenderStateMixin,pl:mixin:APP:entityculling.mixins.json:DebugScreenEntriesAccessor,pl:mixin:APP:entityculling.mixins.json:LivingEntityRendererAccessor,pl:mixin:APP:fabric-registry-sync-v0.client.mixins.json:MinecraftClientMixin,pl:mixin:APP:immediatelyfast-common.mixins.json:core.MixinMinecraftClient,pl:mixin:APP:firstperson.mixins.json:HumanoidModelMixin,pl:mixin:APP:firstperson.mixins.json:LivingEntityRenderStateMixin,pl:mixin:APP:bookshelf.common.mixins.json:accessors.client.AccessorMinecraft,pl:mixin:APP:mixins.sodiumdynamiclights.json:MinecraftClientMixin,pl:mixin:APP:konkrete.mixin.json:MixinMinecraft,pl:mixin:APP:entity_model_features.mixins.json:MixinResourceReloadStart,pl:mixin:APP:entity_model_features.mixins.json:accessor.MinecraftClientAccessor,pl:mixin:APP:entity_texture_features.mixins.json:reloading.MixinMinecraftClient,pl:mixin:APP:reactivemusic-common.mixins.json:MinecraftClientMixin,pl:mixin:APP:betterthirdperson.mixins.json:MinecraftMixin,pl:mixin:APP:architectury.mixins.json:MixinMinecraft,pl:mixin:APP:fabric-networking-api-v1.client.mixins.json:accessor.MinecraftClientAccessor,pl:mixin:APP:fabric-lifecycle-events-v1.client.mixins.json:MinecraftClientMixin,pl:mixin:APP:kubejs-common.mixins.json:MinecraftClientMixin,pl:mixin:APP:nochatrestrictions.mixins.json:MixinMinecraft,pl:mixin:APP:chloride.mixin.json:MinecraftMixin,pl:mixin:APP:chloride.mixin.json:OverlayMixin,pl:mixin:APP:skinlayers3d.mixins.json:EMFModelPartMixin,pl:mixin:APP:skinlayers3d.mixins.json:SkullModelStateMixin,pl:mixin:APP:moonlight-common.mixins.json:MinecraftMixin,pl:mixin:APP:sounds.mixins.json:ui.ScreenSoundEffect,pl:mixin:APP:fancymenu.mixins.json:client.IMixinMinecraft,pl:mixin:APP:fancymenu.mixins.json:client.MixinMinecraft,pl:mixin:APP:yacl.mixins.json:MinecraftMixin,pl:mixin:APP:fabric-events-interaction-v0.client.mixins.json:MinecraftClientMixin,pl:mixin:APP:sound_physics_remastered.mixins.json:MinecraftMixin,pl:mixin:APP:embeddium.mixins.json:core.MinecraftClientMixin,pl:mixin:APP:embeddium.mixins.json:core.render.MinecraftAccessor,pl:mixin:APP:collective_forge.mixins.json:MinecraftMixin,pl:mixin:APP:modernfix-modernfix.mixins.json:feature.remove_telemetry.MinecraftMixin_Telemetry,pl:mixin:A,pl:runtimedistcleaner:A}
	at net.minecraft.client.Minecraft.<init>(Minecraft.java:548) ~[client-1.20.1-20230612.114412-srg.jar%23603!/:?] {re:mixin,pl:accesstransformer:B,pl:runtimedistcleaner:A,re:mixin,pl:accesstransformer:B,pl:runtimedistcleaner:A,re:mixin,pl:accesstransformer:B,pl:runtimedistcleaner:A,re:mixin,pl:accesstransformer:B,pl:runtimedistcleaner:A,re:mixin,pl:accesstransformer:B,pl:runtimedistcleaner:A,re:classloading,pl:accesstransformer:B,pl:mixin:APP:mixins.essential.json:compatibility.vanilla.Mixin_CheckThreadSafetyOfOpenScreenMethod,pl:mixin:APP:biomemusic.mixins.json:ClientMusicChoiceMixin,pl:mixin:APP:crash_assistant.mixins.json:MinecraftMixin,pl:mixin:APP:subtle_effects.mixins.json:client.MinecraftMixin,pl:mixin:APP:modernfix-modernfix.mixins.json:perf.dedicated_reload_executor.MinecraftMixin,pl:mixin:APP:modernfix-modernfix.mixins.json:perf.suspend_integrated_server_during_load.MinecraftMixin,pl:mixin:APP:modernfix-modernfix.mixins.json:perf.blast_search_trees.MinecraftMixin,pl:mixin:APP:modernfix-modernfix.mixins.json:bugfix.world_leaks.MinecraftMixin,pl:mixin:APP:modernfix-modernfix.mixins.json:feature.measure_time.MinecraftMixin,pl:mixin:APP:modernfix-modernfix.mixins.json:feature.measure_time.MinecraftMixin_Forge,pl:mixin:APP:balm.mixins.json:MinecraftMixin,pl:mixin:APP:fabric-screen-api-v1.mixins.json:MinecraftClientMixin,pl:mixin:APP:exposure-common.mixins.json:MinecraftMixin,pl:mixin:APP:fancytoasts.mixins.json:MinecraftMixin,pl:mixin:APP:transition.mixins.json:EntityRenderStateMixin,pl:mixin:APP:transition.mixins.json:EntityRendererMixin,pl:mixin:APP:transition.mixins.json:BlockEntityRenderStateMixin,pl:mixin:APP:transition.mixins.json:MinecraftMixin,pl:mixin:APP:itemphysic.mixins.json:MinecraftMixin,pl:mixin:APP:dynamic_fps-common.mixins.json:MinecraftMixin,pl:mixin:APP:mixins.essential.json:client.Mixin_IncreaseMenuFpsLimit,pl:mixin:APP:mixins.essential.json:client.Mixin_RunEssentialTasks,pl:mixin:APP:mixins.essential.json:client.MixinMinecraft,pl:mixin:APP:mixins.essential.json:client.gui.Mixin_FixKeybindUnpressedInScreensThatAllowPlayerMovement,pl:mixin:APP:mixins.essential.json:client.gui.Mixin_RecalculateMenuScale,pl:mixin:APP:mixins.essential.json:client.gui.Mixin_UpdateWindowTitle_AddSPSTitle,pl:mixin:APP:mixins.essential.json:client.gui.Mixin_UpdateWindowTitle_DisplayScreen,pl:mixin:APP:mixins.essential.json:client.gui.Mixin_UpdateWindowTitle_LoadWorld,pl:mixin:APP:mixins.essential.json:compatibility.vanilla.Mixin_FixDisconnectDuringResourcePackReload,pl:mixin:APP:mixins.essential.json:compatibility.vanilla.Mixin_WorkaroundBrokenFramebufferBlitBlending,pl:mixin:APP:mixins.essential.json:events.Mixin_RenderTickEvent_Final,pl:mixin:APP:mixins.essential.json:client.gui.Mixin_AllowMovementDuringScreens_HandleKeybinds,pl:mixin:APP:mixins.essential.json:feature.core.Mixin_GuiOpenedEvent,pl:mixin:APP:mixins.essential.json:feature.core.Mixin_GuiOpenEvent,pl:mixin:APP:mixins.essential.json:feature.skin_overwrites.Mixin_InstallTrustingServicesKeyInfo,pl:mixin:APP:libbamboo.mixins.json:MinecraftClientAccessor,pl:mixin:APP:libbamboo.mixins.json:MinecraftClientMixin,pl:mixin:APP:glitchcore.mixins.json:client.MixinMinecraft,pl:mixin:APP:inventory_particles.mixins.json:family.MinecraftMixin,pl:mixin:APP:inventory_particles.mixins.json:MinecraftClientMixin,pl:mixin:APP:inventory_particles.mixins.json:MinecraftRenderCallMixin,pl:mixin:APP:tooltipoverhaul.mixins.json:MinecraftMixin,pl:mixin:APP:polytone-common.mixins.json:MinecraftMixin,pl:mixin:APP:drippyloadingscreen.mixins.json:client.IMixinMinecraft,pl:mixin:APP:alltheleaks.mixins.json:main.MinecraftMixin,pl:mixin:APP:ksyxis.mixins.json:MinecraftMixin,pl:mixin:APP:notenoughanimations.mixins.json:LivingRenderStateMixin,pl:mixin:APP:entityculling.mixins.json:DebugScreenEntriesAccessor,pl:mixin:APP:entityculling.mixins.json:LivingEntityRendererAccessor,pl:mixin:APP:fabric-registry-sync-v0.client.mixins.json:MinecraftClientMixin,pl:mixin:APP:immediatelyfast-common.mixins.json:core.MixinMinecraftClient,pl:mixin:APP:firstperson.mixins.json:HumanoidModelMixin,pl:mixin:APP:firstperson.mixins.json:LivingEntityRenderStateMixin,pl:mixin:APP:bookshelf.common.mixins.json:accessors.client.AccessorMinecraft,pl:mixin:APP:mixins.sodiumdynamiclights.json:MinecraftClientMixin,pl:mixin:APP:konkrete.mixin.json:MixinMinecraft,pl:mixin:APP:entity_model_features.mixins.json:MixinResourceReloadStart,pl:mixin:APP:entity_model_features.mixins.json:accessor.MinecraftClientAccessor,pl:mixin:APP:entity_texture_features.mixins.json:reloading.MixinMinecraftClient,pl:mixin:APP:reactivemusic-common.mixins.json:MinecraftClientMixin,pl:mixin:APP:betterthirdperson.mixins.json:MinecraftMixin,pl:mixin:APP:architectury.mixins.json:MixinMinecraft,pl:mixin:APP:fabric-networking-api-v1.client.mixins.json:accessor.MinecraftClientAccessor,pl:mixin:APP:fabric-lifecycle-events-v1.client.mixins.json:MinecraftClientMixin,pl:mixin:APP:kubejs-common.mixins.json:MinecraftClientMixin,pl:mixin:APP:nochatrestrictions.mixins.json:MixinMinecraft,pl:mixin:APP:chloride.mixin.json:MinecraftMixin,pl:mixin:APP:chloride.mixin.json:OverlayMixin,pl:mixin:APP:skinlayers3d.mixins.json:EMFModelPartMixin,pl:mixin:APP:skinlayers3d.mixins.json:SkullModelStateMixin,pl:mixin:APP:moonlight-common.mixins.json:MinecraftMixin,pl:mixin:APP:sounds.mixins.json:ui.ScreenSoundEffect,pl:mixin:APP:fancymenu.mixins.json:client.IMixinMinecraft,pl:mixin:APP:fancymenu.mixins.json:client.MixinMinecraft,pl:mixin:APP:yacl.mixins.json:MinecraftMixin,pl:mixin:APP:fabric-events-interaction-v0.client.mixins.json:MinecraftClientMixin,pl:mixin:APP:sound_physics_remastered.mixins.json:MinecraftMixin,pl:mixin:APP:embeddium.mixins.json:core.MinecraftClientMixin,pl:mixin:APP:embeddium.mixins.json:core.render.MinecraftAccessor,pl:mixin:APP:collective_forge.mixins.json:MinecraftMixin,pl:mixin:APP:modernfix-modernfix.mixins.json:feature.remove_telemetry.MinecraftMixin_Telemetry,pl:mixin:A,pl:runtimedistcleaner:A}
	at net.minecraft.client.main.Main.main(Main.java:182) ~[forge-47.4.15.jar:?] {re:classloading,pl:runtimedistcleaner:A}
	at jdk.internal.reflect.DirectMethodHandleAccessor.invoke(Unknown Source) ~[?:?] {}
	at java.lang.reflect.Method.invoke(Unknown Source) ~[?:?] {re:mixin}
	at net.minecraftforge.fml.loading.targets.CommonLaunchHandler.runTarget(CommonLaunchHandler.java:111) ~[fmlloader-1.20.1-47.4.15.jar:?] {}
	at net.minecraftforge.fml.loading.targets.CommonLaunchHandler.clientService(CommonLaunchHandler.java:99) ~[fmlloader-1.20.1-47.4.15.jar:?] {}
	at net.minecraftforge.fml.loading.targets.CommonClientLaunchHandler.lambda$makeService$0(CommonClientLaunchHandler.java:25) ~[fmlloader-1.20.1-47.4.15.jar:?] {}
	at cpw.mods.modlauncher.LaunchServiceHandlerDecorator.launch(LaunchServiceHandlerDecorator.java:30) ~[modlauncher-10.0.9.jar:?] {}
	at cpw.mods.modlauncher.LaunchServiceHandler.launch(LaunchServiceHandler.java:53) ~[modlauncher-10.0.9.jar:?] {}
	at cpw.mods.modlauncher.LaunchServiceHandler.launch(LaunchServiceHandler.java:71) ~[modlauncher-10.0.9.jar:?] {}
	at cpw.mods.modlauncher.Launcher.run(Launcher.java:108) ~[modlauncher-10.0.9.jar:?] {}
	at cpw.mods.modlauncher.Launcher.main(Launcher.java:78) ~[modlauncher-10.0.9.jar:?] {}
	at cpw.mods.modlauncher.BootstrapLaunchConsumer.accept(BootstrapLaunchConsumer.java:26) ~[modlauncher-10.0.9.jar:?] {}
	at cpw.mods.modlauncher.BootstrapLaunchConsumer.accept(BootstrapLaunchConsumer.java:23) ~[modlauncher-10.0.9.jar:?] {}
	at cpw.mods.bootstraplauncher.BootstrapLauncher.main(BootstrapLauncher.java:141) ~[bootstraplauncher-1.1.2.jar:?] {}
Caused by: org.spongepowered.asm.mixin.throwables.MixinApplyError: Mixin [essentialpatcher.mixins.json:gui.WikiToastMixin] from phase [DEFAULT] in config [essentialpatcher.mixins.json] FAILED during APPLY
	at org.spongepowered.asm.mixin.transformer.MixinProcessor.handleMixinError(MixinProcessor.java:636) ~[mixin-0.8.5.jar:0.8.5+Jenkins-b310.git-155314e6e91465dad727e621a569906a410cd6f4] {}
	at org.spongepowered.asm.mixin.transformer.MixinProcessor.handleMixinApplyError(MixinProcessor.java:588) ~[mixin-0.8.5.jar:0.8.5+Jenkins-b310.git-155314e6e91465dad727e621a569906a410cd6f4] {}
	at org.spongepowered.asm.mixin.transformer.MixinProcessor.applyMixins(MixinProcessor.java:379) ~[mixin-0.8.5.jar:0.8.5+Jenkins-b310.git-155314e6e91465dad727e621a569906a410cd6f4] {}
	... 34 more
Caused by: org.spongepowered.asm.mixin.transformer.throwables.InvalidMixinException: Unexpecteded ClassMetadataNotFoundException whilst transforming the mixin class: [MAIN Applicator Phase -> essentialpatcher.mixins.json:gui.WikiToastMixin -> Apply Methods -> (Lgg/essential/event/essential/TosAcceptedEvent;Lorg/spongepowered/asm/mixin/injection/callback/CallbackInfo;)V:handler$ghe000$onWikiToast -> Transform LVT -> var=event -> desc=Lgg/essential/event/essential/TosAcceptedEvent;]
	at org.spongepowered.asm.mixin.transformer.MixinTargetContext.transformMethod(MixinTargetContext.java:491) ~[mixin-0.8.5.jar:0.8.5+Jenkins-b310.git-155314e6e91465dad727e621a569906a410cd6f4] {}
	at org.spongepowered.asm.mixin.transformer.MixinApplicatorStandard.applyNormalMethod(MixinApplicatorStandard.java:532) ~[mixin-0.8.5.jar:0.8.5+Jenkins-b310.git-155314e6e91465dad727e621a569906a410cd6f4] {}
	at org.spongepowered.asm.mixin.transformer.MixinApplicatorStandard.applyMethods(MixinApplicatorStandard.java:518) ~[mixin-0.8.5.jar:0.8.5+Jenkins-b310.git-155314e6e91465dad727e621a569906a410cd6f4] {}
	at org.spongepowered.asm.mixin.transformer.MixinApplicatorStandard.applyMixin(MixinApplicatorStandard.java:386) ~[mixin-0.8.5.jar:0.8.5+Jenkins-b310.git-155314e6e91465dad727e621a569906a410cd6f4] {}
	at org.spongepowered.asm.mixin.transformer.MixinApplicatorStandard.apply(MixinApplicatorStandard.java:325) ~[mixin-0.8.5.jar:0.8.5+Jenkins-b310.git-155314e6e91465dad727e621a569906a410cd6f4] {}
	at org.spongepowered.asm.mixin.transformer.TargetClassContext.apply(TargetClassContext.java:383) ~[mixin-0.8.5.jar:0.8.5+Jenkins-b310.git-155314e6e91465dad727e621a569906a410cd6f4] {}
	at org.spongepowered.asm.mixin.transformer.TargetClassContext.applyMixins(TargetClassContext.java:365) ~[mixin-0.8.5.jar:0.8.5+Jenkins-b310.git-155314e6e91465dad727e621a569906a410cd6f4] {}
	at org.spongepowered.asm.mixin.transformer.MixinProcessor.applyMixins(MixinProcessor.java:363) ~[mixin-0.8.5.jar:0.8.5+Jenkins-b310.git-155314e6e91465dad727e621a569906a410cd6f4] {}
	... 34 more
Caused by: org.spongepowered.asm.mixin.throwables.ClassMetadataNotFoundException: gg.essential.event.essential.TosAcceptedEvent
	at org.spongepowered.asm.mixin.transformer.MixinTargetContext.transformSingleDescriptor(MixinTargetContext.java:983) ~[mixin-0.8.5.jar:0.8.5+Jenkins-b310.git-155314e6e91465dad727e621a569906a410cd6f4] {}
	at org.spongepowered.asm.mixin.transformer.MixinTargetContext.transformSingleDescriptor(MixinTargetContext.java:943) ~[mixin-0.8.5.jar:0.8.5+Jenkins-b310.git-155314e6e91465dad727e621a569906a410cd6f4] {}
	at org.spongepowered.asm.mixin.transformer.MixinTargetContext.transformLVT(MixinTargetContext.java:544) ~[mixin-0.8.5.jar:0.8.5+Jenkins-b310.git-155314e6e91465dad727e621a569906a410cd6f4] {}
	at org.spongepowered.asm.mixin.transformer.MixinTargetContext.transformMethod(MixinTargetContext.java:450) ~[mixin-0.8.5.jar:0.8.5+Jenkins-b310.git-155314e6e91465dad727e621a569906a410cd6f4] {}
	at org.spongepowered.asm.mixin.transformer.MixinApplicatorStandard.applyNormalMethod(MixinApplicatorStandard.java:532) ~[mixin-0.8.5.jar:0.8.5+Jenkins-b310.git-155314e6e91465dad727e621a569906a410cd6f4] {}
	at org.spongepowered.asm.mixin.transformer.MixinApplicatorStandard.applyMethods(MixinApplicatorStandard.java:518) ~[mixin-0.8.5.jar:0.8.5+Jenkins-b310.git-155314e6e91465dad727e621a569906a410cd6f4] {}
	at org.spongepowered.asm.mixin.transformer.MixinApplicatorStandard.applyMixin(MixinApplicatorStandard.java:386) ~[mixin-0.8.5.jar:0.8.5+Jenkins-b310.git-155314e6e91465dad727e621a569906a410cd6f4] {}
	at org.spongepowered.asm.mixin.transformer.MixinApplicatorStandard.apply(MixinApplicatorStandard.java:325) ~[mixin-0.8.5.jar:0.8.5+Jenkins-b310.git-155314e6e91465dad727e621a569906a410cd6f4] {}
	at org.spongepowered.asm.mixin.transformer.TargetClassContext.apply(TargetClassContext.java:383) ~[mixin-0.8.5.jar:0.8.5+Jenkins-b310.git-155314e6e91465dad727e621a569906a410cd6f4] {}
	at org.spongepowered.asm.mixin.transformer.TargetClassContext.applyMixins(TargetClassContext.java:365) ~[mixin-0.8.5.jar:0.8.5+Jenkins-b310.git-155314e6e91465dad727e621a569906a410cd6f4] {}
	at org.spongepowered.asm.mixin.transformer.MixinProcessor.applyMixins(MixinProcessor.java:363) ~[mixin-0.8.5.jar:0.8.5+Jenkins-b310.git-155314e6e91465dad727e621a569906a410cd6f4] {}
	... 34 more


A detailed walkthrough of the error, its code path and all known details is as follows:
---------------------------------------------------------------------------------------

-- Head --
Thread: Render thread
Suspected Mod: 
	Essential (essential), Version: 1.4.1.1
		at TRANSFORMER/essential@1.4.1.1/gg.essential.Essential.init(Essential.java:325)
Stacktrace:
	at org.spongepowered.asm.mixin.transformer.MixinProcessor.applyMixins(MixinProcessor.java:392) ~[mixin-0.8.5.jar:0.8.5+Jenkins-b310.git-155314e6e91465dad727e621a569906a410cd6f4] {}
	at org.spongepowered.asm.mixin.transformer.MixinTransformer.transformClass(MixinTransformer.java:250) ~[mixin-0.8.5.jar:0.8.5+Jenkins-b310.git-155314e6e91465dad727e621a569906a410cd6f4] {}
	at org.spongepowered.asm.service.modlauncher.MixinTransformationHandler.processClass(MixinTransformationHandler.java:131) ~[mixin-0.8.5.jar:0.8.5+Jenkins-b310.git-155314e6e91465dad727e621a569906a410cd6f4] {}
	at org.spongepowered.asm.launch.MixinLaunchPluginLegacy.processClass(MixinLaunchPluginLegacy.java:131) ~[mixin-0.8.5.jar:0.8.5+Jenkins-b310.git-155314e6e91465dad727e621a569906a410cd6f4] {}
	at cpw.mods.modlauncher.serviceapi.ILaunchPluginService.processClassWithFlags(ILaunchPluginService.java:156) ~[modlauncher-10.0.9.jar:10.0.9+10.0.9+main.dcd20f30] {}
	at cpw.mods.modlauncher.LaunchPluginHandler.offerClassNodeToPlugins(LaunchPluginHandler.java:88) ~[modlauncher-10.0.9.jar:?] {}
	at cpw.mods.modlauncher.ClassTransformer.transform(ClassTransformer.java:120) ~[modlauncher-10.0.9.jar:?] {}
	at cpw.mods.modlauncher.TransformingClassLoader.maybeTransformClassBytes(TransformingClassLoader.java:50) ~[modlauncher-10.0.9.jar:?] {}
	at cpw.mods.cl.ModuleClassLoader.readerToClass(ModuleClassLoader.java:113) ~[securejarhandler-2.1.10.jar:?] {}
	at cpw.mods.cl.ModuleClassLoader.lambda$findClass$15(ModuleClassLoader.java:219) ~[securejarhandler-2.1.10.jar:?] {}
	at cpw.mods.cl.ModuleClassLoader.loadFromModule(ModuleClassLoader.java:229) ~[securejarhandler-2.1.10.jar:?] {}
	at cpw.mods.cl.ModuleClassLoader.findClass(ModuleClassLoader.java:219) ~[securejarhandler-2.1.10.jar:?] {}
	at cpw.mods.cl.ModuleClassLoader.loadClass(ModuleClassLoader.java:135) ~[securejarhandler-2.1.10.jar:?] {}
	at java.lang.ClassLoader.loadClass(Unknown Source) ~[?:?] {re:mixin}
	at gg.essential.Essential.init(Essential.java:325) ~[Essential%20(forge_1.20.1).jar%231022!/:?] {re:mixin,re:classloading}
	at gg.essential.Essential.initialize(Essential.java:188) ~[Essential%20(forge_1.20.1).jar%231022!/:?] {re:mixin,re:classloading}
	at gg.essential.lib.kbrewster.eventbus.EventBus$Subscriber.invoke(eventbus.kt:29) ~[Essential%20(forge_1.20.1).jar%231022!/:?] {re:classloading}
	at gg.essential.util.EventBus.post(eventbus.kt:131) ~[Essential%20(forge_1.20.1).jar%231022!/:?] {re:mixin,re:classloading}
	at gg.essential.mixins.impl.client.MinecraftHook.startGame(MinecraftHook.java:42) ~[Essential%20(forge_1.20.1).jar%231022!/:?] {re:mixin,re:classloading}
	at net.minecraft.client.Minecraft.handler$cdg001$init(Minecraft.java:14094) ~[client-1.20.1-20230612.114412-srg.jar%23603!/:?] {re:mixin,pl:accesstransformer:B,pl:runtimedistcleaner:A,re:mixin,pl:accesstransformer:B,pl:runtimedistcleaner:A,re:mixin,pl:accesstransformer:B,pl:runtimedistcleaner:A,re:mixin,pl:accesstransformer:B,pl:runtimedistcleaner:A,re:mixin,pl:accesstransformer:B,pl:runtimedistcleaner:A,re:classloading,pl:accesstransformer:B,pl:mixin:APP:mixins.essential.json:compatibility.vanilla.Mixin_CheckThreadSafetyOfOpenScreenMethod,pl:mixin:APP:biomemusic.mixins.json:ClientMusicChoiceMixin,pl:mixin:APP:crash_assistant.mixins.json:MinecraftMixin,pl:mixin:APP:subtle_effects.mixins.json:client.MinecraftMixin,pl:mixin:APP:modernfix-modernfix.mixins.json:perf.dedicated_reload_executor.MinecraftMixin,pl:mixin:APP:modernfix-modernfix.mixins.json:perf.suspend_integrated_server_during_load.MinecraftMixin,pl:mixin:APP:modernfix-modernfix.mixins.json:perf.blast_search_trees.MinecraftMixin,pl:mixin:APP:modernfix-modernfix.mixins.json:bugfix.world_leaks.MinecraftMixin,pl:mixin:APP:modernfix-modernfix.mixins.json:feature.measure_time.MinecraftMixin,pl:mixin:APP:modernfix-modernfix.mixins.json:feature.measure_time.MinecraftMixin_Forge,pl:mixin:APP:balm.mixins.json:MinecraftMixin,pl:mixin:APP:fabric-screen-api-v1.mixins.json:MinecraftClientMixin,pl:mixin:APP:exposure-common.mixins.json:MinecraftMixin,pl:mixin:APP:fancytoasts.mixins.json:MinecraftMixin,pl:mixin:APP:transition.mixins.json:EntityRenderStateMixin,pl:mixin:APP:transition.mixins.json:EntityRendererMixin,pl:mixin:APP:transition.mixins.json:BlockEntityRenderStateMixin,pl:mixin:APP:transition.mixins.json:MinecraftMixin,pl:mixin:APP:itemphysic.mixins.json:MinecraftMixin,pl:mixin:APP:dynamic_fps-common.mixins.json:MinecraftMixin,pl:mixin:APP:mixins.essential.json:client.Mixin_IncreaseMenuFpsLimit,pl:mixin:APP:mixins.essential.json:client.Mixin_RunEssentialTasks,pl:mixin:APP:mixins.essential.json:client.MixinMinecraft,pl:mixin:APP:mixins.essential.json:client.gui.Mixin_FixKeybindUnpressedInScreensThatAllowPlayerMovement,pl:mixin:APP:mixins.essential.json:client.gui.Mixin_RecalculateMenuScale,pl:mixin:APP:mixins.essential.json:client.gui.Mixin_UpdateWindowTitle_AddSPSTitle,pl:mixin:APP:mixins.essential.json:client.gui.Mixin_UpdateWindowTitle_DisplayScreen,pl:mixin:APP:mixins.essential.json:client.gui.Mixin_UpdateWindowTitle_LoadWorld,pl:mixin:APP:mixins.essential.json:compatibility.vanilla.Mixin_FixDisconnectDuringResourcePackReload,pl:mixin:APP:mixins.essential.json:compatibility.vanilla.Mixin_WorkaroundBrokenFramebufferBlitBlending,pl:mixin:APP:mixins.essential.json:events.Mixin_RenderTickEvent_Final,pl:mixin:APP:mixins.essential.json:client.gui.Mixin_AllowMovementDuringScreens_HandleKeybinds,pl:mixin:APP:mixins.essential.json:feature.core.Mixin_GuiOpenedEvent,pl:mixin:APP:mixins.essential.json:feature.core.Mixin_GuiOpenEvent,pl:mixin:APP:mixins.essential.json:feature.skin_overwrites.Mixin_InstallTrustingServicesKeyInfo,pl:mixin:APP:libbamboo.mixins.json:MinecraftClientAccessor,pl:mixin:APP:libbamboo.mixins.json:MinecraftClientMixin,pl:mixin:APP:glitchcore.mixins.json:client.MixinMinecraft,pl:mixin:APP:inventory_particles.mixins.json:family.MinecraftMixin,pl:mixin:APP:inventory_particles.mixins.json:MinecraftClientMixin,pl:mixin:APP:inventory_particles.mixins.json:MinecraftRenderCallMixin,pl:mixin:APP:tooltipoverhaul.mixins.json:MinecraftMixin,pl:mixin:APP:polytone-common.mixins.json:MinecraftMixin,pl:mixin:APP:drippyloadingscreen.mixins.json:client.IMixinMinecraft,pl:mixin:APP:alltheleaks.mixins.json:main.MinecraftMixin,pl:mixin:APP:ksyxis.mixins.json:MinecraftMixin,pl:mixin:APP:notenoughanimations.mixins.json:LivingRenderStateMixin,pl:mixin:APP:entityculling.mixins.json:DebugScreenEntriesAccessor,pl:mixin:APP:entityculling.mixins.json:LivingEntityRendererAccessor,pl:mixin:APP:fabric-registry-sync-v0.client.mixins.json:MinecraftClientMixin,pl:mixin:APP:immediatelyfast-common.mixins.json:core.MixinMinecraftClient,pl:mixin:APP:firstperson.mixins.json:HumanoidModelMixin,pl:mixin:APP:firstperson.mixins.json:LivingEntityRenderStateMixin,pl:mixin:APP:bookshelf.common.mixins.json:accessors.client.AccessorMinecraft,pl:mixin:APP:mixins.sodiumdynamiclights.json:MinecraftClientMixin,pl:mixin:APP:konkrete.mixin.json:MixinMinecraft,pl:mixin:APP:entity_model_features.mixins.json:MixinResourceReloadStart,pl:mixin:APP:entity_model_features.mixins.json:accessor.MinecraftClientAccessor,pl:mixin:APP:entity_texture_features.mixins.json:reloading.MixinMinecraftClient,pl:mixin:APP:reactivemusic-common.mixins.json:MinecraftClientMixin,pl:mixin:APP:betterthirdperson.mixins.json:MinecraftMixin,pl:mixin:APP:architectury.mixins.json:MixinMinecraft,pl:mixin:APP:fabric-networking-api-v1.client.mixins.json:accessor.MinecraftClientAccessor,pl:mixin:APP:fabric-lifecycle-events-v1.client.mixins.json:MinecraftClientMixin,pl:mixin:APP:kubejs-common.mixins.json:MinecraftClientMixin,pl:mixin:APP:nochatrestrictions.mixins.json:MixinMinecraft,pl:mixin:APP:chloride.mixin.json:MinecraftMixin,pl:mixin:APP:chloride.mixin.json:OverlayMixin,pl:mixin:APP:skinlayers3d.mixins.json:EMFModelPartMixin,pl:mixin:APP:skinlayers3d.mixins.json:SkullModelStateMixin,pl:mixin:APP:moonlight-common.mixins.json:MinecraftMixin,pl:mixin:APP:sounds.mixins.json:ui.ScreenSoundEffect,pl:mixin:APP:fancymenu.mixins.json:client.IMixinMinecraft,pl:mixin:APP:fancymenu.mixins.json:client.MixinMinecraft,pl:mixin:APP:yacl.mixins.json:MinecraftMixin,pl:mixin:APP:fabric-events-interaction-v0.client.mixins.json:MinecraftClientMixin,pl:mixin:APP:sound_physics_remastered.mixins.json:MinecraftMixin,pl:mixin:APP:embeddium.mixins.json:core.MinecraftClientMixin,pl:mixin:APP:embeddium.mixins.json:core.render.MinecraftAccessor,pl:mixin:APP:collective_forge.mixins.json:MinecraftMixin,pl:mixin:APP:modernfix-modernfix.mixins.json:feature.remove_telemetry.MinecraftMixin_Telemetry,pl:mixin:A,pl:runtimedistcleaner:A}
	at net.minecraft.client.Minecraft.<init>(Minecraft.java:548) ~[client-1.20.1-20230612.114412-srg.jar%23603!/:?] {re:mixin,pl:accesstransformer:B,pl:runtimedistcleaner:A,re:mixin,pl:accesstransformer:B,pl:runtimedistcleaner:A,re:mixin,pl:accesstransformer:B,pl:runtimedistcleaner:A,re:mixin,pl:accesstransformer:B,pl:runtimedistcleaner:A,re:mixin,pl:accesstransformer:B,pl:runtimedistcleaner:A,re:classloading,pl:accesstransformer:B,pl:mixin:APP:mixins.essential.json:compatibility.vanilla.Mixin_CheckThreadSafetyOfOpenScreenMethod,pl:mixin:APP:biomemusic.mixins.json:ClientMusicChoiceMixin,pl:mixin:APP:crash_assistant.mixins.json:MinecraftMixin,pl:mixin:APP:subtle_effects.mixins.json:client.MinecraftMixin,pl:mixin:APP:modernfix-modernfix.mixins.json:perf.dedicated_reload_executor.MinecraftMixin,pl:mixin:APP:modernfix-modernfix.mixins.json:perf.suspend_integrated_server_during_load.MinecraftMixin,pl:mixin:APP:modernfix-modernfix.mixins.json:perf.blast_search_trees.MinecraftMixin,pl:mixin:APP:modernfix-modernfix.mixins.json:bugfix.world_leaks.MinecraftMixin,pl:mixin:APP:modernfix-modernfix.mixins.json:feature.measure_time.MinecraftMixin,pl:mixin:APP:modernfix-modernfix.mixins.json:feature.measure_time.MinecraftMixin_Forge,pl:mixin:APP:balm.mixins.json:MinecraftMixin,pl:mixin:APP:fabric-screen-api-v1.mixins.json:MinecraftClientMixin,pl:mixin:APP:exposure-common.mixins.json:MinecraftMixin,pl:mixin:APP:fancytoasts.mixins.json:MinecraftMixin,pl:mixin:APP:transition.mixins.json:EntityRenderStateMixin,pl:mixin:APP:transition.mixins.json:EntityRendererMixin,pl:mixin:APP:transition.mixins.json:BlockEntityRenderStateMixin,pl:mixin:APP:transition.mixins.json:MinecraftMixin,pl:mixin:APP:itemphysic.mixins.json:MinecraftMixin,pl:mixin:APP:dynamic_fps-common.mixins.json:MinecraftMixin,pl:mixin:APP:mixins.essential.json:client.Mixin_IncreaseMenuFpsLimit,pl:mixin:APP:mixins.essential.json:client.Mixin_RunEssentialTasks,pl:mixin:APP:mixins.essential.json:client.MixinMinecraft,pl:mixin:APP:mixins.essential.json:client.gui.Mixin_FixKeybindUnpressedInScreensThatAllowPlayerMovement,pl:mixin:APP:mixins.essential.json:client.gui.Mixin_RecalculateMenuScale,pl:mixin:APP:mixins.essential.json:client.gui.Mixin_UpdateWindowTitle_AddSPSTitle,pl:mixin:APP:mixins.essential.json:client.gui.Mixin_UpdateWindowTitle_DisplayScreen,pl:mixin:APP:mixins.essential.json:client.gui.Mixin_UpdateWindowTitle_LoadWorld,pl:mixin:APP:mixins.essential.json:compatibility.vanilla.Mixin_FixDisconnectDuringResourcePackReload,pl:mixin:APP:mixins.essential.json:compatibility.vanilla.Mixin_WorkaroundBrokenFramebufferBlitBlending,pl:mixin:APP:mixins.essential.json:events.Mixin_RenderTickEvent_Final,pl:mixin:APP:mixins.essential.json:client.gui.Mixin_AllowMovementDuringScreens_HandleKeybinds,pl:mixin:APP:mixins.essential.json:feature.core.Mixin_GuiOpenedEvent,pl:mixin:APP:mixins.essential.json:feature.core.Mixin_GuiOpenEvent,pl:mixin:APP:mixins.essential.json:feature.skin_overwrites.Mixin_InstallTrustingServicesKeyInfo,pl:mixin:APP:libbamboo.mixins.json:MinecraftClientAccessor,pl:mixin:APP:libbamboo.mixins.json:MinecraftClientMixin,pl:mixin:APP:glitchcore.mixins.json:client.MixinMinecraft,pl:mixin:APP:inventory_particles.mixins.json:family.MinecraftMixin,pl:mixin:APP:inventory_particles.mixins.json:MinecraftClientMixin,pl:mixin:APP:inventory_particles.mixins.json:MinecraftRenderCallMixin,pl:mixin:APP:tooltipoverhaul.mixins.json:MinecraftMixin,pl:mixin:APP:polytone-common.mixins.json:MinecraftMixin,pl:mixin:APP:drippyloadingscreen.mixins.json:client.IMixinMinecraft,pl:mixin:APP:alltheleaks.mixins.json:main.MinecraftMixin,pl:mixin:APP:ksyxis.mixins.json:MinecraftMixin,pl:mixin:APP:notenoughanimations.mixins.json:LivingRenderStateMixin,pl:mixin:APP:entityculling.mixins.json:DebugScreenEntriesAccessor,pl:mixin:APP:entityculling.mixins.json:LivingEntityRendererAccessor,pl:mixin:APP:fabric-registry-sync-v0.client.mixins.json:MinecraftClientMixin,pl:mixin:APP:immediatelyfast-common.mixins.json:core.MixinMinecraftClient,pl:mixin:APP:firstperson.mixins.json:HumanoidModelMixin,pl:mixin:APP:firstperson.mixins.json:LivingEntityRenderStateMixin,pl:mixin:APP:bookshelf.common.mixins.json:accessors.client.AccessorMinecraft,pl:mixin:APP:mixins.sodiumdynamiclights.json:MinecraftClientMixin,pl:mixin:APP:konkrete.mixin.json:MixinMinecraft,pl:mixin:APP:entity_model_features.mixins.json:MixinResourceReloadStart,pl:mixin:APP:entity_model_features.mixins.json:accessor.MinecraftClientAccessor,pl:mixin:APP:entity_texture_features.mixins.json:reloading.MixinMinecraftClient,pl:mixin:APP:reactivemusic-common.mixins.json:MinecraftClientMixin,pl:mixin:APP:betterthirdperson.mixins.json:MinecraftMixin,pl:mixin:APP:architectury.mixins.json:MixinMinecraft,pl:mixin:APP:fabric-networking-api-v1.client.mixins.json:accessor.MinecraftClientAccessor,pl:mixin:APP:fabric-lifecycle-events-v1.client.mixins.json:MinecraftClientMixin,pl:mixin:APP:kubejs-common.mixins.json:MinecraftClientMixin,pl:mixin:APP:nochatrestrictions.mixins.json:MixinMinecraft,pl:mixin:APP:chloride.mixin.json:MinecraftMixin,pl:mixin:APP:chloride.mixin.json:OverlayMixin,pl:mixin:APP:skinlayers3d.mixins.json:EMFModelPartMixin,pl:mixin:APP:skinlayers3d.mixins.json:SkullModelStateMixin,pl:mixin:APP:moonlight-common.mixins.json:MinecraftMixin,pl:mixin:APP:sounds.mixins.json:ui.ScreenSoundEffect,pl:mixin:APP:fancymenu.mixins.json:client.IMixinMinecraft,pl:mixin:APP:fancymenu.mixins.json:client.MixinMinecraft,pl:mixin:APP:yacl.mixins.json:MinecraftMixin,pl:mixin:APP:fabric-events-interaction-v0.client.mixins.json:MinecraftClientMixin,pl:mixin:APP:sound_physics_remastered.mixins.json:MinecraftMixin,pl:mixin:APP:embeddium.mixins.json:core.MinecraftClientMixin,pl:mixin:APP:embeddium.mixins.json:core.render.MinecraftAccessor,pl:mixin:APP:collective_forge.mixins.json:MinecraftMixin,pl:mixin:APP:modernfix-modernfix.mixins.json:feature.remove_telemetry.MinecraftMixin_Telemetry,pl:mixin:A,pl:runtimedistcleaner:A}
-- Initialization --
Details:
	Modules: 
Stacktrace:
	at net.minecraft.client.main.Main.main(Main.java:182) ~[forge-47.4.15.jar:?] {re:classloading,pl:runtimedistcleaner:A}
	at jdk.internal.reflect.DirectMethodHandleAccessor.invoke(Unknown Source) ~[?:?] {}
	at java.lang.reflect.Method.invoke(Unknown Source) ~[?:?] {re:mixin}
	at net.minecraftforge.fml.loading.targets.CommonLaunchHandler.runTarget(CommonLaunchHandler.java:111) ~[fmlloader-1.20.1-47.4.15.jar:?] {}
	at net.minecraftforge.fml.loading.targets.CommonLaunchHandler.clientService(CommonLaunchHandler.java:99) ~[fmlloader-1.20.1-47.4.15.jar:?] {}
	at net.minecraftforge.fml.loading.targets.CommonClientLaunchHandler.lambda$makeService$0(CommonClientLaunchHandler.java:25) ~[fmlloader-1.20.1-47.4.15.jar:?] {}
	at cpw.mods.modlauncher.LaunchServiceHandlerDecorator.launch(LaunchServiceHandlerDecorator.java:30) ~[modlauncher-10.0.9.jar:?] {}
	at cpw.mods.modlauncher.LaunchServiceHandler.launch(LaunchServiceHandler.java:53) ~[modlauncher-10.0.9.jar:?] {}
	at cpw.mods.modlauncher.LaunchServiceHandler.launch(LaunchServiceHandler.java:71) ~[modlauncher-10.0.9.jar:?] {}
	at cpw.mods.modlauncher.Launcher.run(Launcher.java:108) ~[modlauncher-10.0.9.jar:?] {}
	at cpw.mods.modlauncher.Launcher.main(Launcher.java:78) ~[modlauncher-10.0.9.jar:?] {}
	at cpw.mods.modlauncher.BootstrapLaunchConsumer.accept(BootstrapLaunchConsumer.java:26) ~[modlauncher-10.0.9.jar:?] {}
	at cpw.mods.modlauncher.BootstrapLaunchConsumer.accept(BootstrapLaunchConsumer.java:23) ~[modlauncher-10.0.9.jar:?] {}
	at cpw.mods.bootstraplauncher.BootstrapLauncher.main(BootstrapLauncher.java:141) ~[bootstraplauncher-1.1.2.jar:?] {}


-- System Details --
Details:
	Minecraft Version: 1.20.1
	Minecraft Version ID: 1.20.1
	Operating System: Mac OS X (aarch64) version 26.5.2
	Java Version: 21.0.11, Eclipse Adoptium
	Java VM Version: OpenJDK 64-Bit Server VM (mixed mode, sharing), Eclipse Adoptium
	Memory: 558933472 bytes (533 MiB) / 2080374784 bytes (1984 MiB) up to 4294967296 bytes (4096 MiB)
	CPUs: 8
	Processor Vendor: Apple Inc.
	Processor Name: Apple M1
	Identifier: Apple Inc. Family 0x1b588bb3 Model 0 Stepping 0
	Microarchitecture: ARM64 SoC: Firestorm + Icestorm
	Frequency (GHz): 3.20
	Number of physical packages: 1
	Number of physical CPUs: 8
	Number of logical CPUs: 8
	Graphics card #0 name: Apple M1
	Graphics card #0 vendor: Apple (0x106b)
	Graphics card #0 VRAM (MB): 0.00
	Graphics card #0 deviceId: unknown
	Graphics card #0 versionInfo: unknown
	Memory slot #0 capacity (MB): 0.00
	Memory slot #0 clockSpeed (GHz): 0.00
	Memory slot #0 type: unknown
	Virtual memory max (MB): 19456.00
	Virtual memory used (MB): 11968.94
	Swap memory total (MB): 3072.00
	Swap memory used (MB): 1417.44
	JVM Flags: 3 total; -Xss1M -Xmx4096m -Xms256m
	Launched Version: forge-47.4.15
	Backend library: LWJGL version 3.3.1 build 7
	Backend API: Apple M1 GL version 4.1 Metal - 90.5, Apple
	Window size: <not initialized>
	GL Caps: Using framebuffer using OpenGL 3.2
	GL debug messages: <disabled>
	Using VBOs: Yes
	Is Modded: Definitely; Client brand changed to 'forge'
	Type: Client (map_client.txt)
	CPU: 8x Apple M1
	ModLauncher: 10.0.9+10.0.9+main.dcd20f30
	ModLauncher launch target: forgeclient
	ModLauncher naming: srg
	ModLauncher services: 
		mixin-0.8.5.jar mixin PLUGINSERVICE 
		eventbus-6.0.5.jar eventbus PLUGINSERVICE 
		fmlloader-1.20.1-47.4.15.jar slf4jfixer PLUGINSERVICE 
		fmlloader-1.20.1-47.4.15.jar object_holder_definalize PLUGINSERVICE 
		fmlloader-1.20.1-47.4.15.jar runtime_enum_extender PLUGINSERVICE 
		fmlloader-1.20.1-47.4.15.jar capability_token_subclass PLUGINSERVICE 
		accesstransformers-8.0.4.jar accesstransformer PLUGINSERVICE 
		fmlloader-1.20.1-47.4.15.jar runtimedistcleaner PLUGINSERVICE 
		modlauncher-10.0.9.jar mixin TRANSFORMATIONSERVICE 
		modlauncher-10.0.9.jar essential-loader TRANSFORMATIONSERVICE 
		modlauncher-10.0.9.jar fml TRANSFORMATIONSERVICE 
		modlauncher-10.0.9.jar crash_assistant TRANSFORMATIONSERVICE 
	FML Language Providers: 
		javafml@null
		__fabric_loader_bootstrap@2.6.0+0.15.0+1.20.1
		lowcodefml@null
		minecraft@1.0
		gml@4.0.11
		kotlinforforge@4.12.0
	Mod List: 
		betterdays-1.20.1-3.3.4.5-FORGE.jar               |BetterDays                    |betterdays                    |3.3.4.5             |COMMON_SET|Manifest: NOSIGNATURE
		almanac-1.20.x-forge-1.0.2.jar                    |Almanac                       |almanac                       |1.0.2               |COMMON_SET|Manifest: NOSIGNATURE
		modernworldcreation_forge_2.0.2_MC_1.20.1.jar     |Modern World Creation         |modernworldcreation           |2.0.2               |COMMON_SET|Manifest: NOSIGNATURE
		epicdeathscreen-forge-1.20.1-1.0.0.jar            |Epic Death Screen             |epicdeathscreen               |1.0.0               |COMMON_SET|Manifest: NOSIGNATURE
		player-animation-lib-forge-1.0.2-rc1+1.20.jar     |Player Animator               |playeranimator                |1.0.2-rc1+1.20      |COMMON_SET|Manifest: NOSIGNATURE
		fabric-rendering-fluids-v1-3.0.29+4ac5e37a77.jar  |Fabric Rendering Fluids (v1)  |fabric_rendering_fluids_v1    |3.0.29+4ac5e37a77   |COMMON_SET|Manifest: NOSIGNATURE
		SubtleEffects-forge-1.20.1-1.14.3.jar             |Subtle Effects                |subtle_effects                |1.14.3              |COMMON_SET|Manifest: NOSIGNATURE
		fabric-models-v0-0.4.3+7c3892a477.jar             |Fabric Models (v0)            |fabric_models_v0              |0.4.3+7c3892a477    |COMMON_SET|Manifest: NOSIGNATURE
		UndergroundBunkers-1.0.5-1.20.x-forge.jar         |Underground Bunkers           |underground_bunkers           |1.0.5               |COMMON_SET|Manifest: NOSIGNATURE
		visualhealth-forge-1.20.1-2.0.3.jar               |Visual Health                 |visual_health                 |1.20.1-2.0.3        |COMMON_SET|Manifest: NOSIGNATURE
		fabric-convention-tags-v1-1.5.6+fa3d1c0177.jar    |Fabric Convention Tags        |fabric_convention_tags_v1     |1.5.6+fa3d1c0177    |COMMON_SET|Manifest: NOSIGNATURE
		CTM-1.20.1-1.1.10.jar                             |ConnectedTexturesMod          |ctm                           |1.20.1-1.1.10       |COMMON_SET|Manifest: NOSIGNATURE
		modernfix-forge-5.27.72+mc1.20.1.jar              |ModernFix                     |modernfix                     |5.27.72+mc1.20.1    |COMMON_SET|Manifest: NOSIGNATURE
		fabric-command-api-v1-1.2.35+f71b366f77.jar       |Fabric Command API (v1)       |fabric_command_api_v1         |1.2.35+f71b366f77   |COMMON_SET|Manifest: NOSIGNATURE
		sounds_of_the_forest-1.0.2-forge-1.20.1.jar       |Sounds of the Forest          |sounds_of_the_forest          |1.0.2               |COMMON_SET|Manifest: NOSIGNATURE
		fabric-command-api-v2-2.2.14+561530ec77.jar       |Fabric Command API (v2)       |fabric_command_api_v2         |2.2.14+561530ec77   |COMMON_SET|Manifest: NOSIGNATURE
		fabric-block-view-api-v2-1.0.3+53347ba977.jar     |Fabric BlockView API (v2)     |fabric_block_view_api_v2      |1.0.3+53347ba977    |COMMON_SET|Manifest: NOSIGNATURE
		YungsApi-1.20-Forge-4.0.6.jar                     |YUNG's API                    |yungsapi                      |1.20-Forge-4.0.6    |COMMON_SET|Manifest: NOSIGNATURE
		MaxHealthFix-Forge-1.20.1-12.0.4.jar              |MaxHealthFix                  |maxhealthfix                  |12.0.4              |COMMON_SET|Manifest: eb:c4:b1:67:8b:f9:0c:db:dc:4f:01:b1:8e:61:64:39:4c:10:85:0b:a6:c4:c7:48:f0:fa:95:f2:cb:08:3a:e5
		clientcrafting-1.20.1-2.1.jar                     |clientcrafting mod            |clientcrafting                |1.20.1-2.1          |COMMON_SET|Manifest: NOSIGNATURE
		BiomeParticleWeather-v4.1.0-1.20.1-Forge.jar      |Biome Particle Weather        |impactfulweather              |4.1.0               |COMMON_SET|Manifest: NOSIGNATURE
		balm-forge-1.20.1-7.3.42.jar                      |Balm                          |balm                          |7.3.42              |COMMON_SET|Manifest: NOSIGNATURE
		SnowRealMagic-1.20.1-Forge-10.7.0.jar             |Snow! Real Magic!             |snowrealmagic                 |10.7.0              |COMMON_SET|Manifest: NOSIGNATURE
		fabric-screen-api-v1-2.0.9+45a670a577.jar         |Fabric Screen API (v1)        |fabric_screen_api_v1          |2.0.9+45a670a577    |COMMON_SET|Manifest: NOSIGNATURE
		JustEnoughResources-1.20.1-1.4.0.247.jar          |Just Enough Resources         |jeresources                   |1.4.0.247           |COMMON_SET|Manifest: NOSIGNATURE
		chat_heads-0.15.6-forge-1.20.jar                  |Chat Heads                    |chat_heads                    |0.15.6              |COMMON_SET|Manifest: NOSIGNATURE
		structure_layout_optimizer-forge-1.0.11.jar       |Structure Layout Optimizer    |structure_layout_optimizer    |1.0.11              |COMMON_SET|Manifest: NOSIGNATURE
		exposure-1.20.1-1.7.16-forge.jar                  |Exposure                      |exposure                      |1.7.16              |COMMON_SET|Manifest: NOSIGNATURE
		cloth-config-11.1.136-forge.jar                   |Cloth Config v10 API          |cloth_config                  |11.1.136            |COMMON_SET|Manifest: NOSIGNATURE
		crash_assistant-forge.jar                         |Crash Assistant               |crash_assistant               |1.11.11             |COMMON_SET|Manifest: NOSIGNATURE
		vminus-3.3.2.jar                                  |VMinus                        |vminus                        |3.3.1               |COMMON_SET|Manifest: NOSIGNATURE
		LeavesBeGone-v8.0.0-1.20.1-Forge.jar              |Leaves Be Gone                |leavesbegone                  |8.0.0               |COMMON_SET|Manifest: 9a:09:85:98:65:c4:8c:11:c5:49:f6:d6:33:23:39:df:8d:b4:ff:92:84:b8:bd:a5:83:9f:ac:7f:2a:d1:4b:6a
		biomereplacer-2.1-hippo-forge.jar                 |Biome Replacer                |biome_replacer                |2.1-hippo           |COMMON_SET|Manifest: NOSIGNATURE
		embeddium-0.3.31+mc1.20.1.jar                     |Embeddium                     |embeddium                     |0.3.31+mc1.20.1     |COMMON_SET|Manifest: NOSIGNATURE
		Longwings-v0.9.5-1.20.1-Forge.jar                 |Longwings                     |longwings                     |0.9.5               |COMMON_SET|Manifest: NOSIGNATURE
		nof3-1.0.0.jar                                    |NoF3                          |nof3                          |0.0.1               |COMMON_SET|Manifest: NOSIGNATURE
		lmft-1.0.4+1.20.1-forge.jar                       |Load My F***ing Tags          |lmft                          |1.0.4+1.20.1        |COMMON_SET|Manifest: NOSIGNATURE
		BetterCompatibilityChecker-forge-4.0.8+mc1.20.1.ja|Better Compatibility Checker  |bcc                           |4.0.8               |COMMON_SET|Manifest: NOSIGNATURE
		fabric-game-rule-api-v1-1.0.41+683d4da877.jar     |Fabric Game Rule API (v1)     |fabric_game_rule_api_v1       |1.0.41+683d4da877   |COMMON_SET|Manifest: NOSIGNATURE
		mod-4.0.11.jar                                    |GroovyModLoader               |gml                           |4.0.11              |COMMON_SET|Manifest: NOSIGNATURE
		fancytoasts-forge-1.20.1-1.4.7.jar                |FancyToasts                   |fancytoasts                   |1.4.7               |COMMON_SET|Manifest: NOSIGNATURE
		1.1.0+1.20.1forge.jar                             |Old Recording                 |old_recording                 |1.0.0               |COMMON_SET|Manifest: NOSIGNATURE
		awcapi-neoforge-1.20.1-1.0.2.jar                  |Advanced Wall Climber API     |awcapi                        |1.0.2               |COMMON_SET|Manifest: NOSIGNATURE
		resourcefulconfig-forge-1.20.1-2.1.3.jar          |Resourcefulconfig             |resourcefulconfig             |2.1.3               |COMMON_SET|Manifest: NOSIGNATURE
		fishingreal-forge-1.20.1-1.9.1-backport.jar       |FishingReal                   |fishingreal                   |1.9.1-backport      |COMMON_SET|Manifest: NOSIGNATURE
		spark-1.10.53-forge.jar                           |spark                         |spark                         |1.10.53             |COMMON_SET|Manifest: NOSIGNATURE
		curios-forge-5.14.1+1.20.1.jar                    |Curios API                    |curios                        |5.14.1+1.20.1       |COMMON_SET|Manifest: NOSIGNATURE
		cgl-1.20-forge-0.3.3.jar                          |CommonGroovyLibrary           |commongroovylibrary           |0.3.3               |COMMON_SET|Manifest: NOSIGNATURE
		chatanimation-forge-1.3.0+mc1.20.1.jar            |ChatAnimation                 |chatanimation                 |1.3.0               |COMMON_SET|Manifest: NOSIGNATURE
		Searchables-forge-1.20.1-1.0.3.jar                |Searchables                   |searchables                   |1.0.3               |COMMON_SET|Manifest: NOSIGNATURE
		random_advancement-forge-1.20.1-1.0.0.jar         |random advancement forge1.20.1|random_advancement_forge      |1.0.0               |COMMON_SET|Manifest: NOSIGNATURE
		The-Stalker-perk_twixxel-1.20.1.jar               |Stalker                       |stalker                       |1.0.0               |COMMON_SET|Manifest: NOSIGNATURE
		fabric-entity-events-v1-1.6.1+4ca7515277.jar      |Fabric Entity Events (v1)     |fabric_entity_events_v1       |1.6.1+4ca7515277    |COMMON_SET|Manifest: NOSIGNATURE
		worldedit-mod-7.2.15.jar                          |WorldEdit                     |worldedit                     |7.2.15+6463-5ca4dff |COMMON_SET|Manifest: NOSIGNATURE
		biomespawnpoint-1.20.1-2.4.jar                    |Biome Spawn Point             |biomespawnpoint               |2.4                 |COMMON_SET|Manifest: NOSIGNATURE
		Chimes-v2.1.1-1.20.1-Forge.jar                    |Chimes                        |chimes                        |2.1.1               |COMMON_SET|Manifest: NOSIGNATURE
		conditional-mixin-forge-0.6.4.jar                 |conditional mixin             |conditional_mixin             |0.6.4               |COMMON_SET|Manifest: NOSIGNATURE
		TRansition-1.0.21-1.20.1-forge-SNAPSHOT.jar       |TRansition                    |transition                    |1.0.21              |COMMON_SET|Manifest: NOSIGNATURE
		ItemPhysic_FORGE_v1.8.13_mc1.20.1.jar             |ItemPhysic                    |itemphysic                    |1.8.13              |COMMON_SET|Manifest: NOSIGNATURE
		dynamic-fps-3.11.4+minecraft-1.20.0-forge.jar     |Dynamic FPS                   |dynamic_fps                   |3.11.4              |COMMON_SET|Manifest: NOSIGNATURE
		fabric-rendering-data-attachment-v1-0.3.39+a6081af|Fabric Rendering Data Attachme|fabric_rendering_data_attachme|0.3.39+a6081afc77   |COMMON_SET|Manifest: NOSIGNATURE
		soundofrain-0.6.0.jar                             |Sound of Rain                 |soundofrain                   |0.6.0               |COMMON_SET|Manifest: NOSIGNATURE
		FallingTree-1.20.1-4.3.4.jar                      |FallingTree                   |fallingtree                   |4.3.4               |COMMON_SET|Manifest: 3c:8e:df:6c:df:a6:2a:9f:af:64:ea:04:9a:cf:65:92:3b:54:93:0e:96:50:b4:52:e1:13:42:18:2b:ae:40:29
		optileaves-1.20.x-1.2.jar                         |OptiLeaves                    |optileaves                    |1.1.0               |COMMON_SET|Manifest: NOSIGNATURE
		mobtimizations-forge-1.20.1-1.0.1.jar             |Mobtimizations                |mobtimizations                |1.20.1-1.0.1        |COMMON_SET|Manifest: NOSIGNATURE
		CustomStartingGear-1.20-2.0.3.jar                 |Custom Starter Gear           |customstartinggear            |2.0.3               |COMMON_SET|Manifest: NOSIGNATURE
		Essential (forge_1.20.1).jar                      |Essential                     |essential                     |1.4.1.1             |COMMON_SET|Manifest: NOSIGNATURE
		fabric-client-tags-api-v1-1.1.3+5d6761b877.jar    |Fabric Client Tags            |fabric_client_tags_api_v1     |1.1.3+5d6761b877    |COMMON_SET|Manifest: NOSIGNATURE
		SmartBrainLib-forge-1.20.1-1.15.jar               |SmartBrainLib                 |smartbrainlib                 |1.15                |COMMON_SET|Manifest: NOSIGNATURE
		Drip Sounds-0.5.2+1.20.4-Forge.jar                |Drip Sounds                   |waterdripsound                |0.5.2               |COMMON_SET|Manifest: NOSIGNATURE
		fabric-dimensions-v1-2.1.55+8005d10d77.jar        |Fabric Dimensions API (v1)    |fabric_dimensions_v1          |2.1.55+8005d10d77   |COMMON_SET|Manifest: NOSIGNATURE
		radium-mc1.20.1-0.12.4+git.26c9d8e.jar            |Radium                        |radium                        |0.12.4+git.26c9d8e  |COMMON_SET|Manifest: NOSIGNATURE
		Kiwi-1.20.1-Forge-11.10.3.jar                     |Kiwi Library                  |kiwi                          |11.10.3+forge       |COMMON_SET|Manifest: NOSIGNATURE
		AlwaysEat-5.2.jar                                 |AlwaysEat                     |salwayseat                    |5.2                 |COMMON_SET|Manifest: NOSIGNATURE
		campsite_structures-1.20.1-FORGE-1.0.4.jar        |Campsite Structures           |campsite_structures           |1.0.4               |COMMON_SET|Manifest: NOSIGNATURE
		structurify-forge-2.0.33+mc1.20.1.jar             |Structurify                   |structurify                   |2.0.33              |COMMON_SET|Manifest: NOSIGNATURE
		fabric-model-loading-api-v1-1.0.4+6274ab9d77.jar  |Fabric Model Loading API (v1) |fabric_model_loading_api_v1   |1.0.4+6274ab9d77    |COMMON_SET|Manifest: NOSIGNATURE
		jei-1.20.1-forge-15.20.0.112.jar                  |Just Enough Items             |jei                           |15.20.0.112         |COMMON_SET|Manifest: NOSIGNATURE
		MossyLib-1.5.0+1.20.1+forge.jar                   |MossyLib                      |mossylib                      |1.5.0+1.20.1+forge  |COMMON_SET|Manifest: NOSIGNATURE
		lithostitched-forge-1.20.1-1.4.11.jar             |Lithostitched                 |lithostitched                 |1.4.11              |COMMON_SET|Manifest: NOSIGNATURE
		fabric-screen-handler-api-v1-1.3.33+561530ec77.jar|Fabric Screen Handler API (v1)|fabric_screen_handler_api_v1  |1.3.33+561530ec77   |COMMON_SET|Manifest: NOSIGNATURE
		Paxi-1.20-Forge-4.0.jar                           |Paxi                          |paxi                          |1.20-Forge-4.0      |COMMON_SET|Manifest: NOSIGNATURE
		immersive_weathering-1.20.1-2.0.5-forge.jar       |Immersive Weathering          |immersive_weathering          |1.20.1-2.0.5        |COMMON_SET|Manifest: NOSIGNATURE
		fabric-rendering-v1-3.0.9+66e9a48f77.jar          |Fabric Rendering (v1)         |fabric_rendering_v1           |3.0.9+66e9a48f77    |COMMON_SET|Manifest: NOSIGNATURE
		libbamboo-2.17+1.20.1-forge.jar                   |LibBamboo                     |libbamboo                     |2.17                |COMMON_SET|Manifest: NOSIGNATURE
		fabric-renderer-indigo-1.5.3+b5b2da4177.jar       |Fabric Renderer - Indigo      |fabric_renderer_indigo        |1.5.3+b5b2da4177    |COMMON_SET|Manifest: NOSIGNATURE
		fastasyncworldsave-1.20.1-2.6.jar                 |fastasyncworldsave mod        |fastasyncworldsave            |1.20.1-2.6          |COMMON_SET|Manifest: NOSIGNATURE
		HQM-1.20.1-5.16.0-forge.jar                       |Hardcore Questing Mode        |hardcorequesting              |1.20.1-5.16.0       |COMMON_SET|Manifest: NOSIGNATURE
		starterstructure-1.20.1-4.2.jar                   |Starter Structure             |starterstructure              |4.2                 |COMMON_SET|Manifest: NOSIGNATURE
		GlitchCore-forge-1.20.1-0.0.1.1.jar               |GlitchCore                    |glitchcore                    |0.0.1.1             |COMMON_SET|Manifest: NOSIGNATURE
		SereneSeasons-forge-1.20.1-9.1.0.3.jar            |Serene Seasons                |sereneseasons                 |9.1.0.3             |COMMON_SET|Manifest: NOSIGNATURE
		Neruina-2.1.2-forge+1.20.1.jar                    |Neruina                       |neruina                       |2.1.2               |COMMON_SET|Manifest: NOSIGNATURE
		snowundertrees-1.20.1-1.4.12.jar                  |Snow Under Trees              |snowundertrees                |1.4.12              |COMMON_SET|Manifest: NOSIGNATURE
		omegaflashlight-0.7.6-1.20.1.jar                  |Omega Flashlight              |omegaflashlight               |0.7.6-1.20.1        |COMMON_SET|Manifest: NOSIGNATURE
		midnightlib-1.4.2-forge.jar                       |MidnightLib                   |midnightlib                   |1.4.2               |COMMON_SET|Manifest: NOSIGNATURE
		starlight-1.1.2+forge.1cda73c.jar                 |Starlight                     |starlight                     |1.1.2+forge.1cda73c |COMMON_SET|Manifest: NOSIGNATURE
		whitenoise-1.20.1-forge-1.1.1.jar                 |WhiteNoise                    |whitenoise                    |1.1.1               |COMMON_SET|Manifest: NOSIGNATURE
		InventoryParticles-2.6.0+1.20.1+forge.jar         |Inventory Particles           |inventory_particles           |2.6.0+1.20.1+forge  |COMMON_SET|Manifest: NOSIGNATURE
		fusion-1.3.12-forge-mc1.20.1.jar                  |Fusion                        |fusion                        |1.3.12              |COMMON_SET|Manifest: NOSIGNATURE
		CraftTweaker-forge-1.20.1-14.0.60.jar             |CraftTweaker                  |crafttweaker                  |14.0.60             |COMMON_SET|Manifest: NOSIGNATURE
		fabric-particles-v1-1.1.3+78e1ecb877.jar          |Fabric Particles (v1)         |fabric_particles_v1           |1.1.3+78e1ecb877    |COMMON_SET|Manifest: NOSIGNATURE
		puzzlesaccessapi-forge-20.1.1.jar                 |Puzzles Access Api            |puzzlesaccessapi              |20.1.1              |COMMON_SET|Manifest: NOSIGNATURE
		forge-1.20.1-47.4.15-universal.jar                |Forge                         |forge                         |47.4.15             |COMMON_SET|Manifest: NOSIGNATURE
		tooltipoverhaul-forge-1.20.1-1.5.2.jar            |Tooltip Overhaul              |tooltipoverhaul               |1.5.2               |COMMON_SET|Manifest: NOSIGNATURE
		polytone-1.20-3.5.26.jar                          |Polytone                      |polytone                      |1.20-3.5.26         |COMMON_SET|Manifest: NOSIGNATURE
		drippyloadingscreen_forge_3.1.0_MC_1.20.1.jar     |Drippy Loading Screen         |drippyloadingscreen           |3.1.0               |COMMON_SET|Manifest: NOSIGNATURE
		Fog-forge-1.5.3-1.20.1.jar                        |Fog                           |fog                           |1.5.3-1.20.1        |COMMON_SET|Manifest: NOSIGNATURE
		client-1.20.1-20230612.114412-srg.jar             |Minecraft                     |minecraft                     |1.20.1              |COMMON_SET|Manifest: a1:d4:5e:04:4f:d3:d6:e0:7b:37:97:cf:77:b0:de:ad:4a:47:ce:8c:96:49:5f:0a:cf:8c:ae:b2:6d:4b:8a:3f
		butchery-5.2-forge-1.20.1.jar                     |Butchery                      |butchery                      |5.2                 |COMMON_SET|Manifest: NOSIGNATURE
		butchery_alexs_mobs-1.0.1-BETA-forge-1.20.1.jar   |Butchery: Alexs Mobs          |butchery_alexs_mobs           |1.0.1               |COMMON_SET|Manifest: NOSIGNATURE
		whos_there-1.4.1-forge-1.20.1.jar                 |Who's There?: Ghost Players   |whos_there                    |1.4.1               |COMMON_SET|Manifest: NOSIGNATURE
		smoothchunk-1.20.1-4.1.jar                        |Smoothchunk mod               |smoothchunk                   |1.20.1-4.1          |COMMON_SET|Manifest: NOSIGNATURE
		voicechat-forge-1.20.1-2.6.22.jar                 |Simple Voice Chat             |voicechat                     |1.20.1-2.6.22       |COMMON_SET|Manifest: NOSIGNATURE
		sound-physics-remastered-forge-1.20.1-1.5.1.jar   |Sound Physics Remastered      |sound_physics_remastered      |1.20.1-1.5.1        |COMMON_SET|Manifest: NOSIGNATURE
		TerraBlender-forge-1.20.1-3.0.1.10.jar            |TerraBlender                  |terrablender                  |3.0.1.10            |COMMON_SET|Manifest: NOSIGNATURE
		fabric-api-base-0.4.32+ef105b4977.jar             |Fabric API Base               |fabric_api_base               |0.4.32+ef105b4977   |COMMON_SET|Manifest: NOSIGNATURE
		MouseTweaks-forge-mc1.20.1-2.25.1.jar             |Mouse Tweaks                  |mousetweaks                   |2.25.1              |COMMON_SET|Manifest: NOSIGNATURE
		Necronomicon-Forge-1.6.0+1.20.1.jar               |Necronomicon                  |necronomicon                  |1.6.0               |COMMON_SET|Manifest: NOSIGNATURE
		alltheleaks-1.1.1+1.20.1-forge.jar                |All The Leaks                 |alltheleaks                   |1.1.1+1.20.1-forge  |COMMON_SET|Manifest: NOSIGNATURE
		cleanswing-1.20-1.8.jar                           |Clean Swing Through Grass     |cleanswing                    |1.8                 |COMMON_SET|Manifest: NOSIGNATURE
		spectrelib-forge-0.13.17+1.20.1.jar               |SpectreLib                    |spectrelib                    |0.13.17+1.20.1      |COMMON_SET|Manifest: NOSIGNATURE
		fabric-block-api-v1-1.0.12+0e6cb7f777.jar         |Fabric Block API (v1)         |fabric_block_api_v1           |1.0.12+0e6cb7f777   |COMMON_SET|Manifest: NOSIGNATURE
		fabric-resource-conditions-api-v1-2.3.9+996d00b277|Fabric Resource Conditions API|fabric_resource_conditions_api|2.3.9+996d00b277    |COMMON_SET|Manifest: NOSIGNATURE
		Ksyxis-1.4.3.jar                                  |Ksyxis                        |ksyxis                        |1.4.3               |COMMON_SET|Manifest: NOSIGNATURE
		kffmod-4.12.0.jar                                 |Kotlin For Forge              |kotlinforforge                |4.12.0              |COMMON_SET|Manifest: NOSIGNATURE
		tctcore-2.3-forge-1.20.1.jar                      |tctcore                       |tctcore                       |2.2                 |COMMON_SET|Manifest: NOSIGNATURE
		notenoughanimations-forge-1.12.4-mc1.20.1.jar     |NotEnoughAnimations           |notenoughanimations           |1.12.4              |COMMON_SET|Manifest: NOSIGNATURE
		lexiconfig-forge-1.4.21-epic.jar                  |Lexiconfig                    |lexiconfig                    |1.4.21-epic         |COMMON_SET|Manifest: NOSIGNATURE
		fabric-item-group-api-v1-4.0.14+c9161c2d77.jar    |Fabric Item Group API (v1)    |fabric_item_group_api_v1      |4.0.14+c9161c2d77   |COMMON_SET|Manifest: NOSIGNATURE
		polymorph-forge-0.49.10+1.20.1.jar                |Polymorph                     |polymorph                     |0.49.10+1.20.1      |COMMON_SET|Manifest: NOSIGNATURE
		Zeta-1.0-31.jar                                   |Zeta                          |zeta                          |1.0-31              |COMMON_SET|Manifest: NOSIGNATURE
		entityculling-forge-1.10.5-mc1.20.1.jar           |EntityCulling                 |entityculling                 |1.10.5              |COMMON_SET|Manifest: NOSIGNATURE
		backpacked-forge-1.20.1-3.0.9.jar                 |Backpacked                    |backpacked                    |3.0.9               |COMMON_SET|Manifest: 0d:78:5f:44:c0:47:0c:8c:e2:63:a3:04:43:d4:12:7d:b0:7c:35:37:dc:40:b1:c1:98:ec:51:eb:3b:3c:45:99
		fabric-registry-sync-v0-2.3.6+1c0ea72177.jar      |Fabric Registry Sync (v0)     |fabric_registry_sync_v0       |2.3.6+1c0ea72177    |COMMON_SET|Manifest: NOSIGNATURE
		ImmediatelyFast-Forge-1.5.5+1.20.4.jar            |ImmediatelyFast               |immediatelyfast               |1.5.5+1.20.4        |COMMON_SET|Manifest: NOSIGNATURE
		FastFurnace-1.20.1-8.0.2.jar                      |FastFurnace                   |fastfurnace                   |8.0.2               |COMMON_SET|Manifest: NOSIGNATURE
		appleskin-forge-mc1.20.1-2.5.1.jar                |AppleSkin                     |appleskin                     |2.5.1+mc1.20.1      |COMMON_SET|Manifest: NOSIGNATURE
		fabric-recipe-api-v1-1.0.24+514a076577.jar        |Fabric Recipe API (v1)        |fabric_recipe_api_v1          |1.0.24+514a076577   |COMMON_SET|Manifest: NOSIGNATURE
		fabric-object-builder-api-v1-11.1.5+f8c414ce77.jar|Fabric Object Builder API (v1)|fabric_object_builder_api_v1  |11.1.5+f8c414ce77   |COMMON_SET|Manifest: NOSIGNATURE
		biomemusic-1.20.1-4.1.jar                         |biomemusic mod                |biomemusic                    |1.20.1-4.1          |COMMON_SET|Manifest: NOSIGNATURE
		PuzzlesLib-v8.1.33-1.20.1-Forge.jar               |Puzzles Lib                   |puzzleslib                    |8.1.33              |COMMON_SET|Manifest: 9a:09:85:98:65:c4:8c:11:c5:49:f6:d6:33:23:39:df:8d:b4:ff:92:84:b8:bd:a5:83:9f:ac:7f:2a:d1:4b:6a
		immersivemessages-forge-1.0.18-1.20.1.jar         |Immersive Messages API        |immersivemessages             |1.0.18              |COMMON_SET|Manifest: NOSIGNATURE
		smoothswapping-0.9.3.2-1.20.1-forge.jar           |Smooth Swapping               |smoothswapping                |0.9.3.2             |COMMON_SET|Manifest: NOSIGNATURE
		fabric-sound-api-v1-1.0.14+4f23bd8477.jar         |Fabric Sound API (v1)         |fabric_sound_api_v1           |1.0.14+4f23bd8477   |COMMON_SET|Manifest: NOSIGNATURE
		fabric-message-api-v1-5.1.10+52cc178c77.jar       |Fabric Message API (v1)       |fabric_message_api_v1         |5.1.10+52cc178c77   |COMMON_SET|Manifest: NOSIGNATURE
		cookyourfood--mc1.20.1--1.11.jar                  |Cook your food                |cookyourfood                  |1.11                |COMMON_SET|Manifest: NOSIGNATURE
		verdantvibes-1.0.3-1.20.1.jar                     |Verdant Vibes                 |verdantvibes                  |1.0.3-1.20.1        |COMMON_SET|Manifest: NOSIGNATURE
		defaultoptions-forge-1.20.1-18.0.5.jar            |Default Options               |defaultoptions                |18.0.5              |COMMON_SET|Manifest: NOSIGNATURE
		Antlers_of_Hunger_0.1.2_1.20.1_VIBRANT.jar        |Antlers_of_Hunger             |antlers_of_hunger             |0.1.0               |COMMON_SET|Manifest: NOSIGNATURE
		kuma-api-forge-20.1.12+1.20.1.jar                 |KumaAPI                       |kuma_api                      |20.1.12             |COMMON_SET|Manifest: NOSIGNATURE
		fabric-renderer-api-v1-3.2.2+cf68abbe77.jar       |Fabric Renderer API (v1)      |fabric_renderer_api_v1        |3.2.2+cf68abbe77    |COMMON_SET|Manifest: NOSIGNATURE
		geckolib-forge-1.20.1-4.8.4.jar                   |GeckoLib 4                    |geckolib                      |4.8.4               |COMMON_SET|Manifest: NOSIGNATURE
		Pale_Hound-1.20.1-1.10.0.jar                      |The Pale Hound                |pale_hound                    |1.10.0              |COMMON_SET|Manifest: NOSIGNATURE
		fabric-item-api-v1-2.1.29+4d0bbcfa77.jar          |Fabric Item API (v1)          |fabric_item_api_v1            |2.1.29+4d0bbcfa77   |COMMON_SET|Manifest: NOSIGNATURE
		firstperson-forge-2.7.2-mc1.20.1.jar              |FirstPerson                   |firstperson                   |2.7.2               |COMMON_SET|Manifest: NOSIGNATURE
		naturalist-5.0pre2+forge-1.20.1.jar               |Naturalist                    |naturalist                    |5.0pre2             |COMMON_SET|Manifest: NOSIGNATURE
		connectivity-1.20.1-7.6.jar                       |Connectivity Mod              |connectivity                  |1.20.1-7.6          |COMMON_SET|Manifest: NOSIGNATURE
		kleeslabs-forge-1.20.1-15.0.12.jar                |KleeSlabs                     |kleeslabs                     |15.0.12             |COMMON_SET|Manifest: NOSIGNATURE
		gpumemleakfix-1.20.1-1.8.jar                      |Gpu memory leak fix           |gpumemleakfix                 |1.20.1-1.8          |COMMON_SET|Manifest: NOSIGNATURE
		structureessentials-1.20.1-5.0.jar                |Structure Essentials mod      |structureessentials           |1.20.1-5.0          |COMMON_SET|Manifest: NOSIGNATURE
		darkness-forge-1.20.1-2.0.103-fork.jar            |True Darkness                 |darkness                      |2.0.103             |COMMON_SET|Manifest: NOSIGNATURE
		configurableextramobdrops-1.20.1-3.7.jar          |Configurable Extra Mob Drops  |configurableextramobdrops     |3.7                 |COMMON_SET|Manifest: NOSIGNATURE
		EnhancedVisuals_FORGE_v1.8.29_mc1.20.1.jar        |EnhancedVisuals               |enhancedvisuals               |1.8.29              |COMMON_SET|Manifest: NOSIGNATURE
		Controlling-forge-1.20.1-12.0.2.jar               |Controlling                   |controlling                   |12.0.2              |COMMON_SET|Manifest: NOSIGNATURE
		Placebo-1.20.1-8.6.3.jar                          |Placebo                       |placebo                       |8.6.3               |COMMON_SET|Manifest: NOSIGNATURE
		citadel-2.6.3-1.20.1.jar                          |Citadel                       |citadel                       |2.6.3               |COMMON_SET|Manifest: NOSIGNATURE
		alexsmobs-1.22.9.jar                              |Alex's Mobs                   |alexsmobs                     |1.22.9              |COMMON_SET|Manifest: NOSIGNATURE
		fabric-data-attachment-api-v1-1.0.2+30ef839e77.jar|Fabric Data Attachment API (v1|fabric_data_attachment_api_v1 |1.0.2+30ef839e77    |COMMON_SET|Manifest: NOSIGNATURE
		Bookshelf-Forge-1.20.1-20.2.15.jar                |Bookshelf                     |bookshelf                     |20.2.15             |COMMON_SET|Manifest: eb:c4:b1:67:8b:f9:0c:db:dc:4f:01:b1:8e:61:64:39:4c:10:85:0b:a6:c4:c7:48:f0:fa:95:f2:cb:08:3a:e5
		sodiumoptionsapi-forge-1.0.10-1.20.1.jar          |Sodium Options API            |sodiumoptionsapi              |1.0.10              |COMMON_SET|Manifest: NOSIGNATURE
		melody_forge_1.0.3_MC_1.20.1-1.20.4.jar           |Melody                        |melody                        |1.0.2               |COMMON_SET|Manifest: NOSIGNATURE
		CameraOverhaul-v2.1.1-forge+mc[1.20-1.20.5].jar   |CameraOverhaul                |cameraoverhaul                |2.1.1-forge+mc.1.20-|COMMON_SET|Manifest: NOSIGNATURE
		spelunkers_charm-3.6.0-1.20.1.jar                 |Spelunker's Charm             |spelunkers_charm              |3.6.0               |COMMON_SET|Manifest: NOSIGNATURE
		fzzy_config-0.7.6+1.20.1+forge.jar                |Fzzy Config                   |fzzy_config                   |0.7.6+1.20.1+forge  |COMMON_SET|Manifest: NOSIGNATURE
		particle_core-0.3.3+1.20.1+forge.jar              |Particle Core                 |particle_core                 |0.3.3+1.20.1+forge  |COMMON_SET|Manifest: NOSIGNATURE
		fabric-api-0.92.6+1.11.15+1.20.1.jar              |Forgified Fabric API          |fabric_api                    |0.92.6+1.11.15+1.20.|COMMON_SET|Manifest: NOSIGNATURE
		fabric-content-registries-v0-4.0.13+a670df1e77.jar|Fabric Content Registries (v0)|fabric_content_registries_v0  |4.0.13+a670df1e77   |COMMON_SET|Manifest: NOSIGNATURE
		sodiumdynamiclights-forge-1.0.10-1.20.1.jar       |Sodium Dynamic Lights         |sodiumdynamiclights           |1.0.9               |COMMON_SET|Manifest: NOSIGNATURE
		konkrete_forge_1.8.0_MC_1.20-1.20.1.jar           |Konkrete                      |konkrete                      |1.8.0               |COMMON_SET|Manifest: NOSIGNATURE
		mcw-bridges-3.1.2-mc1.20.1forge.jar               |Macaw's Bridges               |mcwbridges                    |3.1.2               |COMMON_SET|Manifest: NOSIGNATURE
		FarmersDelight-1.20.1-1.3.2.jar                   |Farmer's Delight              |farmersdelight                |1.20.1-1.3.2        |COMMON_SET|Manifest: NOSIGNATURE
		entity_model_features-3.2.4-1.20.1-forge.jar      |Entity Model Features         |entity_model_features         |3.2.4               |COMMON_SET|Manifest: NOSIGNATURE
		entity_texture_features_1.20.1-forge-7.1.jar      |Entity Texture Features       |entity_texture_features       |7.1                 |COMMON_SET|Manifest: NOSIGNATURE
		fabric-api-lookup-api-v1-1.6.37+67f9824077.jar    |Fabric API Lookup API (v1)    |fabric_api_lookup_api_v1      |1.6.37+67f9824077   |COMMON_SET|Manifest: NOSIGNATURE
		reactivemusic-forge-1.3.5+1.20.1.jar              |Reactive Music                |reactivemusic                 |1.3.5               |COMMON_SET|Manifest: NOSIGNATURE
		Chunky-1.3.146.jar                                |Chunky                        |chunky                        |1.3.146             |COMMON_SET|Manifest: NOSIGNATURE
		EyesInTheDarkness-1.20.1-1.3.10.jar               |Eyes in the Darkness          |eyesinthedarkness             |1.3.10              |COMMON_SET|Manifest: NOSIGNATURE
		mcwbiomesoplenty-1.20.1-1.6.jar                   |Macaw's Biomes O' Plenty      |mcwbiomesoplenty              |1.20.1-1.6          |COMMON_SET|Manifest: NOSIGNATURE
		BiomesOPlenty-forge-1.20.1-19.0.0.96.jar          |Biomes O' Plenty              |biomesoplenty                 |19.0.0.96           |COMMON_SET|Manifest: NOSIGNATURE
		addonslib-forge-1.20.1-1.11.jar                   |AddonsLib                     |addonslib                     |1.20.1-1.11         |COMMON_SET|Manifest: NOSIGNATURE
		simplebedrockmodel-2.2.2-forge+mc1.20.1.jar       |SimpleBedrockModel            |simplebedrockmodel            |2.2.2-forge+mc1.20.1|COMMON_SET|Manifest: NOSIGNATURE
		collective-1.20.1-8.39.jar                        |Collective                    |collective                    |8.39                |COMMON_SET|Manifest: NOSIGNATURE
		BetterThirdPerson-Forge-1.20-1.9.0.jar            |Better Third Person           |betterthirdperson             |1.9.0               |COMMON_SET|Manifest: NOSIGNATURE
		xercapaint-1.20.1-2.0.0.jar                       |Joy of Painting               |xercapaint                    |1.20.1-2.0.0        |COMMON_SET|Manifest: NOSIGNATURE
		ftb-ultimine-forge-2001.1.8.jar                   |FTB Ultimine                  |ftbultimine                   |2001.1.8            |COMMON_SET|Manifest: NOSIGNATURE
		eatinganimation-1.20.1-5.1.0.jar                  |Eating Animation              |eatinganimation               |5.1.0               |COMMON_SET|Manifest: NOSIGNATURE
		architectury-9.2.14-forge.jar                     |Architectury                  |architectury                  |9.2.14              |COMMON_SET|Manifest: NOSIGNATURE
		Not Enough Recipe Book-FORGE-0.4.1+1.20.1.jar     |Not Enough Recipe Book        |nerb                          |0.4.1               |COMMON_SET|Manifest: NOSIGNATURE
		ftb-library-forge-2001.2.13.jar                   |FTB Library                   |ftblibrary                    |2001.2.13           |COMMON_SET|Manifest: NOSIGNATURE
		footprintparticle-0.5.4b-mc1.20(.1).jar           |Footprint Particle            |footprintparticle             |0.5.4b-mc1.20(.1)   |COMMON_SET|Manifest: NOSIGNATURE
		walkietalkie-forge-1.20.1-1.3.0.jar               |Walkie-Talkie                 |walkietalkie                  |1.3.0               |COMMON_SET|Manifest: NOSIGNATURE
		yuushya-1.20.1-forge-2.2.3.jar                    |Yuushya                       |yuushya                       |2.2.3               |COMMON_SET|Manifest: NOSIGNATURE
		fabric-loot-api-v2-1.2.3+eb28f93e77.jar           |Fabric Loot API (v2)          |fabric_loot_api_v2            |1.2.3+eb28f93e77    |COMMON_SET|Manifest: NOSIGNATURE
		cupboard-1.20.1-4.0.jar                           |Cupboard utilities            |cupboard                      |1.20.1-4.0          |COMMON_SET|Manifest: NOSIGNATURE
		refurbished_furniture-forge-1.20.1-1.0.20.jar     |MrCrayfish's Furniture Mod: Re|refurbished_furniture         |1.0.20              |COMMON_SET|Manifest: 0d:78:5f:44:c0:47:0c:8c:e2:63:a3:04:43:d4:12:7d:b0:7c:35:37:dc:40:b1:c1:98:ec:51:eb:3b:3c:45:99
		MRU-1.0.4+1.20.1+forge.jar                        |Mineblock's Repeated Utilities|mru                           |1.0.4+1.20.1+forge  |COMMON_SET|Manifest: NOSIGNATURE
		anomaly_rephased-2.0.0b31-forge-1.20.1.jar        |Anomaly Rephased              |anomaly_rephased              |2.0.031             |COMMON_SET|Manifest: NOSIGNATURE
		fabric-networking-api-v1-1.3.14+fb7c822677.jar    |Fabric Networking API (v1)    |fabric_networking_api_v1      |1.3.14+fb7c822677   |COMMON_SET|Manifest: NOSIGNATURE
		framework-forge-1.20.1-0.8.0.jar                  |Framework                     |framework                     |0.8.0               |COMMON_SET|Manifest: 0d:78:5f:44:c0:47:0c:8c:e2:63:a3:04:43:d4:12:7d:b0:7c:35:37:dc:40:b1:c1:98:ec:51:eb:3b:3c:45:99
		letmedespawn-1.20.x-forge-1.5.0.jar               |Let Me Despawn                |letmedespawn                  |1.5.0               |COMMON_SET|Manifest: NOSIGNATURE
		matmos_tct-7.7-forge-1.20.1.jar                   |Matmos                        |matmos_tct                    |7.7                 |COMMON_SET|Manifest: NOSIGNATURE
		fabric-lifecycle-events-v1-2.2.23+afab492177.jar  |Fabric Lifecycle Events (v1)  |fabric_lifecycle_events_v1    |2.2.23+afab492177   |COMMON_SET|Manifest: NOSIGNATURE
		fabric-key-binding-api-v1-1.0.38+561530ec77.jar   |Fabric Key Binding API (v1)   |fabric_key_binding_api_v1     |1.0.38+561530ec77   |COMMON_SET|Manifest: NOSIGNATURE
		fabric-transfer-api-v1-3.3.6+25eff73b77.jar       |Fabric Transfer API (v1)      |fabric_transfer_api_v1        |3.3.6+25eff73b77    |COMMON_SET|Manifest: NOSIGNATURE
		rhino-forge-2001.2.3-build.10.jar                 |Rhino                         |rhino                         |2001.2.3-build.10   |COMMON_SET|Manifest: NOSIGNATURE
		kubejs-forge-2001.6.5-build.16.jar                |KubeJS                        |kubejs                        |2001.6.5-build.16   |COMMON_SET|Manifest: NOSIGNATURE
		WhisperingSpirits-forge-1.20.1-v1.4.0.jar         |Whispering Spirits            |whispering_spirits            |1.4.0               |COMMON_SET|Manifest: NOSIGNATURE
		stop_placing_offhand_torches-alpha-0.1.0.jar      |Stop Placing Off-hand Torches |stop_placing_offhand_torches  |0.1.0               |COMMON_SET|Manifest: NOSIGNATURE
		rmh-forge-1.20.1-1.1.2.jar                        |Remove Mouseover Highlight    |rmh                           |1.1.2               |COMMON_SET|Manifest: NOSIGNATURE
		OctoLib-FORGE-0.5.0.1+1.20.1.jar                  |OctoLib                       |octolib                       |0.5.0.1             |COMMON_SET|Manifest: NOSIGNATURE
		cosycritters-0.3.3+1.20.1-forge.jar               |Cosy Critters & Creepy Crawlie|cosycritters                  |0.3.3               |COMMON_SET|Manifest: NOSIGNATURE
		ThirstyBottles-Forge-1.20.1-7.0.3.jar             |ThirstyBottles                |thirstybottles                |7.0.3               |COMMON_SET|Manifest: eb:c4:b1:67:8b:f9:0c:db:dc:4f:01:b1:8e:61:64:39:4c:10:85:0b:a6:c4:c7:48:f0:fa:95:f2:cb:08:3a:e5
		particlerain-4.0.0-beta.10+1.20.1-forge.jar       |Particle Rain                 |particlerain                  |4.0.0-beta.10       |COMMON_SET|Manifest: NOSIGNATURE
		tacz-1.20.1-1.1.8-hotfix.jar                      |Timeless & Classics Guns: Zero|tacz                          |1.1.8-hotfix        |COMMON_SET|Manifest: NOSIGNATURE
		autohud-8.7+1.20.1-forge.jar                      |Auto HUD                      |autohud                       |8.7                 |COMMON_SET|Manifest: NOSIGNATURE
		wscommands-2.0.0-forge-1.19-1.20.1.jar            |World Start Commands and Globa|wscommands                    |2.0.0               |COMMON_SET|Manifest: NOSIGNATURE
		fabric-resource-loader-v0-0.11.12+4b4151c077.jar  |Fabric Resource Loader (v0)   |fabric_resource_loader_v0     |0.11.12+4b4151c077  |COMMON_SET|Manifest: NOSIGNATURE
		map_atlases-1.20-6.0.20.jar                       |Map Atlases                   |map_atlases                   |1.20-6.0.20         |COMMON_SET|Manifest: NOSIGNATURE
		TRender-1.0.15-1.20.1-forge-SNAPSHOT.jar          |TRender                       |trender                       |1.0.15              |COMMON_SET|Manifest: NOSIGNATURE
		InvMove-0.9.3+1.20.1-Forge.jar                    |InvMove                       |invmove                       |0.9.3               |COMMON_SET|Manifest: NOSIGNATURE
		NoChatRestrictions-Forge-MC1.20.1-v1.0.0.jar      |No Chat Restrictions          |nochatrestrictions            |1.20.1-v1.0.0       |COMMON_SET|Manifest: NOSIGNATURE
		chloride-FORGE-mc1.20.1-v1.8.1.jar                |Chloride                      |chloride                      |1.8.1               |COMMON_SET|Manifest: NOSIGNATURE
		Clumps-forge-1.20.1-12.0.0.4.jar                  |Clumps                        |clumps                        |12.0.0.4            |COMMON_SET|Manifest: NOSIGNATURE
		comforts-forge-6.4.0+1.20.1.jar                   |Comforts                      |comforts                      |6.4.0+1.20.1        |COMMON_SET|Manifest: NOSIGNATURE
		fabric-mining-level-api-v1-2.1.52+561530ec77.jar  |Fabric Mining Level API (v1)  |fabric_mining_level_api_v1    |2.1.52+561530ec77   |COMMON_SET|Manifest: NOSIGNATURE
		DayCount-1.6.0-Forge-mc1.20.jar                   |Day Count                     |daycount                      |1.6.0-Forge-mc1.20  |COMMON_SET|Manifest: NOSIGNATURE
		configured-forge-1.20.1-2.2.3.jar                 |Configured                    |configured                    |2.2.3               |COMMON_SET|Manifest: 0d:78:5f:44:c0:47:0c:8c:e2:63:a3:04:43:d4:12:7d:b0:7c:35:37:dc:40:b1:c1:98:ec:51:eb:3b:3c:45:99
		essentialpatcher-1.20.1-Forge-1.0.5.jar           |Essential Patcher             |essentialpatcher              |1.0.5               |COMMON_SET|Manifest: NOSIGNATURE
		BadMobs-1.20.1-19.0.4.jar                         |BadMobs                       |badmobs                       |19.0.4              |COMMON_SET|Manifest: NOSIGNATURE
		bloodybits-2.0.2-1.20.1.jar                       |CravenCraft's Bloody Bits     |bloodybits                    |2.0.2-1.20.1        |COMMON_SET|Manifest: NOSIGNATURE
		bloodybitsfix-1.0.1.jar                           |Bloody Bits Fix               |bloodybitsfix                 |1.0.0               |COMMON_SET|Manifest: NOSIGNATURE
		Terralith_1.20.x_v2.5.4.jar                       |Terralith                     |terralith                     |2.5.4               |COMMON_SET|Manifest: NOSIGNATURE
		txnilib-forge-1.0.24-1.20.1.jar                   |TxniLib                       |txnilib                       |1.0.24              |COMMON_SET|Manifest: NOSIGNATURE
		experimentalsettingsdisabler-1.20.1-3.0.jar       |Experimental Settings Disabler|experimentalsettingsdisabler  |3.0                 |COMMON_SET|Manifest: NOSIGNATURE
		watut-forge-1.20.1-1.2.3.jar                      |What Are They Up To           |watut                         |1.20.1-1.2.3        |COMMON_SET|Manifest: NOSIGNATURE
		skinlayers3d-forge-1.11.2-mc1.20.1.jar            |3d-Skin-Layers                |skinlayers3d                  |1.11.2              |COMMON_SET|Manifest: NOSIGNATURE
		sscarekindled-1.1.0-1.20.1.jar                    |Some Spooky Cave Additions Rek|somespookycaveadditions       |1.1.0               |COMMON_SET|Manifest: NOSIGNATURE
		fabric-transitive-access-wideners-v1-4.3.2+1880499|Fabric Transitive Access Widen|fabric_transitive_access_widen|4.3.2+1880499877    |COMMON_SET|Manifest: NOSIGNATURE
		nyfsspiders-Forge-1.20.1-3.0.1.jar                |Nyf's Spiders                 |nyfsspiders                   |3.0.1               |COMMON_SET|Manifest: NOSIGNATURE
		moonlight-1.20-2.16.34-forge.jar                  |Moonlight Library             |moonlight                     |1.20-2.16.34        |COMMON_SET|Manifest: NOSIGNATURE
		minecraft_gore_edition-0.5-forge-1.20.1d.jar      |Gore Edition                  |gore_edition                  |0.5                 |COMMON_SET|Manifest: NOSIGNATURE
		fabric-blockrenderlayer-v1-1.1.42+1d0da21e77.jar  |Fabric BlockRenderLayer Regist|fabric_blockrenderlayer_v1    |1.1.42+1d0da21e77   |COMMON_SET|Manifest: NOSIGNATURE
		mixinsquared-forge-0.3.6-beta.1.jar               |MixinSquared                  |mixinsquared                  |0.3.6-beta.1        |COMMON_SET|Manifest: NOSIGNATURE
		visual_keybinder-1.20.1 - 0.1.12.jar              |Raw's Visual Keybinder        |visual_keybinder              |1.20.1 - 0.1.12     |COMMON_SET|Manifest: NOSIGNATURE
		CreativeCore_FORGE_v2.12.39_mc1.20.1.jar          |CreativeCore                  |creativecore                  |2.12.39             |COMMON_SET|Manifest: NOSIGNATURE
		ThisRocks-1.20.1-1.5.1.jar                        |This Rocks! (Forge)           |rocks                         |1.5.1               |COMMON_SET|Manifest: NOSIGNATURE
		Sounds-2.2.1+1.20.1+forge.jar                     |Sounds                        |sounds                        |2.2.1+1.20.1+forge  |COMMON_SET|Manifest: NOSIGNATURE
		cavedust-2.0.4-1.20.1-forge.jar                   |Cave Dust                     |cavedust                      |2.0.4               |COMMON_SET|Manifest: NOSIGNATURE
		VoidFog-1.20.1-2.0.23.jar                         |VoidFog                       |voidfog                       |1.20.1-2.0.23       |COMMON_SET|Manifest: NOSIGNATURE
		DefaultWorldType-1.20.1-4.0.5.jar                 |Default World Type            |defaultworldtype              |1.20.1-4.0.5        |COMMON_SET|Manifest: NOSIGNATURE
		FastWorkbench-1.20.1-8.0.4.jar                    |Fast Workbench                |fastbench                     |8.0.4               |COMMON_SET|Manifest: NOSIGNATURE
		and_there_was_only_one_bed-1.20.1-1.0.jar         |And There Was Only One Bed    |and_there_was_only_one_bed    |1.20.1-1.0          |COMMON_SET|Manifest: NOSIGNATURE
		mnightmares-1.0+forge.1.20.1.jar                  |Midnight Nightmares           |mnightmares                   |1.0+forge.1.20.1    |COMMON_SET|Manifest: NOSIGNATURE
		fabric-biome-api-v1-13.0.14+dc36698e77.jar        |Fabric Biome API (v1)         |fabric_biome_api_v1           |13.0.14+dc36698e77  |COMMON_SET|Manifest: NOSIGNATURE
		fancymenu_forge_3.8.1_MC_1.20.1.jar               |FancyMenu                     |fancymenu                     |3.8.1               |COMMON_SET|Manifest: NOSIGNATURE
		coroutil-forge-1.20.1-1.3.7.jar                   |CoroUtil                      |coroutil                      |1.20.1-1.3.7        |COMMON_SET|Manifest: NOSIGNATURE
		alexsdelight-1.5.jar                              |Alex's Delight                |alexsdelight                  |1.5                 |COMMON_SET|Manifest: NOSIGNATURE
		ferritecore-6.0.1-forge.jar                       |Ferrite Core                  |ferritecore                   |6.0.1               |COMMON_SET|Manifest: 41:ce:50:66:d1:a0:05:ce:a1:0e:02:85:9b:46:64:e0:bf:2e:cf:60:30:9a:fe:0c:27:e0:63:66:9a:84:ce:8a
		yet_another_config_lib_v3-3.6.6+1.20.1-forge.jar  |YetAnotherConfigLib           |yet_another_config_lib_v3     |3.6.6+1.20.1-forge  |COMMON_SET|Manifest: NOSIGNATURE
		the_masked-5.2.0-1.20.1.jar                       |The Masked                    |the_masked                    |5.2.0               |COMMON_SET|Manifest: NOSIGNATURE
		justzoom_forge_2.1.1_MC_1.20.1.jar                |Just Zoom                     |justzoom                      |2.1.1               |COMMON_SET|Manifest: NOSIGNATURE
		the_knocker-1.5.2-forge-1.20.1.jar                |The Knocker                   |the_knocker                   |1.5.2               |COMMON_SET|Manifest: NOSIGNATURE
		packetfixer-3.3.2-1.18-1.20.4-merged.jar          |PacketFixer                   |packetfixer                   |3.3.2               |COMMON_SET|Manifest: NOSIGNATURE
		BadOptimizations-2.4.1-1.20.1.jar                 |BadOptimizations              |badoptimizations              |2.4.1               |COMMON_SET|Manifest: NOSIGNATURE
		simpleradio-forge-1.20.1-4.5.7.9.jar              |Simple Radio                  |simpleradio                   |1.20.1-4.5.7.9      |COMMON_SET|Manifest: NOSIGNATURE
		paranormal_activity-1.3.1-1.20.1.jar              |Paranormal Activity           |paranormal_activity           |1.3.1               |COMMON_SET|Manifest: NOSIGNATURE
		fabric-data-generation-api-v1-12.3.7+369cb3a477.ja|Fabric Data Generation API (v1|fabric_data_generation_api_v1 |12.3.7+369cb3a477   |COMMON_SET|Manifest: NOSIGNATURE
		fabric-events-interaction-v0-0.6.5+0f26153f77.jar |Fabric Events Interaction (v0)|fabric_events_interaction_v0  |0.6.5+0f26153f77    |COMMON_SET|Manifest: NOSIGNATURE
		PresenceFootsteps-1.20.1-1.9.1-beta.1.jar         |Presence Footsteps (Forge)    |presencefootsteps             |1.20.1-1.9.1-beta.1 |COMMON_SET|Manifest: NOSIGNATURE
	Crash Report UUID: b7e99e84-0ce2-4efc-b75b-6ad3acb1b226
	FML: 47.4
	Forge: net.minecraftforge:47.4.15
	Kiwi Modules: 
		kiwi:contributors
		kiwi:data
		snowrealmagic:core
[10:47:08] [Render thread/FATAL]: Preparing crash report with UUID d170a2ec-9bf3-4260-8b60-1a2f64ce3816
[10:47:08] [Render thread/INFO]: [net.minecraft.server.Bootstrap:m_135875_:151]: #@!@# Game crashed! Crash report saved to: #@!@# /Users/bowieconnors/Documents/GitHub/Instances/The-Forest---Development/crash-reports/crash-2026-08-14_10.47.08-client.txt
[10:47:08] [Thread-21/INFO]: Sound of Rain is evaporating...
